<?xml version='1.0' encoding='UTF-8'?>
<song xmlns="http://openlyrics.info/namespace/2009/song" version="0.8" createdIn="OpenLP 2.2.1" modifiedIn="OpenLP 2.2.1" modifiedDate="2016-02-21T21:53:43">
  <properties>
    <titles>
      <title> CC 044 - A LINDA HISTÓRIA</title>
    </titles>
    <authors>
      <author>CANTOR CRISTÃO</author>
    </authors>
  </properties>
  <lyrics>
    <verse name="v1">
      <lines>CANTAREI A LINDA HISTÓRIA<br/>DE JESUS, O SALVADOR,<br/>QUE DEIXOU SEU LAR NA GLÓRIA<br/>PRA SALVAR O PECADOR.</lines>
    </verse>
    <verse name="v2">
      <lines>EU PERDI-ME E ELE ACHOU-ME,<br/>LONGE, LONGE DO MEU LAR;<br/>ABRAÇOU-ME ENTÃO, TOMOU-ME<br/>PRA COM ELE EU IR MORAR.</lines>
    </verse>
    <verse name="v3">
      <lines>JESUS CRISTO DEPAROU-ME<br/>QUANDO FRACO, PRA MORRER;<br/>AS FERIDAS ELE UNTOU-ME<br/>E LIVROU-ME COM PODER.</lines>
    </verse>
    <verse name="v4">
      <lines>DIAS NEGROS INDA TENHO,<br/>SOFRIMENTO E DISSABOR;<br/>MAS A ELE EU TUDO EXPONHO,<br/>E ME LIVRA COM AMOR.</lines>
    </verse>
    <verse name="v5">
      <lines>CANTAREI A LINDA HISTÓRIA<br/>   DE JESUS, MEU SALVADOR;<br/>   CANTAREI A SUA GLÓRIA<br/>   COM OS SANTOS, COM FERVOR.</lines>
    </verse>
  </lyrics>
</song>
