<?xml version='1.0' encoding='UTF-8'?>
<song xmlns="http://openlyrics.info/namespace/2009/song" version="0.8" createdIn="OpenLP 2.2.1" modifiedIn="OpenLP 2.2.1" modifiedDate="2016-02-21T21:53:46">
  <properties>
    <titles>
      <title> CC 064 - JUBILOSO</title>
    </titles>
    <authors>
      <author>CANTOR CRISTÃO</author>
    </authors>
  </properties>
  <lyrics>
    <verse name="v1">
      <lines>DESPERTA JÁ, MEU CORAÇÃO,<br/>FAZ TUA VOZ SOAR;<br/>LOUVORES AO TEU RENDENTOR<br/>NÃO CESSES DE CANTAR,<br/>POIS TE REMIU, EM UMA CRUZ,<br/>DOS VIS PECADOS TEUS,<br/>E COM SEU SANGUE TE COMPROU<br/>A DOCE PAZ DOS CÉUS.</lines>
    </verse>
    <verse name="v2">
      <lines>DESPERTA JÁ, MEU CORAÇÃO,<br/>   DESPERTA, SIM, PARA ENTOAR<br/>   CANÇÕES SEM FIM À REDENÇÃO,<br/>   DE DEUS O AMOR CANTAR!</lines>
    </verse>
    <verse name="v3">
      <lines>REMIDO ESTOU; MEU DEUS, MEU REI,<br/>ME DEU A SALVAÇÃO<br/>E ME LIVROU DO VIL PODER<br/>DA NEGRA TENTAÇÃO.<br/>TÃO GRANDE AMOR NÃO PAGAREI,<br/>NÃO PAGAREI JAMAIS;<br/>POIS NESSA GRAÇA AINDA VOU<br/>TER GOZOS DIVINAIS!</lines>
    </verse>
    <verse name="v4">
      <lines>Ó! SANTO AMOR, SUBLIME AMOR,<br/>QUE OS ANJOS LÁ NOS CÉUS<br/>NÃO TÊM PODER DE AQUILATAR,<br/>O ETERNO AMOR DE DEUS!<br/>TUDO ELE FAZ RESPLANDECER,<br/>A TUDO DÁ VIGOR;<br/>Ó CÉUS, Ó MAR, Ó VASTIDÃO,<br/>LOUVAI O DEUS DE AMOR!</lines>
    </verse>
  </lyrics>
</song>
