<?xml version='1.0' encoding='UTF-8'?>
<song xmlns="http://openlyrics.info/namespace/2009/song" version="0.8" createdIn="OpenLP 2.2.1" modifiedIn="OpenLP 2.2.1" modifiedDate="2017-01-22T22:41:54">
  <properties>
    <titles>
      <title> CC 008 - ADORAÇÃO</title>
    </titles>
    <authors>
      <author>CANTOR CRISTÃO</author>
    </authors>
  </properties>
  <lyrics>
    <verse name="v1">
      <lines>A DEUS, SUPREMO BENFEITOR,<br/>VÓS ANJOS E HOMENS <br/>DAÍ LOUVOR;<br/>A DEUS O FILHO, <br/>A DEUS O PAI,<br/>A DEUS ESPÍRITO <br/>GLÓRIA DAI.</lines>
    </verse>
    <verse name="v2">
      <lines>A DEUS, SUPREMO BENFEITOR,<br/>VÓS ANJOS E HOMENS <br/>DAÍ LOUVOR;<br/>A DEUS O FILHO, <br/>A DEUS O PAI,<br/>A DEUS ESPÍRITO <br/>GLÓRIA DAI!!!</lines>
    </verse>
  </lyrics>
</song>
