<?xml version='1.0' encoding='UTF-8'?>
<song xmlns="http://openlyrics.info/namespace/2009/song" version="0.8" createdIn="OpenLP 2.2.1" modifiedIn="OpenLP 2.2.1" modifiedDate="2016-02-21T21:53:51">
  <properties>
    <titles>
      <title> CC 095 - VITÓRIA DO REJEITADO</title>
    </titles>
    <authors>
      <author>CANTOR CRISTÃO</author>
    </authors>
  </properties>
  <lyrics>
    <verse name="v1">
      <lines>JESUS É REJEITADO,<br/>O MUNDO NÃO O QUER;<br/>RECUSA, COM ORGULHO,<br/>SEU REI RECONHECER;<br/>MAS EIS QUE VEM GLORIOSO<br/>DO SEU CELESTE LAR,<br/>PARA LOGO COM PODER AQUI REINAR!</lines>
    </verse>
    <verse name="v2">
      <lines>LOGO VEM O DIA ETERNO<br/>   DA SUA EXALTAÇÃO!<br/>   VEM, SIM, PARA O LIVRAMENTO<br/>   DE TODA A CRIAÇÃO.<br/>   OH, QUE CANTO DE VITÓRIA<br/>   ENTÃO HÁ DE SOAR,<br/>   QUANDO CRISTO, TRIUNFANTE, AQUI REINAR!</lines>
    </verse>
    <verse name="v3">
      <lines>O SOL AO MEIO-DIA<br/>NÃO TEM O RESPLENDOR<br/>QUAL HÁ DE TER A IGREJA<br/>NA VINDA DO SENHOR;<br/>EIS QUE DO ESPOSO AS JÓIAS<br/>A NOIVA HÁ DE OSTENTAR,<br/>QUANDO CRISTO, TRIUNFANTE, AQUI REINAR!</lines>
    </verse>
    <verse name="v4">
      <lines>JÁ TEMOS PRIVILÉGIO<br/>DE PELA FÉ PREVER<br/>A DIVINAL HERANÇA<br/>QUE VAMOS RECEBER.<br/>A DOR E O SOFRIMENTO<br/>JAMAIS TERÃO LUGAR,<br/>QUANDO CRISTO, TRIUNFANTE, AQUI REINAR!</lines>
    </verse>
  </lyrics>
</song>
