<?xml version='1.0' encoding='UTF-8'?>
<song xmlns="http://openlyrics.info/namespace/2009/song" version="0.8" createdIn="OpenLP 2.2.1" modifiedIn="OpenLP 2.2.1" modifiedDate="2016-02-21T21:43:09">
  <properties>
    <titles>
      <title> CC 016 - VINDE ADORAR</title>
    </titles>
    <authors>
      <author>CANTOR CRISTÃO</author>
    </authors>
  </properties>
  <lyrics>
    <verse name="v1">
      <lines>OH! VINDE ADORAR O EXCELSO E BOM DEUS,<br/>ETERNO SENHOR DA TERRA E DOS CÉUS,<br/>QUE REINA, SUPREMO, ENVOLTO NA LUZ,<br/>E QUE SE REVELA EM CRISTO JESUS!</lines>
    </verse>
    <verse name="v2">
      <lines>SEU GRANDE PODER DEVEIS CONTEMPLAR<br/>NO BRILHO DO CÉU, NA TERRA E NO MAR;<br/>AS GOTAS DE ORVALHO, SIM, TODA FLOR,<br/>PROCLAMAM CONSTANTES SEU GRANDE AUTOR.</lines>
    </verse>
  </lyrics>
</song>
