<?xml version='1.0' encoding='UTF-8'?>
<song xmlns="http://openlyrics.info/namespace/2009/song" version="0.8" createdIn="OpenLP 2.2.1" modifiedIn="OpenLP 2.2.1" modifiedDate="2017-01-15T22:10:08">
  <properties>
    <titles>
      <title> CC 089 - O PODER DO SANGUE</title>
    </titles>
    <verseOrder>v1 c1 v2 c1 v3 c1 v4 c2</verseOrder>
    <authors>
      <author>CANTOR CRISTÃO</author>
    </authors>
  </properties>
  <lyrics>
    <verse name="v1">
      <lines>DO TEU PECADO TE QUERES LIVRAR<br/>SEU SANGUE TEM PODER, SIM TEM PODER.<br/>ALMEJAS TU DO MALIGNO ESCAPAR?<br/>SEU SANGUE TEM ESTE PODER.</lines>
    </verse>
    <verse name="c1">
      <lines>HÁ PODER, SIM, FORÇA SEM IGUAL,<br/>   SÓ NO SANGUE DE JESUS;<br/>   HÁ PODER, SIM, PROVA-O, PECADOR,<br/>   OH, ACEITA O DOM DE JESUS!</lines>
    </verse>
    <verse name="v2">
      <lines>QUERES COM TUA VAIDADE ACABAR?<br/>SEU SANGUE HÁ PODER, SIM, TEM PODER.<br/>VÍCIOS, PAIXÕES, QUERES TU DOMINAR?<br/>SEU SANGUE TEM ESTE PODER.</lines>
    </verse>
    <verse name="v3">
      <lines>TEU CORAÇÃO QUERES PURIFICAR?<br/>SEU SANGUE TEM PODER, SIM, TEM PODER.<br/>TODAS AS MANCHAS TE PODE TIRAR;<br/>SEU SANGUE TEM ESTE PODER.</lines>
    </verse>
    <verse name="v4">
      <lines>QUERES ENTRAR NO SERVIÇO REAL?<br/>SEU SANGUE TEM PODER, SIM, TEM PODER.<br/>QUERES TEMBÉM SER UM SERVO LEAL?<br/>TERÁS NO SEU SANGUE O PODER!</lines>
    </verse>
    <verse name="c2">
      <lines>HÁ PODER, SIM, FORÇA SEM IGUAL,<br/>   SÓ NO SANGUE DE JESUS;<br/>   HÁ PODER, SIM, PROVA-O, PECADOR,<br/>   OH, ACEITA O DOM DE JESUS!!!</lines>
    </verse>
  </lyrics>
</song>
