<?xml version='1.0' encoding='UTF-8'?>
<song xmlns="http://openlyrics.info/namespace/2009/song" version="0.8" createdIn="OpenLP 2.2.1" modifiedIn="OpenLP 2.2.1" modifiedDate="2016-02-21T21:53:50">
  <properties>
    <titles>
      <title> CC 088 - QUE FAZES POR MIM</title>
    </titles>
    <authors>
      <author>CANTOR CRISTÃO</author>
    </authors>
  </properties>
  <lyrics>
    <verse name="v1">
      <lines>DAS GLÓRIAS ETERNAIS<br/>AO MUNDO VIL DESCI;<br/>A SORTE EU ASSUMI<br/>DOS MÍSEROS MORTAIS;<br/>E TUDO FOI POR TI,<br/>QUE FAZES TU POR MIM?</lines>
    </verse>
    <verse name="v2">
      <lines>MEU SANGUE DERRAMEI,<br/>E, NO SOFRER CRUEL,<br/>BEBI VINAGRE E FEL;<br/>NA CRUZ EU EXPIREI;<br/>E TUDO FOI POR TI,<br/>QUE SOFRES TU POR MIM?</lines>
    </verse>
    <verse name="v3">
      <lines>PRA DAR-TE A SALVAÇÃO<br/>SOFRI, PENEI, MORRI;<br/>TEU SUBSTITUTO FUI<br/>EM DURA ESCRAVIDÃO;<br/>E TUDO FOI POR TI,<br/>QUE DESTE TU POR MIM?</lines>
    </verse>
    <verse name="v4">
      <lines>DO PAI CELESTIAL<br/>COMPLETA REDENÇÃO,<br/>A ETERNA SALVAÇÃO,<br/>A DITA PERENAL<br/>TE DOU DE GRAÇA A TI;<br/>NÃO TEMAS, VEM A MIM.</lines>
    </verse>
  </lyrics>
</song>
