<?xml version='1.0' encoding='UTF-8'?>
<song xmlns="http://openlyrics.info/namespace/2009/song" version="0.8" createdIn="OpenLP 2.2.1" modifiedIn="OpenLP 2.2.1" modifiedDate="2016-02-21T21:53:42">
  <properties>
    <titles>
      <title> CC 038 - DIVINO AMOR</title>
    </titles>
    <authors>
      <author>CANTOR CRISTÃO</author>
    </authors>
  </properties>
  <lyrics>
    <verse name="v1">
      <lines>QUEM PODE O TEU IMENSO AMOR CONTAR,<br/>O SALVADOR JESUS, E ESQUADRINHAR<br/>SEUS ALICERCES NO DIVINO SER,<br/>SUA EXTENSÃO OU SUA ALTURA VER?<br/>AMOR SEM FIM!</lines>
    </verse>
    <verse name="v2">
      <lines>QUEM PODE AMOR TÃO VASTO COMPREENDER?<br/>POIS NEM O CÉU O PÔDE, ENFIM, CONTER.<br/>FOI NESTE MUNDO QUE SE REVELOU:<br/>JESUS SOFRENDO SOBRE A CRUZ MOSTROU<br/>DIVINO AMOR.</lines>
    </verse>
    <verse name="v3">
      <lines>QUEM PODE DAR ADORAÇÃO CAPAZ<br/>A TI, QUE, SEM LIMITE, AMOR NOS DÁS?<br/>A PAR DO QUAL O PARCIAL LOUVOR<br/>QUE TEMOS DADO AO NOSSO SALVADOR<br/>PARECE VÃO.</lines>
    </verse>
    <verse name="v4">
      <lines>MAS SEMPRE NOS ENSINA O TEU AMOR<br/>QUE, EMBORA FRACOS, TEMOS NO SENHOR<br/>A FONTE INESGOTÁVEL DE AFEIÇÃO,<br/>QUE SABE A VOZ DO NOSSO CORAÇÃO<br/>APRECIAR.</lines>
    </verse>
  </lyrics>
</song>
