<?xml version='1.0' encoding='UTF-8'?>
<song xmlns="http://openlyrics.info/namespace/2009/song" version="0.8" createdIn="OpenLP 2.2.1" modifiedIn="OpenLP 2.2.1" modifiedDate="2016-02-21T21:53:51">
  <properties>
    <titles>
      <title> CC 092 - SUBSTITUIÇÃO</title>
    </titles>
    <authors>
      <author>CANTOR CRISTÃO</author>
    </authors>
  </properties>
  <lyrics>
    <verse name="v1">
      <lines>MORRI NA CRUZ POR TI,<br/>MORRI PRA TE LIVRAR;<br/>MEU SANGUE, SIM, VERTI,<br/>E POSSO TE SALVAR.</lines>
    </verse>
    <verse name="v2">
      <lines>AQUI VIVI POR TI,<br/>COM MUITO DISSABOR;<br/>SIM, TUDO FIZ AQUI,<br/>PRA SER TEU SALVADOR.</lines>
    </verse>
    <verse name="v3">
      <lines>SOFRI NA CRUZ POR TI,<br/>A FIM DE TE SALVAR;<br/>A VIDA CONSEGUI,<br/>QUE TU IRÁS GOZAR.</lines>
    </verse>
    <verse name="v4">
      <lines>EU TROUXE SALVAÇÃO,<br/>DOS ALTOS CÉUS, FAVOR;<br/>É LIVRE MEU PERDÃO;<br/>SINCERO, MEU AMOR.</lines>
    </verse>
    <verse name="c1">
      <lines>MORRI, MORRI NA CRUZ POR TI;<br/>QUE FAZES TU POR MIM?</lines>
    </verse>
    <verse name="c2">
      <lines>MORRI, MORRI NA CRUZ POR TI;<br/>QUE FAZES TU POR MIM?</lines>
    </verse>
  </lyrics>
</song>
