<?xml version='1.0' encoding='UTF-8'?>
<song xmlns="http://openlyrics.info/namespace/2009/song" version="0.8" createdIn="OpenLP 2.2.1" modifiedIn="OpenLP 2.2.1" modifiedDate="2016-02-21T21:43:10">
  <properties>
    <titles>
      <title> CC 020 - AMOR PERENE</title>
    </titles>
    <authors>
      <author>CANTOR CRISTÃO</author>
    </authors>
  </properties>
  <lyrics>
    <verse name="v1">
      <lines>AMAVAS-ME, SENHOR, NÃO TENDO A LUZ AINDA<br/>SURGINDO LÁ NOS CÉUS, AO MANDO CRIADOR;<br/>NEM MESMO O SOL, NA AURORA ESPLENDOROSA E LINDA,<br/>À TERRA DAVA FORÇA FECUNDANTE, INFINDA.<br/>MEU DEUS, QUE AMOR!<br/>MEU DEUS, QUE ANTIGO AMOR!</lines>
    </verse>
    <verse name="v2">
      <lines>AMAVAS-ME, SENHOR, NO TEMPO EM QUE IMOLADO<br/>FOI NUMA CRUZ SANGRENTA O MEIGO SALVADOR,<br/>LEVANDO SOBRE SI, SIM, TODO O MEU PECADO,<br/>O SANTO DE ISRAEL, O TEU CORDEIRO AMADO.<br/>MEU DEUS, QUE AMOR!<br/>MEU DEUS, QUE IMENSO AMOR!</lines>
    </verse>
    <verse name="v3">
      <lines>AMAVAS-ME, SENHOR! NO FUNDO DE MEU PEITO<br/>BRILHOU A DOCE LUZ DO MEU CONSOLADOR,<br/>E COM PROMESSAS MIL DE TEU AMOR PERFEITO,<br/>NASCEU EM MIM A FÉ EM QUE HOJE ME DELEITO.<br/>MEU DEUS, QUE AMOR!<br/>MEU DEUS, ÉS TODO AMOR!</lines>
    </verse>
    <verse name="v4">
      <lines>A MIM SEMPRE HÁS DE AMAR! POIS QUE JAMAIS O INFERNO<br/>E O MUNDO PODERÃO AO TEU QUERER SE OPOR,<br/>AO TEU DECRETO, Ó REI, AO TEU DECRETO ETERNO,<br/>AO TEU AMOR, Ó PAI, AO TEU AMOR SUPERNO!<br/>MEU DEUS, QUE AMOR!<br/>ÉS SEMPRE, SEMPRE AMOR!</lines>
    </verse>
  </lyrics>
</song>
