<?xml version='1.0' encoding='UTF-8'?>
<song xmlns="http://openlyrics.info/namespace/2009/song" version="0.8" createdIn="OpenLP 2.2.1" modifiedIn="OpenLP 2.2.1" modifiedDate="2016-02-21T21:53:45">
  <properties>
    <titles>
      <title> CC 055 - HOSANA NAS ALTURAS</title>
    </titles>
    <authors>
      <author>CANTOR CRISTÃO</author>
    </authors>
  </properties>
  <lyrics>
    <verse name="v1">
      <lines>BENDITO O REI QUE VEM EM NOME DO SENHOR,<br/>               A QUEM NÓS ESPERAMOS,<br/>               AO QUAL NÓS ADORAMOS!<br/>BENDITO O REI QUE VEM EM NOME DO SENHOR!<br/>HOSANA! HOSANA! HOSANA NAS ALTURAS! (BIS)<br/>OS SEUS GLORIOSOS FEITOS CELEBRAI COM FERVOR!<br/>               EM TODO O VALE SOA<br/>               NOVA PRA NÓS TÃO BOA!<br/>BENDITO O REI QUE VEM EM NOME DO SENHOR!</lines>
    </verse>
    <verse name="v2">
      <lines>BENDITO O REI QUE VEM EM NOME DO SENHOR!<br/>               OH, RENDAM-LHE LOUVORES,<br/>               A CRISTO EM SEUS FULGORES!<br/>BENDITO O REI QUE VEM EM NOME DO SENHOR!<br/>HOSANA! HOSANA! HOSANA NAS ALTURAS! (BIS)<br/>OH, VINDE TODOS A JESUS, O REI, SALVADOR!<br/>               TODOS COM ALEGRIA,<br/>               VOZES EM HARMONIA!<br/>BENDITO O REI QUE VEM EM NOME DO SENHOR!</lines>
    </verse>
    <verse name="v3">
      <lines>BENDITO O REI QUE VEM EM NOME DO SENHOR!<br/>                 SIM, VEM TÃO MAJESTOSO,<br/>                 JESUS, O REI BONDOSO!<br/>BENDITO O REI QUE VEM EM NOME DO SENHOR!<br/>HOSANA! HOSANA! HOSANA NAS ALTURAS! (BIS)<br/>O SALVADOR SEU POVO CHAMA A SI COM AMOR!<br/>                 VENHAM OS PEQUENINOS!<br/>                 VENHAM JÁ OS MENINOS!<br/>BENDITO O REI QUE VEM EM NOME DO SENHOR!</lines>
    </verse>
  </lyrics>
</song>
