<?xml version='1.0' encoding='UTF-8'?>
<song xmlns="http://openlyrics.info/namespace/2009/song" version="0.8" createdIn="OpenLP 2.2.1" modifiedIn="OpenLP 2.2.1" modifiedDate="2016-05-29T13:25:27">
  <properties>
    <titles>
      <title> CC 083 - A CRUZ DE CRISTO</title>
    </titles>
    <verseOrder>v1 c1 v2 c1 v3 c1 v4 c1</verseOrder>
    <authors>
      <author>CANTOR CRISTÃO</author>
    </authors>
  </properties>
  <lyrics>
    <verse name="v1">
      <lines>PENDURADO FOSTE, Ó SENHOR JESUS,<br/>NUMA CRUZ, EXPOSTO AO DESPREZO, ASSIM,<br/>CENA QUE A PENSAR MUITA GENTE INDUZ;<br/>SOFRESTE TANTO, CREIO, FOI POR MIM!</lines>
    </verse>
    <verse name="c1">
      <lines>TU, JESUS, VIESTE ME SALVAR.<br/>TU, JESUS, VIESTE ME SALVAR.<br/>EU CONFIO EM TI,<br/>TEU AMOR SENTI,<br/>SOFRESTE TANTO, CREIO, FOI POR MIM!</lines>
    </verse>
    <verse name="v2">
      <lines>SANGUE TU VERTESTE PRA ME SALVAR,<br/>DESTE TUA VIDA, MEU REDENTOR.<br/>CERTO ESTOU, FOI TUDO EM ME RESGATAR;<br/>SOFRESTE TANTO, CREIO, MEU SENHOR!</lines>
    </verse>
    <verse name="v3">
      <lines>TUA MORTE VEIO ME LIBERTAR;<br/>GRANDE FOI O PESO DE TAL PAIXÃO.<br/>TEU AMOR, OH, QUEM PODERÁ SONDAR?!<br/>SOFRESTE, CREIO, EM TUA COMPAIXÃO!</lines>
    </verse>
    <verse name="v4">
      <lines>TODA A MALDIÇÃO DO PECADO MEU<br/>TU LEVASTE, POIS, SOBRE TI, SENHOR.<br/>GOZO PAZ, TORNEI-ME UM HERDEIRO TEU,<br/>SOFRESTE TUDO, CREIO, PELO AMOR!</lines>
    </verse>
  </lyrics>
</song>
