<?xml version='1.0' encoding='UTF-8'?>
<song xmlns="http://openlyrics.info/namespace/2009/song" version="0.8" createdIn="OpenLP 2.2.1" modifiedIn="OpenLP 2.2.1" modifiedDate="2016-02-21T21:53:42">
  <properties>
    <titles>
      <title> CC 040 - AMOR DE CRISTO</title>
    </titles>
    <authors>
      <author>CANTOR CRISTÃO</author>
    </authors>
  </properties>
  <lyrics>
    <verse name="v1">
      <lines>QUAL GRANDE VAGA<br/>DE UM IMENSO MAR,<br/>VEM O AMOR DE CRISTO<br/>MINHA ALMA TRANSBORDAR.</lines>
    </verse>
  </lyrics>
</song>
