<?xml version='1.0' encoding='UTF-8'?>
<song xmlns="http://openlyrics.info/namespace/2009/song" version="0.8" createdIn="OpenLP 2.2.1" modifiedIn="OpenLP 2.2.1" modifiedDate="2016-02-21T21:43:12">
  <properties>
    <titles>
      <title> CC 034 - PLENA GRAÇA</title>
    </titles>
    <authors>
      <author>CANTOR CRISTÃO</author>
    </authors>
  </properties>
  <lyrics>
    <verse name="v1">
      <lines>PLENA GRAÇA PARA ME SALVAR,<br/>SANGUE PURO PARA ME LAVAR<br/>E PODER PRA SEMPRE ME GUARDAR<br/>TEM MEU SENHOR.</lines>
    </verse>
  </lyrics>
</song>
