<?xml version='1.0' encoding='UTF-8'?>
<song xmlns="http://openlyrics.info/namespace/2009/song" version="0.8" createdIn="OpenLP 2.2.1" modifiedIn="OpenLP 2.2.1" modifiedDate="2016-02-21T21:53:45">
  <properties>
    <titles>
      <title> CC 056 - REI DA GLÓRIA</title>
    </titles>
    <authors>
      <author>CANTOR CRISTÃO</author>
    </authors>
  </properties>
  <lyrics>
    <verse name="v1">
      <lines>A JESUS, O REI DA GLÓRIA,<br/>HINOS DE LOUVOR CANTAI;<br/>AOS SEUS PÉS, HUMILDEMENTE,<br/>SEU PODER, POIS, EXALTAI.<br/>PERDOADOS, RESGATADOS,<br/>SUA GLÓRIA PROCLAMAI!</lines>
    </verse>
    <verse name="v2">
      <lines>SEU PERDÃO E SUA GRAÇA<br/>AOS PERDIDOS DISPENSOU;<br/>TÃO PACIENTE E MUI BONDOSO<br/>AOS REBELDES SE MOSTROU;<br/>LIBERTOU-OS, TRANSFORMOU-OS,<br/>DOS CASTIGOS OS SALVOU!</lines>
    </verse>
    <verse name="v3">
      <lines>NOSSAS TENTAÇÕES CONHECE,<br/>POIS SATÃ O QUIS VENCER;<br/>TRIUNFANTE, CRISTO AGORA<br/>AOS TENTADOS QUER VALER.<br/>PODEROSO E TÃO BONDOSO,<br/>ELE PODE SOCORRER!</lines>
    </verse>
    <verse name="v4">
      <lines>CONTEMPLANDO SUA FACE,<br/>Ó REMIDOS, O ADORAI!<br/>DEDICADOS, CONSAGRADOS,<br/>SUA FAMA PUBLICAI.<br/>OH, LOUVAI-O, EXALTAI-O,<br/>SEU AMOR ANUNCIAI!</lines>
    </verse>
  </lyrics>
</song>
