<?xml version='1.0' encoding='UTF-8'?>
<song xmlns="http://openlyrics.info/namespace/2009/song" version="0.8" createdIn="OpenLP 2.2.1" modifiedIn="OpenLP 2.2.1" modifiedDate="2017-01-22T22:41:04">
  <properties>
    <titles>
      <title> CC 003 - LOUVOR AO SENHOR</title>
    </titles>
    <authors>
      <author>CANTOR CRISTÃO</author>
    </authors>
  </properties>
  <lyrics>
    <verse name="v1">
      <lines>Ó GRATOS AO SENHOR,<br/>AO VOSSO REI LOUVAI;<br/>COM ALEGRIA E COM FERVOR,<br/>COM ALEGRIA E COM FERVOR, <br/>SEU CULTO CELEBRAI!<br/>SEU CULTO CELEBRAI!</lines>
    </verse>
    <verse name="v2">
      <lines>A ELE PERTENCEM<br/>BÊNÇÃO E SABEDORIA,<br/>SIM, GLÓRIA E SOBERANIA,<br/>AGORA E PRA SEMPRE, SEM FIM.</lines>
    </verse>
    <verse name="v3">
      <lines>Ó GRATOS AO SENHOR,<br/>AO VOSSO REI LOUVAI;<br/>COM ALEGRIA E COM FERVOR,<br/>COM ALEGRIA E COM FERVOR, <br/>SEU CULTO CELEBRAI!<br/>SEU CULTO CELEBRAI!</lines>
    </verse>
    <verse name="v4">
      <lines>A ELE PERTENCEM<br/>BÊNÇÃO E SABEDORIA,<br/>SIM, GLÓRIA E SOBERANIA,<br/>AGORA E PRA SEMPRE, SEM FIM!!!</lines>
    </verse>
  </lyrics>
</song>
