<?xml version='1.0' encoding='UTF-8'?>
<song xmlns="http://openlyrics.info/namespace/2009/song" version="0.8" createdIn="OpenLP 2.2.1" modifiedIn="OpenLP 2.2.1" modifiedDate="2016-02-21T21:43:08">
  <properties>
    <titles>
      <title> CC 013 - ADORAÇÃO A DEUS</title>
    </titles>
    <authors>
      <author>CANTOR CRISTÃO</author>
    </authors>
  </properties>
  <lyrics>
    <verse name="v1">
      <lines>BENDIGAM A DEUS,<br/>GLORIOSO SENHOR,<br/>E COM GRATIDÃO<br/>LHE RENDAM LOUVOR;<br/>AMIGO DOS HOMENS,<br/>FIEL DEFENSOR,<br/>QUE OS GUARDA SEGUROS<br/>NO SEU MPLO AMOR.</lines>
    </verse>
  </lyrics>
</song>
