<?xml version='1.0' encoding='UTF-8'?>
<song xmlns="http://openlyrics.info/namespace/2009/song" version="0.8" createdIn="OpenLP 2.2.1" modifiedIn="OpenLP 2.2.1" modifiedDate="2016-02-21T21:53:47">
  <properties>
    <titles>
      <title> CC 071 - AMIGO ETERNO</title>
    </titles>
    <authors>
      <author>CANTOR CRISTÃO</author>
    </authors>
  </properties>
  <lyrics>
    <verse name="v1">
      <lines>IRMÃOS, TODOS JUNTOS LOUVEMOS<br/>A CRISTO JESUS, NOSSO DEUS,<br/>POIS MUITOS TÊM SIDO OS FAVORES<br/>QUE DELE TIVERAM OS SEUS.<br/>SIM, MUITO NÓS TEMOS SOFRIDO<br/>DE INCRÉDULOS E FARISEUS.<br/>ALEGRES, IRMÃOS, PROSSIGAMOS<br/>NA SENDA QUE VAI PARA OS CÉUS!</lines>
    </verse>
    <verse name="v2">
      <lines>OH! SIM, PROSSIGAMOS, IRMÃOS,<br/>   NA SENDA QUE VAI PARA OS CÉUS!<br/>   ALEGRES, IRMÃOS! ALEGRES, IRMÃOS!<br/>   NA SENDA QUE VAI PARA OS CÉUS!</lines>
    </verse>
    <verse name="v3">
      <lines>E, CRENTES, LEMBRAI-VOS, PORTANTO,<br/>DE TODOS QUE ESTÃO AO REDOR,<br/>OS QUAIS INDA JAZEM NAS TREVAS,<br/>NÃO CRENDO EM JESUS, SALVADOR.<br/>ALERTA, POIS, CRENTES, ALERTA!<br/>FIRMEZA NO BOM REDENTOR;<br/>E, GRATOS, A CADA MOMENTO<br/>FALAI, POIS, DO SEU GRANDE AMOR.</lines>
    </verse>
    <verse name="v4">
      <lines>CUIDAI BEM DE VOSSOS DEVERES;<br/>DE DEUS NÃO SE DEVE ZOMBAR;<br/>OUVÍ SEMPRE, SEMPRE, A SEU FILHO<br/>E ASSIM NUNCA HAVEIS DE FALHAR.<br/>JESUS É AMIGO MUI TERNO,<br/>É FIRME, FIEL E SEM-PAR;<br/>O SEU GRANDE AMOR E SEU BRAÇO<br/>DE TUDO VOS PODEM LIVRAR.</lines>
    </verse>
  </lyrics>
</song>
