<?xml version='1.0' encoding='UTF-8'?>
<song xmlns="http://openlyrics.info/namespace/2009/song" version="0.8" createdIn="OpenLP 2.2.1" modifiedIn="OpenLP 2.2.1" modifiedDate="2016-02-21T21:53:45">
  <properties>
    <titles>
      <title> CC 060 - COROAI</title>
    </titles>
    <authors>
      <author>CANTOR CRISTÃO</author>
    </authors>
  </properties>
  <lyrics>
    <verse name="v1">
      <lines>SAUDAI O NOME DE JESUS!<br/>ARCANJOS, VOS PROSTRAI! ARCANJOS, VOS PROSTRAI!<br/>O FILHO DO GLORIOSO DEUS<br/>COM GLÓRIA COROAI!</lines>
    </verse>
    <verse name="v2">
      <lines>Ó ESCOLHIDA GERAÇÃO<br/>DO BOM, ETERNO PAI. DO BOM, ETERNO PAI:<br/>O GRANDE AUTOR DA SALVAÇÃO,<br/>COM GLÓRIA COROAI!</lines>
    </verse>
    <verse name="v3">
      <lines>Ó PERDOADOS POR JESUS,<br/>ALEGRES ADORAI! ALEGRES ADORAI!<br/>O DEUS DE PAZ, O DEUS DE LUZ<br/>COM GLÓRIA COROAI!</lines>
    </verse>
    <verse name="v4">
      <lines>Ó RAÇAS, TRIBOS E NAÇÕES,<br/>AO REI DIVINO HONRAI; AO REI DIVINO HONRAI;<br/>A QUEM QUEBROU OS VIS GRILHÕES<br/>COM GLÓRIA COROAI!</lines>
    </verse>
  </lyrics>
</song>
