<?xml version='1.0' encoding='UTF-8'?>
<song xmlns="http://openlyrics.info/namespace/2009/song" version="0.8" createdIn="OpenLP 2.2.1" modifiedIn="OpenLP 2.2.1" modifiedDate="2016-02-21T21:53:44">
  <properties>
    <titles>
      <title> CC 050 - A VELHA HISTÓRIA</title>
    </titles>
    <authors>
      <author>CANTOR CRISTÃO</author>
    </authors>
  </properties>
  <lyrics>
    <verse name="v1">
      <lines>CONTAI-ME A VELHA HISTÓRIA<br/>DO GRANDE SALVADOR;<br/>DE CRISTO E SUA GLÓRIA,<br/>DE CRISTO E SEU AMOR.<br/>COM CALMA E COM PACIÊNCIA,<br/>POIS QUERO PENETRAR<br/>À ALTURA DO MINISTÉRIO:<br/>QUE DEUS NOS PODE AMAR.</lines>
    </verse>
    <verse name="v2">
      <lines>CONTAI-ME A VELHA HISTÓRIA,<br/>   CONTAI-ME A VELHA HISTÓRIA,<br/>   CONTAI-ME A VELHA HISTÓRIA<br/>   DE CRISTO E SEU AMOR.</lines>
    </verse>
    <verse name="v3">
      <lines>FALAI-ME COM DOÇURA<br/>DO AMANTE REDENTOR;<br/>FALAI COM SENTIMENTO,<br/>POIS SOU UM PECADOR!<br/>QUERENDO CONSOLAR-ME<br/>EM TEMPOS DE AFLIÇÃO,<br/>SEMPRE ESSA VELHA HISTÓRIA<br/>DIZEI DO CORAÇÃO.</lines>
    </verse>
    <verse name="v4">
      <lines>SE O BRILHO DESTE MUNDO<br/>TOLDAR DO CÉU A LUZ,<br/>NARRAI A MESMA HISTÓRIA<br/>DA GRAÇA DE JESUS!<br/>E QUANDO, ENFIM, A GLÓRIA<br/>DO MUNDO ALÉM RAIAR,<br/>CONTAI-ME A VELHA HISTÓRIA,<br/>QUE VEIO AQUI SALVAR.</lines>
    </verse>
  </lyrics>
</song>
