<?xml version='1.0' encoding='UTF-8'?>
<song xmlns="http://openlyrics.info/namespace/2009/song" version="0.8" createdIn="OpenLP 2.2.1" modifiedIn="OpenLP 2.2.1" modifiedDate="2016-02-21T21:53:48">
  <properties>
    <titles>
      <title> CC 078 - TUDO DE GRAÇA</title>
    </titles>
    <authors>
      <author>CANTOR CRISTÃO</author>
    </authors>
  </properties>
  <lyrics>
    <verse name="v1">
      <lines>SIM, DE GRAÇA, CRISTO DÁ-ME PAZ E PERDÃO,<br/>INEFÁVEL ALEGRIA, PLENA SALVAÇÃO.</lines>
    </verse>
  </lyrics>
</song>
