<?xml version='1.0' encoding='UTF-8'?>
<song xmlns="http://openlyrics.info/namespace/2009/song" version="0.8" createdIn="OpenLP 2.2.1" modifiedIn="OpenLP 2.2.1" modifiedDate="2016-02-21T21:53:48">
  <properties>
    <titles>
      <title> CC 077 - O MELHOR AMIGO</title>
    </titles>
    <authors>
      <author>CANTOR CRISTÃO</author>
    </authors>
  </properties>
  <lyrics>
    <verse name="v1">
      <lines>SEI QUE O AMIGO MELHOR É CRISTO;<br/>QUANDO A TEMPESTADE ASSALTA A FÉ,<br/>PRONTO ESTENDE A SUA MÃO,<br/>TRANQUILIZA O CORAÇÃO.<br/>SIM, O AMIGO MELHOR É CRISTO.</lines>
    </verse>
    <verse name="v2">
      <lines>JESUS É O MELHOR AMIGO.<br/>   JESUS É O MELHOR AMIGO.<br/>   SIM, REPREENDE COM DULÇOR,<br/>   E ME ANIMA COM VIGOR.<br/>   SIM, O AMIGO MELHOR É CRISTO.</lines>
    </verse>
    <verse name="v3">
      <lines>OH, QUE AMIGO PRECIOSO É CRISTO!<br/>NELE ENCONTRO AMOR, CONSOLO E PAZ.<br/>EM SEU BRAÇO ESPERAREI;<br/>NENHUM GOLPE TEMEREI.<br/>SIM, O AMIGO MELHOR É CRISTO.</lines>
    </verse>
    <verse name="v4">
      <lines>AO PASSAR PELO VALE ESCURO,<br/>E CHEGANDO ÀS ÁGUAS DO JORDÃO,<br/>NÃO RECEIO, POIS JESUS,<br/>SALVO, À PÁTRIA ME CONDUZ.<br/>SIM, O AMIGO MELHOR É CRISTO.</lines>
    </verse>
    <verse name="v5">
      <lines>NA MANSÃO ETERNAL EU JUNTO<br/>COM OS SANTOS, TRANSFORMADOS JÁ,<br/>ESTE CANTO DE LOUVOR<br/>ENTOAREMOS AO SENHOR;<br/>SEMPRE O AMIGO MELHOR É CRISTO!</lines>
    </verse>
    <verse name="v6">
      <lines>JESUS É O MELHOR AMIGO,<br/>   JESUS É O MELHOR AMIGO.<br/>   DO PECADO ME SALVOU,<br/>   PARA OS CÉUS ME PREPAROU.<br/>   SIM, O AMIGO MELHOR É CRISTO.</lines>
    </verse>
  </lyrics>
</song>
