<?xml version='1.0' encoding='UTF-8'?>
<song xmlns="http://openlyrics.info/namespace/2009/song" version="0.8" createdIn="OpenLP 2.2.1" modifiedIn="OpenLP 2.2.1" modifiedDate="2017-01-22T22:40:22">
  <properties>
    <titles>
      <title> CC 009 - SANTO</title>
    </titles>
    <authors>
      <author>CANTOR CRISTÃO</author>
    </authors>
  </properties>
  <lyrics>
    <verse name="v1">
      <lines>SANTO! SANTO! SANTO! <br/>DEUS ONIPOTENTE!<br/>CEDO DE MANHÃ CANTAREMOS TEU LOUVOR.<br/>SANTO! SANTO! SANTO! <br/>DEUS JEOVÁ TRIÚNO,<br/>ÉS UM SÓ DEUS, <br/>EXCELSO CRIADOR.</lines>
    </verse>
    <verse name="v2">
      <lines>SANTO! SANTO! SANTO!<br/>TODOS OS REMIDOS,<br/>JUNTOS COM OS ANJOS, <br/>PROCLAMAM TEU LOUVOR.<br/>ANTES DE FORMAR-SE <br/>O FIRMAMENTO E A TERRA,<br/>ERAS E SEMPRE ÉS<br/>E HÁS DE SER, SENHOR.</lines>
    </verse>
    <verse name="v3">
      <lines>SANTO! SANTO! SANTO! <br/>NÓS OS PECADORES<br/>NÃO PODEMOS VER <br/>TUA GLÓRIA SEM TREMOR.<br/>TU SOMENTE ÉS SANTO; <br/>NÃO HÁ NENHUM OUTRO,<br/>PURO E PERFEITO, <br/>EXCELSO BENFEITOR.</lines>
    </verse>
    <verse name="v4">
      <lines>SANTO! SANTO! SANTO! <br/>DEUS ONIPOTENTE!<br/>TUAS OBRAS LOUVAM <br/>TEU NOME COM FERVOR.<br/>SANTO! SANTO! SANTO! <br/>JUSTO E COMPASSIVO,<br/>ÉS UM SÓ DEUS, <br/>SUPREMO CRIADOR!!!</lines>
    </verse>
  </lyrics>
</song>
