<?xml version='1.0' encoding='UTF-8'?>
<song xmlns="http://openlyrics.info/namespace/2009/song" version="0.8" createdIn="OpenLP 2.2.1" modifiedIn="OpenLP 2.2.1" modifiedDate="2016-02-21T21:53:45">
  <properties>
    <titles>
      <title> CC 058 - O NOME DE JESUS</title>
    </titles>
    <authors>
      <author>CANTOR CRISTÃO</author>
    </authors>
  </properties>
  <lyrics>
    <verse name="v1">
      <lines>DO SALVADOR O NOME TRAZ<br/>RECORDAÇÃO QUE A MIM ME APRAZ;<br/>DOS VIS GRILHÕES ME LIBERTOU,<br/>E DEU-ME FÉ QUE ME SALVOU.</lines>
    </verse>
    <verse name="v2">
      <lines>DO SALVADOR O NOME TRAZ<br/>   RECORDAÇÃO QUE A MIM ME APRAZ;<br/>   A TI, SENHOR, A TI, LOUVOR<br/>   SEM FIM EU ERGO COM FERVOR.</lines>
    </verse>
    <verse name="v3">
      <lines>EM TI, SENHOR, EU GOZO PAZ<br/>E TUDO MAIS QUE SATISFAZ;<br/>DE BÊNÇÃOS MIL SOU ALVO, SIM,<br/>QUE TU, JESUS, DÁS SEMPRE A MIM.</lines>
    </verse>
    <verse name="v4">
      <lines>DESPREZO, POIS, O QUE É FALAZ,<br/>E PONHO A FÉ NO DEUS VERAZ;<br/>FOI ELE QUEM, POR GRANDE AMOR,<br/>NOS DEU JESUS, O REDENTOR.</lines>
    </verse>
  </lyrics>
</song>
