<?xml version='1.0' encoding='UTF-8'?>
<song xmlns="http://openlyrics.info/namespace/2009/song" version="0.8" createdIn="OpenLP 2.2.1" modifiedIn="OpenLP 2.2.1" modifiedDate="2016-02-21T21:43:11">
  <properties>
    <titles>
      <title> CC 026 - REI EXCELSO</title>
    </titles>
    <authors>
      <author>CANTOR CRISTÃO</author>
    </authors>
  </properties>
  <lyrics>
    <verse name="v1">
      <lines>CANTAI, QUE O SALVADOR CHEGOU!<br/>ACOLHA A TERRA O REI!<br/>LEAIS NAÇÕES, A ELE SÓ<br/>CONTENTES VOS RENDEI;     (BIS)<br/>OH, SIM, CONTENTES VOS RENDEI!</lines>
    </verse>
    <verse name="v2">
      <lines>AO MUNDO O GOZO PROCLAMAI<br/>DO REINO DE JESUS!<br/>Ó TERRA E MAR E CÉUS, CANTAI<br/>A RESPLENDENTE LUZ!         (BIS)<br/>A GRANDE E RESPLENDENTE LUZ!</lines>
    </verse>
    <verse name="v3">
      <lines>PECADOS, DORES, MORTE JÁ<br/>VENCIDOS DELE SÃO;<br/>A PAZ JESUS CONCEDERÁ<br/>EM RÉGIA PROFUSÃO;           (BIS)<br/>OH, SIM, EM RÉGIA PROFUSÃO!</lines>
    </verse>
    <verse name="v4">
      <lines>VERDADE E AMOR SÃO SUA LEI;<br/>OS POVOS ACHARÃO<br/>QUE É JUSTO E BOM O EXCELSO REI,<br/>E LHE OBEDECERÃO,              (BIS)<br/>SIM, TODOS LHE OBEDECERÃO.</lines>
    </verse>
  </lyrics>
</song>
