<?xml version='1.0' encoding='UTF-8'?>
<song xmlns="http://openlyrics.info/namespace/2009/song" version="0.8" createdIn="OpenLP 2.2.1" modifiedIn="OpenLP 2.2.1" modifiedDate="2016-02-21T21:53:49">
  <properties>
    <titles>
      <title> CC 082 - O GÓLGOTA</title>
    </titles>
    <authors>
      <author>CANTOR CRISTÃO</author>
    </authors>
  </properties>
  <lyrics>
    <verse name="v1">
      <lines>MUI LONGE O MONTE VERDE ESTÁ,<br/>AO NORTE DE SIÃO,<br/>NO QUAL O BOM JESUS, NA CRUZ,<br/>NOS DEU A SALVAÇÃO.</lines>
    </verse>
    <verse name="v2">
      <lines>QUEM SONDARÁ, QUEM CONTARÁ<br/>A DOR QUE PADECEU?<br/>MAS CRER PODEMOS, FOI POR NÓS<br/>O QUE NA CRUZ SOFREU.</lines>
    </verse>
    <verse name="v3">
      <lines>MORREU PRA DAR-NOS O PERDÃO,<br/>MORREU PRA SERMOS BONS,<br/>PRA ENTRARMOS NA MANSÃO DE DEUS,<br/>COM LIMPOS CORAÇÕES.</lines>
    </verse>
    <verse name="v4">
      <lines>NINGUÉM PODIA, AQUI, PAGAR<br/>A PENA UNIVERSAL;<br/>SÓ CRISTO PÔDE NOS REMIR,<br/>AO PREÇO DIVINAL.</lines>
    </verse>
    <verse name="v5">
      <lines>OH, QUANTO, QUANTO NOS AMOU!<br/>   AMEMO-LO TAMBÉM;<br/>   E CONFIANDO EM SEU AMOR,<br/>   FAÇAMOS TODO O BEM!</lines>
    </verse>
  </lyrics>
</song>
