<?xml version='1.0' encoding='UTF-8'?>
<song xmlns="http://openlyrics.info/namespace/2009/song" version="0.8" createdIn="OpenLP 2.2.1" modifiedIn="OpenLP 2.2.1" modifiedDate="2016-02-21T21:43:12">
  <properties>
    <titles>
      <title> CC 035 - INCOMPARÁVEL</title>
    </titles>
    <authors>
      <author>CANTOR CRISTÃO</author>
    </authors>
  </properties>
  <lyrics>
    <verse name="v1">
      <lines>O GRANDE AMOR DO MEU JESUS,<br/>POR MIM MORRENDO SOBRE A CRUZ,<br/>DA PERDIÇÃO PRA ME SALVAR,<br/>QUEM PODERÁ CONTAR?</lines>
    </verse>
    <verse name="v2">
      <lines>O CÁLIX QUE JESUS BEBEU,<br/>A MALDIÇÃO QUE PADECEU<br/>NA CRUZ POR MIM, PRA ME SALVAR,<br/>QUEM PODERÁ CONTAR?</lines>
    </verse>
    <verse name="v3">
      <lines>A ZOMBARIA TÃO CRUEL,<br/>A CRUZ SANGRENTA, O AMARGO FEL<br/>QUE ALI SOFREU PRA ME SALVAR,<br/>QUEM PODERÁ CONTAR?</lines>
    </verse>
    <verse name="v4">
      <lines>INCOMPARÁVEL SALVADOR,<br/>QUÃO INEFÁVEL TEU AMOR!<br/>QUÃO IMPOSSÍVEL DE SONDAR!<br/>IMENSIDÃO SEM PAR!</lines>
    </verse>
    <verse name="v5">
      <lines>QUEM PODE O SEU AMOR CONTAR?<br/>   QUEM PODE O SEU AMOR CONTAR?<br/>   O GRANDE AMOR DO SALVADOR<br/>   QUEM PODERÁ CONTAR?</lines>
    </verse>
  </lyrics>
</song>
