<?xml version='1.0' encoding='UTF-8'?>
<song xmlns="http://openlyrics.info/namespace/2009/song" version="0.8" createdIn="OpenLP 2.2.1" modifiedIn="OpenLP 2.2.1" modifiedDate="2017-01-22T22:42:27">
  <properties>
    <titles>
      <title> CC 010 - AUXÍLIO DIVINO</title>
    </titles>
    <authors>
      <author>CANTOR CRISTÃO</author>
    </authors>
  </properties>
  <lyrics>
    <verse name="v1">
      <lines>SANTO DEUS,<br/>VEM INFLAMAR<br/>NOSSOS DÉBEIS CORAÇÕES;<br/>VEM AS TREVAS DISSIPAR,<br/>LIVRA-NOS DE IMPERFEIÇÕES.</lines>
    </verse>
    <verse name="v2">
      <lines>SIM, Ó DEUS, VEM DIRIGIR<br/>ESTE CULTO A CELEBRAR;<br/>VEM, Ó VEM-NOS REVESTIR<br/>DE FERVOR PRA TE LOUVAR!</lines>
    </verse>
    <verse name="v3">
      <lines>SANTO DEUS,<br/>VEM INFLAMAR<br/>NOSSOS DÉBEIS CORAÇÕES;<br/>VEM AS TREVAS DISSIPAR,<br/>LIVRA-NOS DE IMPERFEIÇÕES.</lines>
    </verse>
    <verse name="v4">
      <lines>SIM, Ó DEUS, VEM DIRIGIR<br/>ESTE CULTO A CELEBRAR;<br/>VEM, Ó VEM-NOS REVESTIR<br/>DE FERVOR PRA TE LOUVAR!!!</lines>
    </verse>
  </lyrics>
</song>
