<?xml version='1.0' encoding='UTF-8'?>
<song xmlns="http://openlyrics.info/namespace/2009/song" version="0.8" createdIn="OpenLP 2.2.1" modifiedIn="OpenLP 2.2.1" modifiedDate="2016-02-21T21:53:48">
  <properties>
    <titles>
      <title> CC 073 - UM GRANDE AMIGO</title>
    </titles>
    <verseOrder>v1 v2 v3 v2 v4 v2</verseOrder>
    <authors>
      <author>CANTOR CRISTÃO</author>
    </authors>
  </properties>
  <lyrics>
    <verse name="v1">
      <lines>ACHEI UM GRANDE AMIGO, JESUS, O SALVADOR,<br/>QUE COM AMOR ME GUARDA CADA DIA;<br/>FIEL É SEU CUIDADO, CONSTANTE O SEU AMOR<br/>E SEM LIMITE A SUA SIMPATIA.<br/>E AINDA O MAIS NOTÁVEL<br/>É QUE POR MIM MORREU<br/>E MEUS PECADOS TODOS EXPIOU;<br/>ASSIM ME REGOZIJO NAS BÊNÇÃOS QUE ME DEU;<br/>SIM, SEI QUE JESUS CRISTO ME SALVOU.</lines>
    </verse>
    <verse name="v2">
      <lines>JESUS É MEU AMIGO,<br/>   MEU GUIA, MEU SENHOR,<br/>   MEU PROTETOR, SEM OUTRO HAVER IGUAL.<br/>   POR MIM SOFREU A MORTE,<br/>   POR MIM, UM PECADOR,<br/>   E AGORA, VIVO, GUARDA-ME DO MAL.</lines>
    </verse>
    <verse name="v3">
      <lines>POR ESTE GRANDE AMIGO DESEJO AQUI VIVER,<br/>COM ELE TER CONSTANTE COMUNHÃO,<br/>SERVÍ-LO FIELMENTE, E ASSIM LHE DAR PRAZER,<br/>FICANDO SEMPRE A ELE EM SUJEIÇÃO.<br/>NOS SEUS CAMINHOS SANTOS<br/>ESPERO AQUI SEGUIR<br/>E SEU AMOR A TODOS DEMONSTRAR,<br/>PORQUE ELE DO PECADO ME VEIO REDIMIR<br/>E POR AMOR MORREU EM MEU LUGAR.</lines>
    </verse>
    <verse name="v4">
      <lines>A HORA VEM CHEGANDO, A BÍBLIA NO-LO DIZ,<br/>EM QUE JESUS AO MUNDO VOLTARÁ.<br/>OH, QUE MOMENTO ALEGRE, QUE DIA TÃO FELIZ,<br/>O DIA EM QUE VOLTAR AQUI SERÁ!<br/>ENTÃO COM ELE SEMPRE, NOS CÉUS, EU FICAREI,<br/>JÁ LIVRE DO PECADO, MÁGOA E DOR;<br/>O SEU AMADO ROSTO NA GLÓRIA ALI VEREI,<br/>E GOZAREI DAS BÊNÇÃOS DO SENHOR.</lines>
    </verse>
  </lyrics>
</song>
