<?xml version='1.0' encoding='UTF-8'?>
<song xmlns="http://openlyrics.info/namespace/2009/song" version="0.8" createdIn="OpenLP 2.2.1" modifiedIn="OpenLP 2.2.1" modifiedDate="2016-02-21T21:53:45">
  <properties>
    <titles>
      <title> CC 057 - BENDITO O REI</title>
    </titles>
    <authors>
      <author>CANTOR CRISTÃO</author>
    </authors>
  </properties>
  <lyrics>
    <verse name="v1">
      <lines>NO MUNDO PAZ, LOUVOR NOS CÉUS!<br/>CANTAVA A MULTIDÃO;<br/>COM O CLAMOR DOS FARISEUS<br/>ERGUIAM MAIS O SOM.</lines>
    </verse>
    <verse name="v2">
      <lines>COMO EM JERUSALÉM,<br/>   HEI DE CLAMAR, HEI DE CLAMAR:<br/>   BENDITO O REI, QUE DO ALTO VEM,<br/>   QUE VEM DO CÉU AS TREVAS DISSIPAR!</lines>
    </verse>
    <verse name="v3">
      <lines>DO GRANDE REI JESUS, SENHOR.<br/>SIM, TAIS PALAVRAS SÃO:<br/>""""SE ALGUM DOS CRENTES SE CALAR,<br/>AS PEDRAS CLAMARÃO.""""</lines>
    </verse>
    <verse name="v4">
      <lines>BENDITO REI, NÓS, SERVOS TEUS,<br/>COMO EM JERUSALÉM,<br/>SEM ATENDER AOS FARISEUS,<br/>LOUVAMOS-TE TAMBÉM.</lines>
    </verse>
  </lyrics>
</song>
