<?xml version='1.0' encoding='UTF-8'?>
<song xmlns="http://openlyrics.info/namespace/2009/song" version="0.8" createdIn="OpenLP 2.2.1" modifiedIn="OpenLP 2.2.1" modifiedDate="2016-02-21T21:53:43">
  <properties>
    <titles>
      <title> CC 049 - TUDO FEZ JESUS</title>
    </titles>
    <authors>
      <author>CANTOR CRISTÃO</author>
    </authors>
  </properties>
  <lyrics>
    <verse name="v1">
      <lines>CRISTO TUDO FEZ COMPLETO,<br/>NADA POR FAZER DEIXOU;<br/>VIDA DO MAIS DOCE AFETO,<br/>ELE PARA NÓS COMPROU.</lines>
    </verse>
    <verse name="v2">
      <lines>SEU, O FEITO; NOSSO, O GOZO;<br/>NOSSA, A VIDA; SUA, A CRUZ;<br/>SEU, O CÁLICE AMARGOSO;<br/>NOSSA, A DITA QUE PRODUZ.</lines>
    </verse>
  </lyrics>
</song>
