<?xml version='1.0' encoding='UTF-8'?>
<song xmlns="http://openlyrics.info/namespace/2009/song" version="0.8" createdIn="OpenLP 2.2.1" modifiedIn="OpenLP 2.2.1" modifiedDate="2016-02-21T21:53:46">
  <properties>
    <titles>
      <title> CC 062 - NOME PRECIOSO</title>
    </titles>
    <verseOrder>v1 c1 v2 c1 v3 c1 v4 c1</verseOrder>
    <authors>
      <author>CANTOR CRISTÃO</author>
    </authors>
  </properties>
  <lyrics>
    <verse name="v1">
      <lines>LEVA TU CONTIGO O NOME<br/>DE JESUS, O SALVADOR;<br/>ESTE NOME DÁ CONSOLO,<br/>SEJA NO LUGAR QUE FOR.</lines>
    </verse>
    <verse name="v2">
      <lines>ESTE NOME LEVA SEMPRE,<br/>PARA BEM TE DEFENDER;<br/>ELE É ARMA AO TEU ALCANCE,<br/>QUANDO O MAL TE APARECER.</lines>
    </verse>
    <verse name="v3">
      <lines>OH, QUE NOME TÃO PRECIOSO!<br/>GOZO TRAZ AO CORAÇÃO;<br/>SENDO POR JESUS ACEITO,<br/>TU TERÁS O SEU PERDÃO.</lines>
    </verse>
    <verse name="v4">
      <lines>NOME SANTO E VENERÁVEL<br/>É JESUS, O AMADO TEU;<br/>REI DOS REIS, SENHOR ETERNO,<br/>TU O ACLAMARÁS NO CÉU.</lines>
    </verse>
    <verse name="c1">
      <lines>NOME BOM, DOCE À FÉ,<br/>A ESPERANÇA DO PORVIR.<br/>NOME BOM, DOCE À FÉ,<br/>A ESPERANÇA DO PORVIR.</lines>
    </verse>
  </lyrics>
</song>
