<?xml version='1.0' encoding='UTF-8'?>
<song xmlns="http://openlyrics.info/namespace/2009/song" version="0.8" createdIn="OpenLP 2.2.1" modifiedIn="OpenLP 2.2.1" modifiedDate="2017-01-22T22:40:03">
  <properties>
    <titles>
      <title> CC 007 - MARAVILHAS DIVINAS</title>
    </titles>
    <verseOrder>v1 c1 v2 c1 v3 c1 v4 c2</verseOrder>
    <authors>
      <author>CANTOR CRISTÃO</author>
    </authors>
  </properties>
  <lyrics>
    <verse name="v1">
      <lines>AO DEUS DE AMOR <br/>E DE IMENSA BONDADE, <br/>COM VOZ DE JÚBILO <br/>VINDE E ACLAMAI; <br/>COM CORAÇÃO <br/>TRANSBORDANTE DE GRAÇAS, <br/>SEU GRANDE AMOR<br/>TODOS VINDE E LOUVAI.</lines>
    </verse>
    <verse name="c1">
      <lines>NO CÉU, NA TERRA,<br/>QUE MARAVILHAS<br/>VAI OPERANDO<br/>O PODER DO SENHOR!<br/>MAS SEU AMOR<br/>AOS HOMENS PERDIDOS<br/>DAS MARAVILHAS <br/>É SEMPRE A MAIOR!</lines>
    </verse>
    <verse name="v2">
      <lines>JÁ NOSSOS PAIS NOS <br/>CONTARAM A GLÓRIA DE<br/>DEUS, FALANDO COM MUITO<br/>PRAZER, QUE NAS TRISTEZAS,<br/>NOS GRANDES PERIGOS,<br/>ELE OS SALVOU POR SEU<br/>GRANDE PODER.</lines>
    </verse>
    <verse name="v3">
      <lines>HOJE TAMBÉM<br/>NÓS BEM ALTO CANTAMOS<br/>QUE AS ORAÇÕES<br/>ELE NOS ATENDEU;<br/>SEU FORTE BRAÇO, <br/>QUE É TÃO COMPASSIVO, <br/>EM NOSSO AUXÍLIO <br/>ELE SEMPRE ESTENDEU.</lines>
    </verse>
    <verse name="v4">
      <lines>COMO ATÉ HOJE<br/>E DAQUI PARA SEMPRE,<br/>ELE SERÁ NOSSO<br/>ETERNO PODER, <br/>NOSSO CASTELO<br/>BEM FORTE E SEGURO,<br/>E NOSSA FONTE <br/>DE EXCELSO PRAZER.</lines>
    </verse>
    <verse name="c2">
      <lines>NO CÉU, NA TERRA,<br/>QUE MARAVILHAS<br/>VAI OPERANDO<br/>O PODER DO SENHOR!<br/>MAS SEU AMOR<br/>AOS HOMENS PERDIDOS<br/>DAS MARAVILHAS <br/>É SEMPRE A MAIOR!!!</lines>
    </verse>
  </lyrics>
</song>
