<?xml version='1.0' encoding='UTF-8'?>
<song xmlns="http://openlyrics.info/namespace/2009/song" version="0.8" createdIn="OpenLP 2.2.1" modifiedIn="OpenLP 2.2.1" modifiedDate="2016-02-21T21:53:42">
  <properties>
    <titles>
      <title> CC 039 - A OVELHA PERDIDA</title>
    </titles>
    <authors>
      <author>CANTOR CRISTÃO</author>
    </authors>
  </properties>
  <lyrics>
    <verse name="v1">
      <lines>NOVENTA E NOVE OVELHAS VÃO<br/>SEGURAS AO CURRAL;<br/>MAS UMA DELAS SE AFASTOU<br/>DO APRISCO PASTORAL,<br/>A ERRAR NOS MONTES DE TERROR,<br/>DISTANTE DO FIEL PASTOR.                                 (BIS)</lines>
    </verse>
    <verse name="v2">
      <lines>""""COM A GREI SUBMISSA, Ó BOM PASTOR,<br/>NÃO TE CONTENTARÁS?""""<br/>""""A ERRANTE É MINHA"""", REPLICOU,<br/>""""PERTENCE-ME A FUGAZ.<br/>VOU AO DESERTO PROCURAR<br/>A OVELHA QUE OUÇO EM DOR GRITAR.""""                (BIS)</lines>
    </verse>
    <verse name="v3">
      <lines>NENHUM REMIDO IMAGINOU<br/>QUÃO NEGRA ESCURIDÃO,<br/>QUÃO FUNDAS ÁGUAS QUE PASSOU,<br/>TRAZENDO-A À SALVAÇÃO;<br/>E QUANDO FOI PRA SOCORRER,<br/>A ERRANTE ESTAVA A PERECER.                            (BIS)</lines>
    </verse>
    <verse name="v4">
      <lines>""""POR TODA A ESTRADA DONDE VEM,<br/>QUE SANGUE ENXERGO ALI?""""<br/>""""BUSQUEI A OVELHA COM AMOR,<br/>O SANGUE MEU VERTI.""""<br/>""""FERIDA VEJO A TUA MÃO...<br/>A ANGÚSTIA ENCHEU-ME O CORAÇÃO.""""                 (BIS)</lines>
    </verse>
    <verse name="v5">
      <lines>VÊM DA MONTANHA ACLAMAÇÕES!<br/>É A VOZ DO BOM PASTOR!<br/>RESSOA EM NOTAS TRIUNFAIS<br/>O SALMO VENCEDOR!<br/>E OS ANJOS CANTAM LÁ NOS CÉUS:<br/>""""A ERRANTE JÁ VOLTOU A DEUS.""""                          (BIS)</lines>
    </verse>
  </lyrics>
</song>
