<?xml version='1.0' encoding='UTF-8'?>
<song xmlns="http://openlyrics.info/namespace/2009/song" version="0.8" createdIn="OpenLP 2.2.1" modifiedIn="OpenLP 2.2.1" modifiedDate="2017-01-15T22:10:31">
  <properties>
    <titles>
      <title> CC 085 - CANTAI LOUVORES</title>
    </titles>
    <verseOrder>v1 c1 v2 c1 v3 c1</verseOrder>
    <authors>
      <author>CANTOR CRISTÃO</author>
    </authors>
  </properties>
  <lyrics>
    <verse name="v1">
      <lines>OH, VINDE, CRENTES, E ENTOAI<br/>LOUVORES A JESUS,<br/>QUE, PARA A NOSSA SALVAÇÃO,<br/>FOI MORTO NUMA CRUZ;<br/>SEU SANGUE DERRAMOU, DE TUDO ME LAVOU,<br/>MAIS ALVO DO QUE A NEVE ME TORNOU!</lines>
    </verse>
    <verse name="c1">
      <lines>O SANGUE DE JESUS ME LAVOU, ME LAVOU;<br/>   O SANGUE DE JESUS ME LAVOU, ME LAVOU;<br/>   ALEGRE CANTAREI LOUVORES A MEU REI,<br/>   A MEU SENHOR JESUS QUE ME SALVOU.</lines>
    </verse>
    <verse name="v2">
      <lines>CONOSCO VINDE VOS UNIR<br/>NA GUERRA CONTRA O MAL,<br/>E, COM O NOSSO SALVADOR,<br/>EM MARCHA TRIUNFAL,<br/>A TODOS PROCLAMAR A GRAÇA E SEU PODER;<br/>SEU SANGUE DERRAMOU PRA NOS SALVAR!</lines>
    </verse>
    <verse name="v3">
      <lines>O CAPITÃO DA SALVAÇÃO<br/>É CRISTO, O SALVADOR;<br/>O REI DOS REIS, O REDENTOR,<br/>JESUS, O BOM SENHOR;<br/>POIS TUDO VENCERÁ; VITÓRIA NOS DARÁ;<br/>À GLÓRIA, SALVOS, NOS CONDUZIRÁ!</lines>
    </verse>
    <verse name="c2">
      <lines>O SANGUE DE JESUS ME LAVOU, ME LAVOU;<br/>   O SANGUE DE JESUS ME LAVOU, ME LAVOU;<br/>   ALEGRE CANTAREI LOUVORES A MEU REI,<br/>   A MEU SENHOR JESUS QUE ME SALVOU!!!</lines>
    </verse>
  </lyrics>
</song>
