<?xml version='1.0' encoding='UTF-8'?>
<song xmlns="http://openlyrics.info/namespace/2009/song" version="0.8" createdIn="OpenLP 2.2.1" modifiedIn="OpenLP 2.2.1" modifiedDate="2016-02-21T21:53:45">
  <properties>
    <titles>
      <title> CC 059 - SAUDAI EMANUEL</title>
    </titles>
    <authors>
      <author>CANTOR CRISTÃO</author>
    </authors>
  </properties>
  <lyrics>
    <verse name="v1">
      <lines>SAUDAMOS-TE, Ó EMANUEL!<br/>A TI LOUVORES DAMOS;<br/>DE CORAÇÃO, SIM, TODOS NÓS<br/>A TI NOS ENTREGAMOS;<br/>EM HONRA A TI, SENHOR E REI,<br/>OS ANJOS CANTAM LÁ NO CÉU,<br/>E LÁ RESSOA TEU LOUVOR;<br/>SAUDAI! SAUDAI!<br/>SAUDAI, SAUDAI EMANUEL!</lines>
    </verse>
    <verse name="v2">
      <lines>REI, EMANUEL, EMANUEL! (BIS)<br/>   SABEDORIA, PODER SEM FIM,<br/>   HONRAS E GLÓRIA AS NAÇÕES TE DÊEM<br/>   HOJE E PARA SEMPRE!<br/>   REI, EMANUEL, EMANUEL! (BIS)<br/>   REI DOS REIS E SALVADOR!<br/>   SAUDAI EMANUEL!</lines>
    </verse>
    <verse name="v3">
      <lines>SAUDAMOS-TE, Ó EMANUEL!<br/>OS SANTOS TE RODEIAM;<br/>OS REIS DA TERRA SE ERGUERÃO<br/>A PROCLAMAR TEU REINO,<br/>ENQUANTO OS FILHOS JÁ COM DEUS,<br/>CERCANDO O TRONO LÁ NOS CÉUS,<br/>ENTOAM HINOS IMORTAIS;<br/>SAUDAI! SAUDAI!<br/>SAUDAI, SAUDAI EMANUEL!</lines>
    </verse>
    <verse name="v4">
      <lines>SAUDAMOS-TE, Ó EMANUEL!<br/>Ó REI DOS REIS ETERNO!<br/>VENCESTE AS HOSTES INFERNAIS;<br/>TU ÉS ONIPOTENTE!<br/>JAMAIS A MORTE REINARÁ.<br/>ETERNA GLÓRIA SEJA A TI.<br/>SAUDAI! SAUDAI!<br/>SAUDAI, SAUDAI EMANUEL!</lines>
    </verse>
  </lyrics>
</song>
