<?xml version='1.0' encoding='UTF-8'?>
<song xmlns="http://openlyrics.info/namespace/2009/song" version="0.8" createdIn="OpenLP 2.2.1" modifiedIn="OpenLP 2.2.1" modifiedDate="2016-02-21T21:53:49">
  <properties>
    <titles>
      <title> CC 080 - CORAÇÃO PURIFICADO</title>
    </titles>
    <authors>
      <author>CANTOR CRISTÃO</author>
    </authors>
  </properties>
  <lyrics>
    <verse name="v1">
      <lines>A JESUS COM FÉ CHEGANDO,<br/>ACHO PLENA SALVAÇÃO,<br/>E SEU SANGUE ME LEVANDO,<br/>TORNA PURO O CORAÇÃO.</lines>
    </verse>
  </lyrics>
</song>
