<?xml version='1.0' encoding='UTF-8'?>
<song xmlns="http://openlyrics.info/namespace/2009/song" version="0.8" createdIn="OpenLP 2.2.1" modifiedIn="OpenLP 2.2.1" modifiedDate="2016-12-25T21:52:18">
  <properties>
    <titles>
      <title> CC 031 - LUGAR PARA CRISTO</title>
    </titles>
    <authors>
      <author>CANTOR CRISTÃO</author>
    </authors>
  </properties>
  <lyrics>
    <verse name="v1">
      <lines>TU DEIXASTE, JESUS, O TEU REINO DE LUZ,<br/>E BAIXASTE A ESTE MUNDO TÃO VIL;<br/>UM PRESÉPIO, EM BELÉM, TU, JESUS, SUMO-BEM,<br/>ESCOLHESTE POR BERÇO INFANTIL.</lines>
    </verse>
    <verse name="v2">
      <lines>VEM, JESUS, HABITAR COMIGO,<br/>   EM MINHA ALMA HÁ LUGAR; OH, VEM JÁ. (BIS)</lines>
    </verse>
    <verse name="v3">
      <lines>ALEGRARAM-SE OS CÉUS, COM OS SANTOS DE DEUS,<br/>SIM, POR TERES NASCIDO, JESUS,<br/>VINDO OS FILHOS DE ADÃO CONCEDER SALVAÇÃO<br/>PELA MORTE, EM RESGATE, NA CRUZ.</lines>
    </verse>
    <verse name="v4">
      <lines>TU VIESTE, SENHOR, REVELAR-NOS AMOR,<br/>E TE APROUVE DO MAL NOS SALVAR;<br/>MAS PROVASTE DO FEL, DO MOTEJO CRUEL,<br/>MORTE, ENFIM, TE FIZERAM PROVAR.</lines>
    </verse>
    <verse name="v5">
      <lines>OUTRA VEZ TU VIRÁS, E POR MIM CHAMARÁS,<br/>RODEADO DOS ANJOS DE DEUS;<br/>OH! QUE GOZO PRA MIM, SE DISSERES ASSIM:<br/>"UM LUGAR TE DAREI EU NOS CÉUS."</lines>
    </verse>
  </lyrics>
</song>
