<?xml version='1.0' encoding='UTF-8'?>
<song xmlns="http://openlyrics.info/namespace/2009/song" version="0.8" createdIn="OpenLP 2.2.1" modifiedIn="OpenLP 2.2.1" modifiedDate="2016-02-21T21:53:44">
  <properties>
    <titles>
      <title> CC 051 - VIDA NA GRAÇA</title>
    </titles>
    <authors>
      <author>CANTOR CRISTÃO</author>
    </authors>
  </properties>
  <lyrics>
    <verse name="v1">
      <lines>JAMAIS HOUVE ALGUÉM FELIZ COMO O CRISTÃO,<br/>O QUAL ALCANÇOU DE DEUS BÊNÇÃOS DE AMOR;<br/>E TEM VERDADEIRA PAZ COM SEU SENHOR,<br/>FRUINDO PRAZER DO CÉU, GRAÇA E PERDÃO.</lines>
    </verse>
    <verse name="v2">
      <lines>PRAZER, ALEGRIA, AMOR,<br/>   TUDO LHE DÁ JESUS!<br/>   PAZ E PERDÃO, FAVOR<br/>   GOZA NA LUZ!</lines>
    </verse>
    <verse name="v3">
      <lines>TERROR JÁ NÃO TEM DE DEUS; FOGE DO MAL;<br/>NA SANTA PRESENÇA ESTÁ; VIVE NA LUZ,<br/>GOZANDO DA REDENÇÃO FEITA NA CRUZ;<br/>DESEJA CRESCER NA FÉ, FIRME E LEAL.</lines>
    </verse>
    <verse name="v4">
      <lines>JESUS É SEU MEDIADOR; CRÊ NO PORVIR;<br/>DA SANTA PALAVRA TEM FORÇA E PODER.<br/>POR CRISTO DESEJA, ENTÃO, TUDO FAZER;<br/>A LUZ DA VERDADE QUER SEMPRE EXPANDIR.</lines>
    </verse>
  </lyrics>
</song>
