<?xml version='1.0' encoding='UTF-8'?>
<song xmlns="http://openlyrics.info/namespace/2009/song" version="0.8" createdIn="OpenLP 2.2.1" modifiedIn="OpenLP 2.2.1" modifiedDate="2016-02-21T21:53:42">
  <properties>
    <titles>
      <title> CC 043 - PALAVRAS PRECIOSAS</title>
    </titles>
    <authors>
      <author>CANTOR CRISTÃO</author>
    </authors>
  </properties>
  <lyrics>
    <verse name="v1">
      <lines>PRECIOSAS AS PALAVRAS DE JESUS,<br/>SUPREMO REI:<br/>""""A MIM AQUELE QUE VIER,<br/>EU NÃO DESPREZAREI."""" (3X) (BIS)</lines>
    </verse>
    <verse name="v2">
      <lines>PRECIOSAS AS PALAVRAS DE JESUS,<br/>SUPREMO REI:<br/>""""A PORTA SOU, POR MIM ENTRAI;<br/>DESCANSO VOS DAREI."""" (3X) (BIS)</lines>
    </verse>
    <verse name="v3">
      <lines>PRECIOSAS AS PALAVRAS DE JESUS,<br/>SUPREMO REI:<br/>""""OH, VINDE, VÓS, CANSADOS, JÁ;<br/>É SUAVE A MINHA LEI!"""" (3X) (BIS)</lines>
    </verse>
    <verse name="v4">
      <lines>PRECIOSAS AS PALAVRAS DE JESUS,<br/>SUPREMO REI:<br/>""""POR VÓS O MUNDO JÁ VENCI;<br/>POR VÓS A VIDA DEI"""" (3X) (BIS)</lines>
    </verse>
  </lyrics>
</song>
