<?xml version='1.0' encoding='UTF-8'?>
<song xmlns="http://openlyrics.info/namespace/2009/song" version="0.8" createdIn="OpenLP 2.2.1" modifiedIn="OpenLP 2.2.1" modifiedDate="2016-02-21T21:43:10">
  <properties>
    <titles>
      <title> CC 023 - DEUS, FONTE DA VIDA</title>
    </titles>
    <authors>
      <author>CANTOR CRISTÃO</author>
    </authors>
  </properties>
  <lyrics>
    <verse name="v1">
      <lines>Ó DEUS DO CÉU, DA TERRA E MAR,<br/>HUMILDES VIMOS-TE ADORAR;<br/>O TEU AMOR, SIM, CELEBRAR,<br/>          QUE TUDO DÁS.</lines>
    </verse>
    <verse name="v2">
      <lines>A LUZ BENIGNA, LUZ SOLAR,<br/>E A BRISA BRANDA E SALUTAR,<br/>QUE VEM A TUDO RENOVAR,<br/>           SIM, TUDO DÁS.</lines>
    </verse>
    <verse name="v3">
      <lines>A VERDE RELVA, A LINDA FLOR,<br/>DE RICOS FRUTOS O PENHOR,<br/>PROCLAMAM TEU CONSTANTE AMOR.<br/>           SIM, TUDO DÁS.</lines>
    </verse>
    <verse name="v4">
      <lines>TU, POR UM MUNDO PECADOR<br/>TEU FILHO DESTE, O SALVADOR;<br/>COM ELE TUDO DÁS, SENHOR.<br/>            SIM, TUDO DÁS.</lines>
    </verse>
    <verse name="v5">
      <lines>DÁS VIDA AOS MORTOS E PERDÃO,<br/>DÁS AOS PERDIDOS SALVAÇÃO,<br/>DE PAZ ENCHENDO O CORAÇÃO.<br/>             SIM, TUDO DÁS.</lines>
    </verse>
    <verse name="v6">
      <lines>PUREZA DÁS E DÁS PODER,<br/>A GRAÇA QUE NOS É MISTER,<br/>POR TI VIVER, POR TI MORRER.<br/>             SIM, TUDO DÁS,</lines>
    </verse>
    <verse name="v7">
      <lines>ENSINA-NOS, SENHOR, A AMAR;<br/>ENSINA-NOS, SENHOR, A DAR,<br/>E A TI A VIDA CONSAGRAR,<br/>              POIS TUDO DÁS.</lines>
    </verse>
  </lyrics>
</song>
