<?xml version='1.0' encoding='UTF-8'?>
<song xmlns="http://openlyrics.info/namespace/2009/song" version="0.8" createdIn="OpenLP 2.2.1" modifiedIn="OpenLP 2.2.1" modifiedDate="2016-02-21T21:43:10">
  <properties>
    <titles>
      <title> CC 025 - AMOR</title>
    </titles>
    <authors>
      <author>CANTOR CRISTÃO</author>
    </authors>
  </properties>
  <lyrics>
    <verse name="v1">
      <lines>QUE GRANDE AMOR, EXCELSO AMOR,<br/>QUE CRISTO NOS MOSTROU!<br/>PRA SE TORNAR O SALVADOR<br/>A VIDA NÃO NEGOU.</lines>
    </verse>
    <verse name="v2">
      <lines>LOUVEMOS TÃO GRANDE AMOR,<br/>   SIM, TÃO GRANDE AMOR<br/>   QUE CRISTO ASSIM NOS MANIFESTA;<br/>   QUE MARAVILHA DE AMOR,<br/>   QUE NOS TROUXE PARA DEUS!</lines>
    </verse>
    <verse name="v3">
      <lines>NINGUÉM, POIS, DEVE DUVIDAR<br/>DO SEU TÃO GRANDE AMOR,<br/>MAS TODOS DEVEM ACEITAR<br/>O AMOR DO SALVADOR.</lines>
    </verse>
    <verse name="v4">
      <lines>O QUE ESSE AMOR DE NÓS FARÁ<br/>É-NOS VEDADO VER;<br/>MAS CRISTO EM BREVE VOLTARÁ,<br/>E NOS FARÁ SABER.</lines>
    </verse>
  </lyrics>
</song>
