<?xml version='1.0' encoding='UTF-8'?>
<song xmlns="http://openlyrics.info/namespace/2009/song" version="0.8" createdIn="OpenLP 2.2.1" modifiedIn="OpenLP 2.2.1" modifiedDate="2016-02-21T21:53:43">
  <properties>
    <titles>
      <title> CC 045 - POR AMOR DE NÓS</title>
    </titles>
    <authors>
      <author>CANTOR CRISTAO</author>
    </authors>
  </properties>
  <lyrics>
    <verse name="v1">
      <lines>SENHOR, QUÃO ADMIRÁVEL<br/>É TEU DIVINO AMOR!<br/>ETERNO E PERDURÁVEL,<br/>MOTIVO DE LOUVOR.<br/>AMANDO-NOS, BAIXASTE<br/>A ESTE MUNDO AQUI;<br/>QUERENDO ASSIM<br/>REMIR-NOS E NOS<br/>CHAMAR A TI.</lines>
    </verse>
    <verse name="v2">
      <lines>TU, POR AMOR, PROVASTE<br/>A NOSSA CONDIÇÃO,<br/>E, POR AMOR, LEVASTE<br/>A NOSSA PUNIÇÃO.<br/>SOFRESTE O DESAMPARO,<br/>A IRA E O DISSABOR,<br/>DEVIDOS AO PECADO,<br/>Ó GRANDE SOFREDOR!</lines>
    </verse>
    <verse name="v3">
      <lines>POR NÓS TU DESTE A VIDA,<br/>MORRENDO SOBRE A CRUZ;<br/>QUAL NOSSO SUBSTITUTO,<br/>SOFRESTE TU, JESUS.<br/>POR ISSO TE CERCAMOS<br/>COM GRATA ADORAÇÃO;<br/>PERANTE A TI PROSTRAMOS<br/>CORPO, ALMA E CORAÇÃO.</lines>
    </verse>
    <verse name="v4">
      <lines>E NÃO JULGAMOS POUCO,<br/>EM PROVA DESSE AMOR,<br/>O SER-NOS PERMITIDO<br/>SERVIR-TE AQUI, SENHOR.<br/>OU SEJA EM CULTO ALEGRE,<br/>OU SEJA NO SOFRER,<br/>OU SEJA NOS TRABALHOS,<br/>SEGUNDO O TEU QUERER.</lines>
    </verse>
  </lyrics>
</song>
