<?xml version='1.0' encoding='UTF-8'?>
<song xmlns="http://openlyrics.info/namespace/2009/song" version="0.8" createdIn="OpenLP 2.2.1" modifiedIn="OpenLP 2.2.1" modifiedDate="2016-02-21T21:43:10">
  <properties>
    <titles>
      <title> CC 022 - AMOR SUBLIME</title>
    </titles>
    <authors>
      <author>CANTOR CRISTÃO</author>
    </authors>
  </properties>
  <lyrics>
    <verse name="v1">
      <lines>QUAL AVE QUE, BUSCANDO OS CÉUS,<br/>O MUNDO DEIXA E SEUS TROFÉUS,<br/>MINHA ALMA VEM A TI, SENHOR,<br/>PRA CONHECER TEU TERNO AMOR.</lines>
    </verse>
    <verse name="v2">
      <lines>DIVINO AMOR, SUBLIME AMOR,<br/>   DOS GRANDES TEMAS O MAIOR!<br/>   MINHA ALMA QUER FRUIR, GOZAR<br/>   DE CRISTO O TÃO SUBLIME E AMOR.</lines>
    </verse>
    <verse name="v3">
      <lines>AMOR SUBLIME, AMOR REAL,<br/>AMOR ETERNO E SEM IGUAL,<br/>SOBRE UMA CRUZ POR MIM MORRER<br/>E ME SALVAR POR SEU PODER!</lines>
    </verse>
    <verse name="v4">
      <lines>TEU NOME, Ó DEUS, PUBLICAREI,<br/>A TUA GRAÇA, A TUA LEI,<br/>O TEU PODER E O TEU AMOR!<br/>MINHA ALMA ADORA-TE, SENHOR!</lines>
    </verse>
  </lyrics>
</song>
