<?xml version='1.0' encoding='UTF-8'?>
<song xmlns="http://openlyrics.info/namespace/2009/song" version="0.8" createdIn="OpenLP 2.2.1" modifiedIn="OpenLP 2.2.1" modifiedDate="2016-02-21T21:43:12">
  <properties>
    <titles>
      <title> CC 036 - O AMOR DE JESUS</title>
    </titles>
    <authors>
      <author>CANTOR CRISTÃO</author>
    </authors>
  </properties>
  <lyrics>
    <verse name="v1">
      <lines>Ó MARAVILHA DO AMOR DE JESUS,<br/>DESSE ADMIRÁVEL AMOR SEM IGUAL!<br/>CRISTO PENOU E MORREU NUMA CRUZ,<br/>PARA SALVAR-ME DA MORTE ETERNAL.</lines>
    </verse>
    <verse name="v2">
      <lines>CRISTO, MEU MESTRE, VEIO POR MIM,<br/>   VEIO POR MIM, VEIO POR MIM;<br/>   CRISTO, MEU MESTRE, VEIO POR MIM,<br/>   VEIO PRA ME SALVAR.</lines>
    </verse>
    <verse name="v3">
      <lines>OH, DUVIDAR PODEREI EU JAMAIS<br/>DESSE INSONDÁVEL AMOR DE JESUS!<br/>ELE ME VEIO TRAZER SUA PAZ,<br/>DANDO-ME ENTRADA NO REINO DE LUZ.</lines>
    </verse>
    <verse name="v4">
      <lines>CRISTO, MEU MESTRE DIVINO, MEU DEUS,<br/>QUIS-ME REMIR E ME DAR SEU FAVOR;<br/>ELE ME ABRIU O CAMINHO DOS CÉUS,<br/>E ME ADOTOU COMO FILHO DE AMOR.</lines>
    </verse>
    <verse name="v5">
      <lines>VOU-ME ENTREGAR A JESUS, E, FIEL,<br/>QUERO FAZER CONHECIDO ESSE AMOR<br/>QUE ME SALVOU DE UMA MORTE CRUEL;<br/>QUERO VIVER PARA MEU SALVADOR.</lines>
    </verse>
  </lyrics>
</song>
