<?xml version='1.0' encoding='UTF-8'?>
<song xmlns="http://openlyrics.info/namespace/2009/song" version="0.8" createdIn="OpenLP 2.2.1" modifiedIn="OpenLP 2.2.1" modifiedDate="2016-02-21T21:53:51">
  <properties>
    <titles>
      <title> CC 091 - SANGUE DE JESUS</title>
    </titles>
    <authors>
      <author>CANTOR CRISTÃO</author>
    </authors>
  </properties>
  <lyrics>
    <verse name="v1">
      <lines>O SANGUE TÃO PRECIOSO DE JESUS<br/>DO PECADO PURIFICA;<br/>O SANGUE DE JESUS ME PURIFICA;<br/>MESMO, MESMO A MIM.</lines>
    </verse>
  </lyrics>
</song>
