<?xml version='1.0' encoding='UTF-8'?>
<song xmlns="http://openlyrics.info/namespace/2009/song" version="0.8" createdIn="OpenLP 2.2.1" modifiedIn="OpenLP 2.2.1" modifiedDate="2016-02-21T21:53:46">
  <properties>
    <titles>
      <title> CC 067 - CRISTO EXALTADO</title>
    </titles>
    <authors>
      <author>CANTOR CRISTÃO</author>
    </authors>
  </properties>
  <lyrics>
    <verse name="v1">
      <lines>EIS ENTRONIZADO, À DESTRA DO BOM DEUS,<br/>COMO REI ETERNO, CRISTO, LÁ NOS CÉUS;<br/>ELE É REI DA GLÓRIA, QUE A SATÃ VENCEU;<br/>FEITA TAL VITÓRIA, DEUS O RECEBEU.</lines>
    </verse>
    <verse name="v2">
      <lines>PELA SUA GRAÇA, PELO SEU AMOR,<br/>   SEJA DADO A CRISTO CORDIAL LOUVOR!</lines>
    </verse>
    <verse name="v3">
      <lines>VEIO RESGATAR-NOS PELA SUA CRUZ;<br/>QUER APRESENTAR-NOS EM CELESTE LUZ.<br/>PELA SUA MORTE, PELO SEU SOFRER,<br/>O INIMIGO NUNCA PODERÁ VENCER.</lines>
    </verse>
    <verse name="v4">
      <lines>MAS O SEU SERVIÇO CONTINUA ALI;<br/>PODERÁ VALER-NOS, ENTRETRANDO, AQUI;<br/>POR NÓS ADVOGANDO O PAI ESTÁ;<br/>ELE NOS AJUDA E SEMPRE AJUDARÁ.</lines>
    </verse>
  </lyrics>
</song>
