<?xml version='1.0' encoding='UTF-8'?>
<song xmlns="http://openlyrics.info/namespace/2009/song" version="0.8" createdIn="OpenLP 2.2.1" modifiedIn="OpenLP 2.2.1" modifiedDate="2016-02-21T21:53:44">
  <properties>
    <titles>
      <title> CC 053 - OS FILHOS DE SIÃO</title>
    </titles>
    <authors>
      <author>CANTOR CRISTÃO</author>
    </authors>
  </properties>
  <lyrics>
    <verse name="v1">
      <lines>Ó FILHOS DE SIÃO,<br/>HONRAI O REI DOS REIS;<br/>LOUVORES ALTOS LHE CANTAI,  (BIS)<br/>GUARDAI AS SANTAS LEIS.  (BIS)</lines>
    </verse>
    <verse name="v2">
      <lines>OS QUE DO MUNDO SÃO<br/>A DEUS NÃO DÃO LOUVOR;<br/>MAS, FILHOS DO CELESTE REI,  (BIS)<br/>LOUVAI AO SALVADOR!  (BIS)</lines>
    </verse>
    <verse name="v3">
      <lines>SIÃO É A NOSSA SANTA E GLORIOSA CIDADE,<br/>   TAMBÉM PERENE MORADA<br/>   DOS CRENTES EM NOSSO JESUS.</lines>
    </verse>
    <verse name="v4">
      <lines>DOS MONTES DE SIÃO<br/>PROVÊM DELÍCIAS TAIS,<br/>QUE DE PRAZER NOS ENCHEM MAIS  (BIS)<br/>QUE GOZOS TERREAIS.  (BIS)</lines>
    </verse>
    <verse name="v5">
      <lines>OH, VENHAM-NO LOUVAR<br/>OS QUE SEUS FILHOS SÃO,<br/>E SE ERGAM JÁ A DEMANDAR (BIS)<br/>ÀS PLAGAS DE SIÃO!  (BIS)</lines>
    </verse>
  </lyrics>
</song>
