<?xml version='1.0' encoding='UTF-8'?>
<song xmlns="http://openlyrics.info/namespace/2009/song" version="0.8" createdIn="OpenLP 2.2.1" modifiedIn="OpenLP 2.2.1" modifiedDate="2016-02-21T21:53:46">
  <properties>
    <titles>
      <title> CC 065 - JESUS, O BEM-AMADO</title>
    </titles>
    <authors>
      <author>CANTOR CRISTÃO</author>
    </authors>
  </properties>
  <lyrics>
    <verse name="v1">
      <lines>JESUS, TEU NOME SATISFAZ;<br/>POR TODO O ORBE ESPALHA A PAZ;<br/>PERFEITO GOZO E VIDA TRAZ,<br/>JESUS, MEU BEM-AMADO!</lines>
    </verse>
    <verse name="v2">
      <lines>POIS, À MINHA ALMA, Ó SALVADOR,<br/>A CORAÇÃO TÃO SOFREDOR<br/>CONCEDES FORÇAS E VIGOR,<br/>JESUS, MEU BEM-AMADO!</lines>
    </verse>
    <verse name="v3">
      <lines>AFLITO PELA TENTAÇÃO,<br/>ME FORTALECE A TUA MÃO;<br/>PROSTRADO, INVOCO, EM ORAÇÃO,<br/>JESUS, MEU BEM-AMADO!</lines>
    </verse>
    <verse name="v4">
      <lines>JESUS, TEU NOME É SEM IGUAL,<br/>TÃO CARINHOSO, TÃO LEAL;<br/>ÉS BOM PASTOR, CELESTIAL,<br/>JESUS, MEU BEM-AMADO!</lines>
    </verse>
    <verse name="v5">
      <lines>CRISTO, NOME DE VALOR!<br/>   CRISTO, FORTE REDENTOR!<br/>   CRISTO, SUMO E BOM PASTOR,<br/>   SOU TEU ETERNAMENTE!</lines>
    </verse>
  </lyrics>
</song>
