<?xml version='1.0' encoding='UTF-8'?>
<song xmlns="http://openlyrics.info/namespace/2009/song" version="0.8" createdIn="OpenLP 2.2.1" modifiedIn="OpenLP 2.2.1" modifiedDate="2016-02-21T21:43:09">
  <properties>
    <titles>
      <title> CC 018 - AMOR SEM IGUAL</title>
    </titles>
    <authors>
      <author>CANTOR CRISTÃO</author>
    </authors>
  </properties>
  <lyrics>
    <verse name="v1">
      <lines>OH! NÃO TENS OUVIDO DO AMOR SEM IGUAL,<br/>DO AMOR QUE TEU DEUS TEM POR TI?!<br/>DO AMOR QUE O LEVOU A SEU FILHO ENTREGAR,<br/>PRA OS SALVOS LEVAR PARA SI?!</lines>
    </verse>
    <verse name="v2">
      <lines>OH, CRÊ! OH, CRÊ!<br/>   A GRAÇA DE DEUS TE CHAMA DOS CÉUS.<br/>   OH, CRÊ NESSE AMOR SEM IGUAL!</lines>
    </verse>
    <verse name="v3">
      <lines>NÃO FORAM OS GRANDES QUE CRISTO CHAMOU,<br/>NEM JUSTOS VEIO ELE SALVAR;<br/>MAS POBRES E FRACOS, CULPADOS E MAUS<br/>MANDOU PELOS SERVOS CHAMAR.</lines>
    </verse>
    <verse name="v4">
      <lines>O HOMEM, PORÉM, NÃO PODIA CHEGAR<br/>À SANTA PRESENÇA DE DEUS;<br/>PORQUE SEUS PECADOS, QUAL GRANDE MONTÃO,<br/>VENDAVAM-LHE A ENTRADA NOS CÉUS.</lines>
    </verse>
    <verse name="v5">
      <lines>MAS PELO SEU SANGUE JESUS EXPIOU<br/>A CULPA DOS CRENTES NA CRUZ;<br/>TIRANDO O PECADO, CAMINHO MOSTROU,<br/>O QUAL PARA O CÉU NOS CONDUZ.</lines>
    </verse>
    <verse name="v6">
      <lines>E TU, PECADOR, NÃO DESEJAS, ENTÃO,<br/>O AMOR DO TEU DEUS CONHECER?<br/>POR FÉ NO SENHOR, COMO TEU SALVADOR,<br/>IRÁS ALCANÇAR TAL PRAZER.</lines>
    </verse>
  </lyrics>
</song>
