<?xml version='1.0' encoding='UTF-8'?>
<song xmlns="http://openlyrics.info/namespace/2009/song" version="0.8" createdIn="OpenLP 2.2.1" modifiedIn="OpenLP 2.2.1" modifiedDate="2016-02-21T21:53:45">
  <properties>
    <titles>
      <title> CC 061 - GLÓRIA A JESUS</title>
    </titles>
    <authors>
      <author>CANTOR CRISTÃO</author>
    </authors>
  </properties>
  <lyrics>
    <verse name="v1">
      <lines>GLÓRIA, GLÓRIA, ALELUIA!<br/>GLÓRIA, GLÓRIA AO NOSSO SALVADOR!<br/>GLÓRIA A JESUS, GLÓRIA A JESUS,<br/>NOSSO GRANDE REDENTOR!</lines>
    </verse>
  </lyrics>
</song>
