<?xml version='1.0' encoding='UTF-8'?>
<song xmlns="http://openlyrics.info/namespace/2009/song" version="0.8" createdIn="OpenLP 2.2.1" modifiedIn="OpenLP 2.2.1" modifiedDate="2016-02-21T21:53:51">
  <properties>
    <titles>
      <title> CC 094 - JESUS NA CRUZ</title>
    </titles>
    <authors>
      <author>CANTOR CRISTÃO</author>
    </authors>
  </properties>
  <lyrics>
    <verse name="v1">
      <lines>SÓ TU, JESUS, LEVASTE A CRUZ,<br/>HUMILDE EM TEU AMOR;<br/>NO TEU OLHAR BRILHAVA A LUZ<br/>DE COMPAIXÃO, SENHOR!</lines>
    </verse>
    <verse name="v2">
      <lines>JULGADO FOSTE COMO RÉU,<br/>PILATOS FOI JUIZ;<br/>DE ENGANADOR FOI TEU LABÉU,<br/>JULGARAM-TE INFELIZ!</lines>
    </verse>
    <verse name="v3">
      <lines>SOFRESTE ZOMBARIAS MIL,<br/>DESDÉM E AMARGO FEL;<br/>FERIU-TE A REJEIÇÃO HOSTIL<br/>DE GENTE TÃO CRUEL!</lines>
    </verse>
    <verse name="v4">
      <lines>SUSPENSO EM UM MADEIRO VIL,<br/>MOSTRASTE O TEU AMOR;<br/>PERDÃO PRA GENTE TÃO SERVIL<br/>ROGASTE, SALVADOR!</lines>
    </verse>
    <verse name="v5">
      <lines>RENDESTE O ESPÍRITO A JEOVÁ,<br/>COM GRANDE BRADO TEU,<br/>SIM: """"TUDO CONSUMADO ESTÁ.""""<br/>MISSÃO QUE O PAI TE DEU!</lines>
    </verse>
  </lyrics>
</song>
