<?xml version='1.0' encoding='UTF-8'?>
<song xmlns="http://openlyrics.info/namespace/2009/song" version="0.8" createdIn="OpenLP 2.2.1" modifiedIn="OpenLP 2.2.1" modifiedDate="2016-12-18T13:21:42">
  <properties>
    <titles>
      <title> CC 033 - NASCEU JESUS</title>
    </titles>
    <verseOrder>v1 c1 v2 c1</verseOrder>
    <authors>
      <author>CANTOR CRISTÃO</author>
    </authors>
  </properties>
  <lyrics>
    <verse name="v1">
      <lines>NASCE JESUS, FONTE DE LUZ!<br/>DESCEM OS ANJOS CANTANDO;<br/>NASCE JESUS, É NOSSA LUZ;<br/>TREVAS VEM, POIS, DISSIPANDO.<br/>NASCE JESUS, FONTE DE LUZ!<br/>ROMPE AS CADEIAS DO FORTE,<br/>RAIA O DIA DA SALVAÇÃO, TRIUNFANTE VEM!<br/>SALVE JESUS! OH, FIRMA TEU JUSTO IMPÉRIO!<br/>GRATO LOUVOR OS HOMENS E OS ANJOS DÊEM!</lines>
    </verse>
    <verse name="c1">
      <lines>NASCE JESUS, FONTE DE LUZ!<br/>   OH! GLÓRIA A DEUS NAS ALTURAS!<br/>   PAZ NA TERRA AOS HOMENS,<br/>   A QUEM QUER ELE BEM!</lines>
    </verse>
    <verse name="v2">
      <lines>DEUS NOS AMOU E NOS MANDOU<br/>CRISTO, SEU FILHO QUERIDO.<br/>DEUS NOS AMOU, DEUS ENCARNOU!<br/>VEDE O MENINO NASCIDO!<br/>DEUS NOS AMOU! DEUS NOS AMOU!<br/>DIGAM-NO TODOS OS POVOS;<br/>GOZAM PAZ E SALVAÇÃO TODOS OS QUE CRÊEM.<br/>REINO BENDITO! REINO DE AMOR DIVINO!<br/>EIS QUE AS NAÇÕES RESGATE POR CRISTO TÊM!</lines>
    </verse>
  </lyrics>
</song>
