<?xml version='1.0' encoding='UTF-8'?>
<song xmlns="http://openlyrics.info/namespace/2009/song" version="0.8" createdIn="OpenLP 2.2.1" modifiedIn="OpenLP 2.2.1" modifiedDate="2017-01-22T22:41:19">
  <properties>
    <titles>
      <title> CC 004 - AO DEUS SANTO</title>
    </titles>
    <authors>
      <author>CANTOR CRISTÃO</author>
    </authors>
  </properties>
  <lyrics>
    <verse name="v1">
      <lines>SANTO, SANTO, SANTO,<br/>ÉS TU, SENHOR!<br/>LOUVEM-TE NOS ALTOS CÉUS,<br/>E NA TERRA OS FILHOS TEUS,<br/>Ó DEUS DE AMOR.</lines>
    </verse>
    <verse name="v2">
      <lines>SANTO, SANTO, SANTO,<br/>ÉS TU, SENHOR!<br/>LOUVEM-TE NOS ALTOS CÉUS,<br/>E NA TERRA OS FILHOS TEUS,<br/>Ó DEUS DE AMOR!!!</lines>
    </verse>
  </lyrics>
</song>
