<?xml version='1.0' encoding='UTF-8'?>
<song xmlns="http://openlyrics.info/namespace/2009/song" version="0.8" createdIn="OpenLP 2.2.1" modifiedIn="OpenLP 2.2.1" modifiedDate="2016-02-21T21:53:52">
  <properties>
    <titles>
      <title> CC 099 - RESSURREIÇÃO</title>
    </titles>
    <authors>
      <author>CANTOR CRISTÃO</author>
    </authors>
  </properties>
  <lyrics>
    <verse name="v1">
      <lines>EIS MORTO O SALVADOR<br/>NA SEPULTURA!<br/>MAS COM PODER, VIGOR,<br/>RESSUSCITOU.</lines>
    </verse>
    <verse name="v2">
      <lines>DA SEPULTURA SAIU!<br/>   COM TRIUNFO E GLÓRIA RESSURGIU!<br/>   RESSURGIU, VENCENDO A MORTE E O SEU PODER;<br/>   PODE AGORA A TODOS VIDA CONCEDER!<br/>   RESSURGIU! RESSURGIU!<br/>   ALELUIA! RESSURGIU!</lines>
    </verse>
    <verse name="v3">
      <lines>TOMARAM PRECAUÇÃO<br/>COM SEU SEPULCRO;<br/>MAS TUDO FOI EM VÃO<br/>PARA O RETER.</lines>
    </verse>
    <verse name="v4">
      <lines>A MORTE CONQUISTOU<br/>COM GRANDE GLÓRIA!<br/>OH, GRAÇAS, ALCANÇOU<br/>VIDA ETERNAL.</lines>
    </verse>
  </lyrics>
</song>
