<?xml version='1.0' encoding='UTF-8'?>
<song xmlns="http://openlyrics.info/namespace/2009/song" version="0.8" createdIn="OpenLP 2.2.1" modifiedIn="OpenLP 2.2.1" modifiedDate="2016-02-21T21:53:57">
  <properties>
    <titles>
      <title> CC 130 - BENEFICÊNCIA</title>
    </titles>
    <authors>
      <author>CANTOR CRISTÃO</author>
    </authors>
  </properties>
  <lyrics>
    <verse name="v1">
      <lines>SE JÁ LIBERTO FOSTE, Ó PECADOR,<br/>POR QUEM MORREU NA NEGRA CRUZ,<br/>MOSTRA POR FRUTOS SANTOS, EM AMOR,<br/>QUE PERTENCES A JESUS.</lines>
    </verse>
    <verse name="v2">
      <lines>QUEM PODERÁ GOZAR O SEU FAVOR<br/>E SEGUIDOR DE CRISTO SER,<br/>SE, DESUMANO, DEIXA, SEM HORROR,<br/>SEU IRMÃO A PERECER?</lines>
    </verse>
    <verse name="v3">
      <lines>TER FÉ QUE POSSA MONTES TRANSPORTAR<br/>É GRANDE DOM QUE VEM DOS CÉUS;<br/>MAS DOS ENFERMOS DORES MITIGAR<br/>É SUPREMO DOM DE DEUS.</lines>
    </verse>
    <verse name="v4">
      <lines>TODOS TENHAMOS GOZO DO DULÇOR<br/>DE PRATICAR NOSSO DEVER;<br/>OUÇAM DE LONGE AS GENTES SEU LOUVOR,<br/>ESCUTANDO ASSIM DIZER:</lines>
    </verse>
    <verse name="v5">
      <lines>VINDE, CRISTÃOS, LOUVAR;<br/>   VINDE, CRISTÃOS, CANTAR<br/>   A JESUS, DO MUNDO GRANDE REDENTOR.<br/>   VINDE RENDER LOUVOR,<br/>   PELO SEU GRANDE AMOR.<br/>   A JESUS, O REDENTOR.</lines>
    </verse>
  </lyrics>
</song>
