<?xml version='1.0' encoding='UTF-8'?>
<song xmlns="http://openlyrics.info/namespace/2009/song" version="0.8" createdIn="OpenLP 2.2.1" modifiedIn="OpenLP 2.2.1" modifiedDate="2016-02-21T21:53:54">
  <properties>
    <titles>
      <title> CC 114 - A VINDA DO SENHOR</title>
    </titles>
    <verseOrder>v1 v2 v3 v2 v4 v2 v5 v2 v6 v2</verseOrder>
    <authors>
      <author>CANTOR CRISTÃO</author>
    </authors>
  </properties>
  <lyrics>
    <verse name="v1">
      <lines>COMO FOI PARA O CÉU, JESUS CRISTO HÁ DE VIR<br/>QUANDO O SOM DA TROMBETA ECOAR;<br/>QUANDO A VOZ DO ARCANJO NO CÉU ESTRUGIR,<br/>EU IREI COM JESUS ME ENCOTRAR.</lines>
    </verse>
    <verse name="v2">
      <lines>OH, QUE DIA FAUSTOSO ESSE DIA HÁ DE SER<br/>   QUANDO O SOM DA TROMBETA ECOAR;<br/>   QUANDO CRISTO, NAS NUVENS, TIVER DE DESCER,<br/>   PARA, ASSIM, ENTRE NÓS HABITAR!</lines>
    </verse>
    <verse name="v3">
      <lines>NESSE DIA DE GLÓRIA MEU CORPO MORTAL<br/>SEMELHANTE AO DE CRISTO HÁ DE SER;<br/>E JÁ LIVRE DA MORTE, E JÁ LIVRE DO MAL,<br/>O MILÊNIO DE CRISTO HEI DE VER.</lines>
    </verse>
    <verse name="v4">
      <lines>EU AQUI, PELA CRUZ, PARA O MUNDO MORRI,<br/>MUITA DOR INDA AQUI SOFREREI;<br/>MINHA VIDA COM CRISTO EM MEU DEUS ESCONDI,<br/>E COM CRISTO EU AQUI REINAREI.</lines>
    </verse>
    <verse name="v5">
      <lines>VEM, JESUS, Ó SENHOR, VEM DEPRESSA REINAR,<br/>VEM A PAZ E A JUSTIÇA TRAZER;<br/>CRIAÇÃO, POVO TEU, TUDO ALMEJA O RAIAR<br/>DESSE DIA DE GLÓRIA E PODER.</lines>
    </verse>
    <verse name="v6">
      <lines>ESTE IMPÉRIO DO MAL, VEM, SENHOR, DESTRUIR,<br/>VEM, ESPOSO CELESTE, REINAR!<br/>VEM, Ó SOL DA JUSTIÇA, NO MUNDO LUZIR;<br/>Ó MEU REI, VEM MEU PRANTO ESTANCAR!</lines>
    </verse>
  </lyrics>
</song>
