<?xml version='1.0' encoding='UTF-8'?>
<song xmlns="http://openlyrics.info/namespace/2009/song" version="0.8" createdIn="OpenLP 2.2.1" modifiedIn="OpenLP 2.2.1" modifiedDate="2016-02-21T21:53:57">
  <properties>
    <titles>
      <title> CC 133 - EXULTAÇÃO</title>
    </titles>
    <authors>
      <author>CANTOR CRISTÃO</author>
    </authors>
  </properties>
  <lyrics>
    <verse name="v1">
      <lines>TRIBUTAI, Ó VÓS, REMIDOS,<br/>GRATOS HINOS A JESUS;<br/>TENDES UMA HERANÇA BOA,<br/>ABRIGADA EM SANTA LUZ!<br/>POIS CANTAI COM ALEGRIA,<br/>QUE DESCANSO ENCONTRAREIS;<br/>E NO DERRADEIRO DIA<br/>A JESUS ENCONTRAREIS.</lines>
    </verse>
    <verse name="v2">
      <lines>NESTA VIDA ACHAIS TRISTEZAS,<br/>MORTE, DOR, SEPARAÇÃO;<br/>ACHAREIS NO CÉU RIQUEZAS<br/>QUE JAMAIS SE ACABARÃO.<br/>NA CIDADE MUI GLORIOSA<br/>REINA CRISTO COM FULGOR;<br/>NÃO HÁ PRANTO, NEM PECADO,<br/>NA PRESENÇA DO SENHOR.</lines>
    </verse>
    <verse name="v3">
      <lines>PARA AS BODAS DO CORDEIRO,<br/>Ó REMIDOS, ENTRAREIS;<br/>E, DE NOVO, NO SEU REINO,<br/>VÓS DO CÁLIX BEBEREIS.<br/>EXULTAI, SIM, ALEGRAI-VOS,<br/>QUE VEREIS O BOM JESUS!<br/>LOUVAREIS ETERNAMENTE<br/>AO CORDEIRO EM SANTA LUZ!</lines>
    </verse>
  </lyrics>
</song>
