<?xml version='1.0' encoding='UTF-8'?>
<song xmlns="http://openlyrics.info/namespace/2009/song" version="0.8" createdIn="OpenLP 2.2.1" modifiedIn="OpenLP 2.2.1" modifiedDate="2016-02-21T21:43:34">
  <properties>
    <titles>
      <title> CC 184 - HÁ LIVRE PERDÃO</title>
    </titles>
    <authors>
      <author>CANTOR CRISTÃO</author>
    </authors>
  </properties>
  <lyrics>
    <verse name="v1">
      <lines>GLÓRIA A JESUS, POIS HÁ LIVRE PERDÃO!<br/>VEM, PECADOR, ACEITAR ESTE DOM:<br/>DE DEUS UM LIVRE PERDÃO!<br/>VEM, SIM, AGORA EM JESUS CONFIAR;<br/>VIDA PERENE VAIS NELE ENCONTRAR,<br/>E PLENO E LIVRE PERDÃO!</lines>
    </verse>
    <verse name="v2">
      <lines>LONGE DE CRISTO SÓ PODES SOFRER,<br/>MAS NOS SEUS BRAÇOS HÁ SUMO PRAZER.<br/>EM DEUS HÁ LIVRE PERDÃO!<br/>TREVAS TE CERCAM? OH, VEM PARA A LUZ;<br/>PAZ, FORÇA E VIDA TERÁS EM JESUS<br/>E PLENO E LIVRE PERDÃO!</lines>
    </verse>
    <verse name="v3">
      <lines>CRISTO ESTÁ PRONTO PRA TE PERDOAR!<br/>   Ó PECADOR, POR QUE NÃO ACEITAR?<br/>   EM DEUS HÁ LIVRE PERDÃO.</lines>
    </verse>
    <verse name="v4">
      <lines>BASTA PENSAR SÓ NO SEU GRANDE AMOR,<br/>NO SEU SOFRER E NA MORTE DE HORROR,<br/>PRA VER QUE HÁ LIVRE PERDÃO!<br/>ARREPENDIDO, TE ENTREGA A JESUS,<br/>QUE TE CONCEDE PERDÃO PELA CRUZ,<br/>SIM, PLENO E LIVRE PERDÃO!</lines>
    </verse>
    <verse name="v5">
      <lines>SIM, HÁ PERDÃO PARA AQUELE QUE CRER!<br/>E MESMO AGORA TU PODES OBTER<br/>DE DEUS UM LIVRE PERDÃO!<br/>CRISTO TE ESPERA, SIM, VEM COMO ESTÁS;<br/>OH, VEM AGORA, POIS RECEBERÁS<br/>UM PLENO ELIVRE PERDÃO!</lines>
    </verse>
  </lyrics>
</song>
