<?xml version='1.0' encoding='UTF-8'?>
<song xmlns="http://openlyrics.info/namespace/2009/song" version="0.8" createdIn="OpenLP 2.2.1" modifiedIn="OpenLP 2.2.1" modifiedDate="2016-02-21T21:43:36">
  <properties>
    <titles>
      <title> CC 196 - CONTA-ME</title>
    </titles>
    <authors>
      <author>CANTOR CRISTÃO</author>
    </authors>
  </properties>
  <lyrics>
    <verse name="v1">
      <lines>CONTA-ME A HISTÓRIA DE CRISTO,<br/>GRAVA-A NO MEU CORAÇÃO;<br/>CONTA-ME A HISTÓRIA PRECIOSA,<br/>POIS ELE DÁ SALVAÇÃO.<br/>CONTA QUE OS ANJOS EM CORO<br/>DERAM LOUVOR A JEOVÁ.<br/>OH! GLÓRIA A DEUS NAS ALTURAS<br/>PELO PERDÃO QUE NOS DÁ!         (BIS)</lines>
    </verse>
    <verse name="v2">
      <lines>CRISTO SOFREU NO DESERTO,<br/>DIAS AMARGOS PASSOU<br/>PELO MALIGNO TENTADO,<br/>MAS EM PODER TRIUNFOU.<br/>CONTA DOS SEUS SOFRIMENTOS<br/>QUE ELE POR NÓS PADECEU<br/>QUANDO, EM TERRÍVEL ANGÚSTIA,<br/>LÁ NO CALVÁRIO MORREU!           (BIS)</lines>
    </verse>
    <verse name="v3">
      <lines>CONTA DO CÁLIX AMARGO;<br/>ELE SOFREU MALDIÇÃO!<br/>CONTA DO TRISTE SEPULCRO,<br/>CONTA DA RESSURREIÇÃO.<br/>OH! GRANDE AMOR INDIVIZÍVEL!<br/>GRAÇA E FAVOR DIVINAL!<br/>SANTOS LOUVORES CANTEMOS       (BIS)<br/>AO SALVADOR ETERNAL!</lines>
    </verse>
  </lyrics>
</song>
