<?xml version='1.0' encoding='UTF-8'?>
<song xmlns="http://openlyrics.info/namespace/2009/song" version="0.8" createdIn="OpenLP 2.2.1" modifiedIn="OpenLP 2.2.1" modifiedDate="2016-02-21T21:53:52">
  <properties>
    <titles>
      <title> CC 100 - JESUS RESSUSCITADO</title>
    </titles>
    <authors>
      <author>CANTOR CRISTÃO</author>
    </authors>
  </properties>
  <lyrics>
    <verse name="v1">
      <lines>EIS JESUS RESSUSCITADO!<br/>ELE PARA O CÉU SUBIU.<br/>AS PRISÕES QUEBROU DA MORTE,<br/>GRANDES FEITOS CONSEGUIU.<br/>EIS JESUS RESSUSCITADO!<br/>VIVE E REINA LÁ NO CÉU!<br/>EIS JESUS RESSUSCITADO!<br/>VOLTARÁ AO POVO SEU!</lines>
    </verse>
    <verse name="v2">
      <lines>EIS JESUS RESSUSCITADO,<br/>PARA NOSSO MESTRE SER!<br/>CONSEGUIU, NA CRUZ MORRENDO,<br/>PELO CRENTE INTERCEDER.<br/>EIS JESUS RESSUSCITADO,<br/>PRA A VITÓRIA NOS GANHAR!<br/>EIS JESUS RESSUSCITADO,<br/>PARA NOS JUSTIFICAR!</lines>
    </verse>
    <verse name="v3">
      <lines>EIS JESUS RESSUSCITADO!<br/>ELE A MORTE ANIQUILOU,<br/>PRA RESSUSCITAR-NOS TODOS,<br/>SIM, OS CRENTES QUE SALVOU.<br/>EIS JESUS RESSUSCITADO!<br/>ELE EM BREVE VOLTARÁ.<br/>EIS JESUS RESSUSCITADO,<br/>E CONSIGO NOS TERÁ!</lines>
    </verse>
  </lyrics>
</song>
