<?xml version='1.0' encoding='UTF-8'?>
<song xmlns="http://openlyrics.info/namespace/2009/song" version="0.8" createdIn="OpenLP 2.2.1" modifiedIn="OpenLP 2.2.1" modifiedDate="2016-02-21T21:53:59">
  <properties>
    <titles>
      <title> CC 140 - DOMINGO</title>
    </titles>
    <authors>
      <author>CANTOR CRISTÃO</author>
    </authors>
  </properties>
  <lyrics>
    <verse name="v1">
      <lines>DOMINGO, Ó DIA DE AMOR,<br/>TÃO CHEIO DE PRAZER!<br/>ALMEJO, Ó MEU SENHOR,<br/>A GRAÇA E TEU PODER;<br/>HONRAR-TE, SIM, GLORIOSO REI.<br/>CUMPRIR A TUA SANTA LEI.</lines>
    </verse>
    <verse name="v2">
      <lines>ENCHER-ME VEM, SENHOR,<br/>DE GOZO E MUITA FÉ<br/>Ó GRANDE BENFEITOR<br/>CONCEDE-ME A MERCÊ<br/>DE PECADORES DESPERTAR<br/>E TUA IGREJA ESTIMULAR!</lines>
    </verse>
    <verse name="v3">
      <lines>ESPÍRITO DE LUZ,<br/>OH, DÁ-ME O DOM DO AMOR,<br/>QUE VEJO EM MEU JESUS,<br/>O MEIGO E BOM PASTOR!<br/>ENSINA-ME, POIS, MEU DEVER;<br/>DIRIGE TODO MEU VIVER.</lines>
    </verse>
  </lyrics>
</song>
