<?xml version='1.0' encoding='UTF-8'?>
<song xmlns="http://openlyrics.info/namespace/2009/song" version="0.8" createdIn="OpenLP 2.2.1" modifiedIn="OpenLP 2.2.1" modifiedDate="2016-02-21T21:43:30">
  <properties>
    <titles>
      <title> CC 154 - FIRME NAS PROMESSAS</title>
    </titles>
    <verseOrder>v1 v2 v3 v2 v4 v2 v5 v2</verseOrder>
    <authors>
      <author>CANTOR CRISTÃO</author>
    </authors>
  </properties>
  <lyrics>
    <verse name="v1">
      <lines>FIRME NAS PROMESSAS DO MEU SALVADOR,<br/>CANTAREI LOUVORES AO MEU CRIADOR.<br/>FICO, PELOS SÉCULOS DO SEU AMOR,<br/>FIRME NAS PROMESSAS DE JESUS.</lines>
    </verse>
    <verse name="v2">
      <lines>FIRME, FIRME,<br/>   FIRME NAS PROMESSAS DE JESUS, MEU MESTRE.<br/>   FIRME, FIRME,<br/>   SIM FIRME NAS PROMESSAS DE JESUS.</lines>
    </verse>
    <verse name="v3">
      <lines>FIRME NAS PROMESSAS NÃO IREI FALHAR,<br/>VINDO AS TEMPESTADES A ME CONSTERNAR,<br/>PELO VERBO ETERNO EU HEI DE TRABALHAR,<br/>FIRME NAS PROMESSAS DE JESUS. </lines>
    </verse>
    <verse name="v4">
      <lines>FIRME NAS PROMESSAS, SEMPRE VEJO ASSIM<br/>PURIFICAÇÃO NO SANGUE PARA MIM;<br/>PLENA LIBERDADE GOZAREI, SEM FIM,<br/>FIRME NAS PROMESSAS DE JESUS.</lines>
    </verse>
    <verse name="v5">
      <lines>FIRME NAS PROMESSAS DO SENHOR JESUS,<br/>EM AMOR LIGADO COM A SUA CRUZ,<br/>CADA DIA MAIS ALEGRO-ME NA LUZ,<br/>FIRME NAS PROMESSAS DE JESUS.</lines>
    </verse>
  </lyrics>
</song>
