<?xml version='1.0' encoding='UTF-8'?>
<song xmlns="http://openlyrics.info/namespace/2009/song" version="0.8" createdIn="OpenLP 2.2.1" modifiedIn="OpenLP 2.2.1" modifiedDate="2016-02-21T21:53:57">
  <properties>
    <titles>
      <title> CC 132 - EBENÉZER</title>
    </titles>
    <authors>
      <author>CANTOR CRISTÃO</author>
    </authors>
  </properties>
  <lyrics>
    <verse name="v1">
      <lines>FONTE TU DE TODA BÊNÇÃO,<br/>VEM O CANTO ME INSPIRAR;<br/>DONS DE DEUS, QUE NUNCA CESSAM,<br/>QUERO EM ALTO SOM LOUVAR.<br/>OH, ENSINA O NOVO CANTO<br/>DOS REMIDOS LÁ DOS CÉUS<br/>AO TEU SERVO E AO POVO SANTO,<br/>PRA LOUVARMOS-TE, BOM DEUS!</lines>
    </verse>
    <verse name="v2">
      <lines>CÁ MEU """"EBENÉZER"""" ERGO,<br/>POIS JESUS ME SOCORREU;<br/>E, POR SUA GRAÇA, ESPERO<br/>TRANSPORTAR-ME PARA O CÉU.<br/>EU, PERDIDO, PROCUROU-ME,<br/>LONGE DO MEU DEUS, SEM LUZ;<br/>MACULADO E VIL, LAVOU-ME<br/>COM SEU SANGUE O BOM JESUS.</lines>
    </verse>
    <verse name="v3">
      <lines>DEVEDOR À TUA GRAÇA<br/>CADA DIA E HORA SOU;<br/>TEU DESVELO SEMPRE FAÇA<br/>COM QUE EU AME A TI, SENHOR.<br/>EIS MINHA ALMA VACILANTE:<br/>TOMA-A, PRENDE-A COM AMOR,<br/>PARA QUE ELA, A TODO INSTANTE,<br/>GLORIFIQUE A TI, SENHOR.</lines>
    </verse>
  </lyrics>
</song>
