<?xml version='1.0' encoding='UTF-8'?>
<song xmlns="http://openlyrics.info/namespace/2009/song" version="0.8" createdIn="OpenLP 2.2.1" modifiedIn="OpenLP 2.2.1" modifiedDate="2016-02-21T21:43:36">
  <properties>
    <titles>
      <title> CC 197 - INABALÁVEL</title>
    </titles>
    <authors>
      <author>CANTOR CRISTÃO</author>
    </authors>
  </properties>
  <lyrics>
    <verse name="v1">
      <lines>A CRUZ AINDA FIRME ESTÁ. ALELUIA!<br/>                                          ALELUIA!<br/>E PARA SEMPRE FICARÁ. ALELUIA! ALELUIA!<br/>POIS O INFERNO TRABALHOU,<br/>SATANÁS RANCOR MOSTROU,<br/>MAS NINGUÉM A DERRIBOU!<br/>ALELUIA PELA CRUZ!</lines>
    </verse>
    <verse name="v2">
      <lines>ALELUIA! ALELUIA!<br/>   ALELUIA POR JESUS!<br/>   ALELUIA! ALELUIA!<br/>   QUEM TRIUNFA É SÓ JESUS!</lines>
    </verse>
    <verse name="v3">
      <lines>É SEMPRE VENCEDORA A CRUZ. ALELUIA!<br/>                                                ALELUIA!<br/>POIS TESTIFICA DE JESUS. ALELUIA! ALELUIA!<br/>SUA GRAÇA ALI BRILHOU,<br/>SEU AMOR SE NOS MOSTROU,<br/>PLENA PAZ SE EFETUOU!<br/>ALELUIA PELA CRUZ!</lines>
    </verse>
    <verse name="v4">
      <lines>ALI RENDEU O SALVADOR, ALELUIA, ALELUIA,<br/>A VIDA PELO PECADOR. ALELUIA! ALELUIA!<br/>FOI ALI QUE TRIUNFOU,<br/>SALVAÇÃO NOS OUTORGOU,<br/>SIM, O CÉU NOS CONQUISTOU!<br/>ALELUIA PELA CRUZ!</lines>
    </verse>
  </lyrics>
</song>
