<?xml version='1.0' encoding='UTF-8'?>
<song xmlns="http://openlyrics.info/namespace/2009/song" version="0.8" createdIn="OpenLP 2.2.1" modifiedIn="OpenLP 2.2.1" modifiedDate="2016-02-21T21:43:35">
  <properties>
    <titles>
      <title> CC 192 - SÓ POR JESUS</title>
    </titles>
    <authors>
      <author>CANTOR CRISTÃO</author>
    </authors>
  </properties>
  <lyrics>
    <verse name="v1">
      <lines>CRISTO VEIO DOS SANTOS CÉUS,<br/>VEIO DO MAL SALVAR-NOS;<br/>DADO FOI, PELO AMOR DE DEUS,<br/>EM NOSSA REDENÇÃO.<br/>POR JESUS SOMENTE<br/>SALVO ESTÁ O CRENTE.</lines>
    </verse>
    <verse name="v2">
      <lines>OH, QUE GRAÇA NOS REVELOU<br/>QUANDO ELE VEIO AO MUNDO!<br/>COMPAIXÃO SEM IGUAL MOSTROU<br/>A TODO PECADOR.<br/>SIM, POR SUA MORTE<br/>TEMOS VERA SORTE.</lines>
    </verse>
    <verse name="v3">
      <lines>NEM AS LÁGRIMAS, NEM A DOR<br/>PODEM A PAZ GANHAR-NOS.<br/>NOSSAS OBRAS SÃO SEM VALOR<br/>PARA O PERDÃO COMPRAR.<br/>SEM PAGARMOS NADA,<br/>VIDA NOS É DADA.</lines>
    </verse>
    <verse name="v4">
      <lines>CONFIADOS EM CRISTO, JÁ<br/>PLENO PERDÃO NÓS TEMOS;<br/>FEZ-NOS, NOSSO PAI, DEUS JEOVÁ,<br/>FILHOS POR ADOÇÃO!<br/>SALVOS NELE ESTAMOS,<br/>GLÓRIA A DEUS RENDAMOS!</lines>
    </verse>
    <verse name="v5">
      <lines>SÓ POR JESUS, SÓ POR JESUS,<br/>   É QUE NÓS SOMOS SALVOS. (BIS)</lines>
    </verse>
  </lyrics>
</song>
