<?xml version='1.0' encoding='UTF-8'?>
<song xmlns="http://openlyrics.info/namespace/2009/song" version="0.8" createdIn="OpenLP 2.2.1" modifiedIn="OpenLP 2.2.1" modifiedDate="2016-02-21T21:54:00">
  <properties>
    <titles>
      <title> CC 148 - HORA BENDITA</title>
    </titles>
    <authors>
      <author>CANTOR CRISTÃO</author>
    </authors>
  </properties>
  <lyrics>
    <verse name="v1">
      <lines>BENDITA A HORA DE ORAÇÃO,<br/>POIS TRAZ-NOS PAZ AO CORAÇÃO,<br/>E SOBREPUJA TODA A DOR,<br/>TRAZENDO AUXÍLIO DO SENHOR.<br/>EM TEMPOS DE PERTURBAÇÃO,<br/>NA DOR MAIOR, NA TENTAÇÃO,<br/>PROCURAREI COM MAIS FERVOR     (BIS)<br/>A COMUNHÃO COM O SENHOR.</lines>
    </verse>
    <verse name="v2">
      <lines>BENDITA A HORA DE ORAÇÃO,<br/>PRODUTO SÓ DA DEVOÇÃO,<br/>QUE ELEVA AO CÉU O SEU ODOR<br/>EM DOCE CHEIRO A MEU SENHOR.<br/>E, FINDA A HORA DE AFLIÇÃO,<br/>OS DIAS MAUS, A TENTAÇÃO,<br/>ENTÃO DAREI MELHOR LOUVOR        (BIS)<br/>A MEU JESUS, A MEU SENHOR</lines>
    </verse>
    <verse name="v3">
      <lines>BENDITA A HORA DE ORAÇÃO,<br/>POIS LIGA-NOS EM COMUNHÃO<br/>E TRAZ-NOS FÉ E MAIS AMOR,<br/>ENCHENDO O MUNDO DE DULÇOR.<br/>DESEJO A VIDA AQUI FINDAR<br/>COM FÉ, AMOR, CONSTANTE ORAR;<br/>DEPOIS DA MORTE, DO PAVOR,        (BIS)<br/>ENTÃO SERÁ, SIM, SÓ LOUVOR.</lines>
    </verse>
  </lyrics>
</song>
