<?xml version='1.0' encoding='UTF-8'?>
<song xmlns="http://openlyrics.info/namespace/2009/song" version="0.8" createdIn="OpenLP 2.2.1" modifiedIn="OpenLP 2.2.1" modifiedDate="2016-02-21T21:43:36">
  <properties>
    <titles>
      <title> CC 194 - A MENSAGEM CELESTE</title>
    </titles>
    <authors>
      <author>CANTOR CRISTÃO</author>
    </authors>
  </properties>
  <lyrics>
    <verse name="v1">
      <lines>A MENSAGEM VEM DE DEUS,<br/>QUE JESUS É SALVADOR!<br/>OH, CLAMAI, VÓS, FILHOS SEUS;<br/>É JESUS O SALVADOR!<br/>PROCLAMAI, COM GRANDE ARDOR,<br/>QUE DEUS AMA AO PECADOR,<br/>QUE SEU FILHO AO MUNDO DEU<br/>PARA SER O SALVADOR!</lines>
    </verse>
    <verse name="v2">
      <lines>Ó VÓS, POVOS, EIS O DOM:<br/>É JESUS O SALVADOR!<br/>POR SEU SANGUE DÁ PERDÃO!<br/>É JESUS O SALVADOR!<br/>ILHAS TODAS, EXULTAI,<br/>SEU AMOR CONSIDERAI;<br/>E VÓS, ANJOS, PROCLAMAI<br/>QUE JESUS É SALVADOR!</lines>
    </verse>
    <verse name="v3">
      <lines>Ó VÓS, SANTOS, JÁ BRADAI:<br/>É JESUS O SALVADOR!<br/>VÓS, NAÇÕES, OH, JUBILAI!<br/>É JESUS O SALVADOR!<br/>SALVAÇÃO DE GRAÇA DÁ.<br/>HOJE A TODO PECADOR.<br/>GLÓRIA! GLÓRIA A DEUS JEOVÁ,<br/>POIS JESUS É SALVADOR!</lines>
    </verse>
  </lyrics>
</song>
