<?xml version='1.0' encoding='UTF-8'?>
<song xmlns="http://openlyrics.info/namespace/2009/song" version="0.8" createdIn="OpenLP 2.2.1" modifiedIn="OpenLP 2.2.1" modifiedDate="2016-08-07T13:22:46">
  <properties>
    <titles>
      <title> CC 116 - DESEJO DA ALMA</title>
    </titles>
    <verseOrder>v1 c1 v2 c1 v3 c1 v4 c1</verseOrder>
    <authors>
      <author>CANTOR CRISTÃO</author>
    </authors>
  </properties>
  <lyrics>
    <verse name="v1">
      <lines>VEM, ESPÍRITO DIVINO,<br/>GRANDE ENSINADOR!<br/>VEM! DESCOBRE ÀS NOSSAS ALMAS<br/>CRISTO, O SALVADOR!</lines>
    </verse>
    <verse name="v2">
      <lines>VEM! DEMOLE OS ALICERCES<br/>DA ENGANOSA PAZ,<br/>AOS ERRADOS CONCEDENDO<br/>SALVAÇÃO VERAZ!</lines>
    </verse>
    <verse name="v3">
      <lines>VEM! REVESTE A TUA IGREJA<br/>DE PODER E LUZ!<br/>VEM! ATRAI OS PECADORES<br/>AO SENHOR JESUS!</lines>
    </verse>
    <verse name="v4">
      <lines>MARAVILHAS SOBERANAS<br/>OUTROS POVOS VÊEM;<br/>OH, DERRAMA A MESMA BÊNÇÃO<br/>SOBRE NÓS TAMBÉM!</lines>
    </verse>
    <verse name="c1">
      <lines>CRISTO, MESTRE,<br/>   OUVE COM FAVOR!<br/>   EM PODER E GRAÇA INSIGNE<br/>   OBRE O TEU AMOR!</lines>
    </verse>
  </lyrics>
</song>
