<?xml version='1.0' encoding='UTF-8'?>
<song xmlns="http://openlyrics.info/namespace/2009/song" version="0.8" createdIn="OpenLP 2.2.1" modifiedIn="OpenLP 2.2.1" modifiedDate="2016-02-21T21:43:30">
  <properties>
    <titles>
      <title> CC 158 - EM ORAÇÃO</title>
    </titles>
    <authors>
      <author>CANTOR CRISTÃO</author>
    </authors>
  </properties>
  <lyrics>
    <verse name="v1">
      <lines>NOSSO DEUS E PAI BONDOSO,<br/>OUVE A NOSSA PETIÇÃO,<br/>QUE COM VERDADEIRO GOZO<br/>E EM HUMILDE ADORAÇÃO<br/>TE FAZEMOS, NESTE ANSIOSO<br/>SUPLICAR DO CORAÇÃO;<br/>LIVRA-NOS, Ó PAI BONDOSO,<br/>EM TEMÍVEL TENTAÇÃO.</lines>
    </verse>
    <verse name="v2">
      <lines>OUVE, Ó DEUS, A NOSSA PRECE,<br/>   FEITA EM NOME DE JESUS;<br/>   TEU AMOR NOS ENALTECE,<br/>   DÁ-NOS FÉ, VIGOR E LUZ.</lines>
    </verse>
    <verse name="v3">
      <lines>HOJE TEMOS ESTE ENSEJO<br/>DE PEDIR A TI, SENHOR,<br/>QUE NOS GUARDES NO DESEJO<br/>DE SERVIR AO SALVADOR,<br/>NOSSO MESTRE BENFAZEJO,<br/>QUE NOS LIVRA, COM AMOR,<br/>DO MALIGNO E VIL CORTEJO<br/>DO INFERNAL ENGANADOR.</lines>
    </verse>
    <verse name="v4">
      <lines>LIVRA-NOS, SENHOR, DE TUDO<br/>QUE PERTURBA A NOSSA PAZ<br/>E REVESTE-NOS DO ESCUDO<br/>DE UMA FÉ REAL, VERAZ,<br/>PARA, EM TODO TRANSE AGUDO,<br/>DERROTARMOS SATANÁS,<br/>POIS DA TUA LEI O ESTUDO<br/>FORÇAS NOVAS SEMPRE TRAZ.</lines>
    </verse>
  </lyrics>
</song>
