<?xml version='1.0' encoding='UTF-8'?>
<song xmlns="http://openlyrics.info/namespace/2009/song" version="0.8" createdIn="OpenLP 2.2.1" modifiedIn="OpenLP 2.2.1" modifiedDate="2016-02-21T21:43:34">
  <properties>
    <titles>
      <title> CC 185 - SOMENTE CRISTO</title>
    </titles>
    <authors>
      <author>CANTOR CRISTÃO</author>
    </authors>
  </properties>
  <lyrics>
    <verse name="v1">
      <lines>SOMENTE CRISTO É SALVADOR,<br/>NEM OUTRO CONHECEMOS;<br/>MORREU POR NÓS, EM SANTO AMOR,<br/>E VIDA NELE TEMOS.</lines>
    </verse>
    <verse name="v2">
      <lines>OS HOMENS SANTOS E FIÉIS<br/>NÓS SEMPRE RESPEITAMOS;<br/>MAS A JESUS, O REI DOS REIS,<br/>HUMILDES ADORAMOS.</lines>
    </verse>
    <verse name="v3">
      <lines>JESUS, JESUS É O SALVADOR,<br/>   E NEM HÁ OUTRO MEDIADOR;<br/>   FOI ELE QUE POR NÓS MORREU,<br/>   E VIVO ESTÁ POR NÓS NO CÉU.</lines>
    </verse>
    <verse name="v4">
      <lines>A DEUS FAZEMOS ORAÇÃO;<br/>SÓ ELE QUER E PODE<br/>VALER-NOS NA TRIBULAÇÃO;<br/>AOS SEUS, DEUS SEMPRE ACODE.</lines>
    </verse>
    <verse name="v5">
      <lines>NO SANTO SANGUE DE JESUS<br/>CONFIA TODO CRENTE;<br/>O QUE ELE FEZ NA DURA CRUZ<br/>PRA SEMPRE É SUFICIENTE.</lines>
    </verse>
  </lyrics>
</song>
