<?xml version='1.0' encoding='UTF-8'?>
<song xmlns="http://openlyrics.info/namespace/2009/song" version="0.8" createdIn="OpenLP 2.2.1" modifiedIn="OpenLP 2.2.1" modifiedDate="2016-02-21T21:53:54">
  <properties>
    <titles>
      <title> CC 110 - QUANDO CRISTO VIER</title>
    </titles>
    <authors>
      <author>CANTOR CRISTÃO</author>
    </authors>
  </properties>
  <lyrics>
    <verse name="v1">
      <lines>QUANDO CRISTO OS CRENTES VIER BUSCAR,<br/>TODO VALE ESCURO HÁ DE SE ACLARAR,<br/>QUANDO CRISTO OS CRENTES VIER BUSCAR,<br/>PRA GOZAR NO ETERNO LAR.</lines>
    </verse>
    <verse name="v2">
      <lines>QUANDO NOS VIER BUSCAR,<br/>   QUANDO CRISTO REGRESSAR,<br/>   TODO VALE ESCURO HÁ DE SE ACLARAR;<br/>   PRA GOZAR NOS VEM BUSCAR.</lines>
    </verse>
    <verse name="v3">
      <lines>QUANDO CRISTO OS CRENTES VIER BUSCAR,<br/>TODAS AS TRISTEZAS HÃO DE ACABAR,<br/>QUANDO CRISTO OS CRENTES VIER BUSCAR,<br/>PRA GOZAR NO ETERNO LAR.</lines>
    </verse>
    <verse name="v4">
      <lines>QUANDO CRISTO OS CRENTES VIER BUSCAR,<br/>TODO O SEU RECEIO SE EXTINGUIRÁ,<br/>POIS A MORTE NÃO MAIS EXISTIRÁ,<br/>QUANDO NOS VIER BUSCAR.</lines>
    </verse>
    <verse name="v5">
      <lines>QUANDO CRISTO OS CRENTES VIER BUSCAR,<br/>UM BEM-VINDO ALEGRE HÁ DE RESSOAR;<br/>ELE NUNCA MAIS NOS IRÁ DEIXAR,<br/>QUANDO NOS VIER BUSCAR.</lines>
    </verse>
  </lyrics>
</song>
