<?xml version='1.0' encoding='UTF-8'?>
<song xmlns="http://openlyrics.info/namespace/2009/song" version="0.8" createdIn="OpenLP 2.2.1" modifiedIn="OpenLP 2.2.1" modifiedDate="2016-02-21T21:53:55">
  <properties>
    <titles>
      <title> CC 119 - FIDELIDADE</title>
    </titles>
    <authors>
      <author>CANTOR CRISTÃO</author>
    </authors>
  </properties>
  <lyrics>
    <verse name="v1">
      <lines>POR MEUS DELITOS EXPIROU<br/>JESUS, A VIDA E LUZ;<br/>ELE O CASTIGO MEU LEVOU<br/>NA ENSANGUENTADA CRUZ.</lines>
    </verse>
    <verse name="v2">
      <lines>OH, FAZ-ME FORTE EM CONFESSAR<br/>   A TI, JESUS, SENHOR!<br/>   OH, FAZ-ME PRONTO A CONFIAR<br/>   EM TEU EXCELSO AMOR!</lines>
    </verse>
    <verse name="v3">
      <lines>E EU HEI DE TER NÃO FRACA VOZ,<br/>QUE TREMA, AO CONFESSAR,<br/>A QUEM, COM MORTE TÃO ATROZ,<br/>MINHA ALMA QUIS SALVAR?</lines>
    </verse>
    <verse name="v4">
      <lines>POIS EU DESEJO AQUI CANTAR,<br/>TÃO GRANDE SALVADOR;<br/>E, QUANDO FOR NO CÉU MORAR,<br/>LOUVÁ-LO-EI MELHOR.</lines>
    </verse>
  </lyrics>
</song>
