<?xml version='1.0' encoding='UTF-8'?>
<song xmlns="http://openlyrics.info/namespace/2009/song" version="0.8" createdIn="OpenLP 2.2.1" modifiedIn="OpenLP 2.2.1" modifiedDate="2016-02-21T21:53:58">
  <properties>
    <titles>
      <title> CC 137 - O PÃO DA VIDA</title>
    </titles>
    <authors>
      <author>CANTOR CRISTÃO</author>
    </authors>
  </properties>
  <lyrics>
    <verse name="v1">
      <lines>ENQUANTO, Ó SALVADOR, TEU LIVRO EU LER,<br/>MEUS OLHOS VEM ABRIR, POIS QUERO VER<br/>DA MERA LETRA, ALÉM, A TI, SENHOR;<br/>EU VENHO A TI, JESUS, MEU REDENTOR.</lines>
    </verse>
    <verse name="v2">
      <lines>À BEIRA-MAR, JESUS, PARTISTE O PÃO,<br/>SATISFAZENDO ALI A MULTIDÃO;<br/>DA VIDA O PÃO ÉS TU; VEM, POIS, ASSIM,<br/>SATISFAZER, SENHOR, A MIM, A MIM!</lines>
    </verse>
  </lyrics>
</song>
