<?xml version='1.0' encoding='UTF-8'?>
<song xmlns="http://openlyrics.info/namespace/2009/song" version="0.8" createdIn="OpenLP 2.2.1" modifiedIn="OpenLP 2.2.1" modifiedDate="2016-02-21T21:43:30">
  <properties>
    <titles>
      <title> CC 153 - PERDÃO</title>
    </titles>
    <authors>
      <author>CANTOR CRISTÃO</author>
    </authors>
  </properties>
  <lyrics>
    <verse name="v1">
      <lines>SE AQUI, SENHOR, BEM POUCOS<br/>TE VÊM CANTAR LOUVOR,<br/>E AOS VIS PRAZERES LOUCOS<br/>PREFEREM TEU AMOR,<br/>O QUE IMPOSSÍVEL SEJA<br/>A TI, MEU DEUS, NÃO HÁ:<br/>CONQUISTE A TUA IGREJA<br/>AO MEU PAÍS, JEOVÁ!</lines>
    </verse>
    <verse name="v2">
      <lines>JESUS, AO POVO INSPIRA,<br/>TU, QUE ÉS VERDADE E LUZ;<br/>QUEBRANTA-LHE A MENTIRA,<br/>DAS TREVAS O CONDUZ.<br/>DA CEGA IDOLATRIA,<br/>OH, SALVA-O, MEU SENHOR!<br/>TRANSFORMA EM CLARO DIA<br/>A NOITE DE TEMOR.</lines>
    </verse>
    <verse name="v3">
      <lines>SENHOR, TU DÁS SUSTENTO<br/>AO MUNDO, COM PODER,<br/>E DÁS-LHES MANDAMENTO<br/>PRA TE CONHECER.<br/>PORÉM AOS QUE REJEITAM<br/>A SALVAÇÃO E A CRUZ,<br/>E A GRAÇA NÃO ACEITAM,<br/>OH, DÁ PERDÃO, JESUS!</lines>
    </verse>
  </lyrics>
</song>
