<?xml version='1.0' encoding='UTF-8'?>
<song xmlns="http://openlyrics.info/namespace/2009/song" version="0.8" createdIn="OpenLP 2.2.1" modifiedIn="OpenLP 2.2.1" modifiedDate="2016-02-21T21:53:59">
  <properties>
    <titles>
      <title> CC 145 - BATISMO</title>
    </titles>
    <authors>
      <author>CANTOR CRISTÃO</author>
    </authors>
  </properties>
  <lyrics>
    <verse name="v1">
      <lines>ÀS ÁGUAS DO JORDÃO DESCEU<br/>JESUS, O REDENTOR,<br/>O DEUS ETERNO, QUE MORREU<br/>POR NÓS EM SANTO AMOR.</lines>
    </verse>
    <verse name="v2">
      <lines>O EXEMPLO SEU DEVEMOS TER<br/>POR NORMA A NOS CINGIR;<br/>O SALVO PELO SEU PODER<br/>SEUS PASSOS QUER SEGUIR.</lines>
    </verse>
    <verse name="v3">
      <lines>POR NÓS MORREU JESUS, NA CRUZ,<br/>E NOS REMIU DO MAL;<br/>ABRIU CAMINHO QUE CONDUZ<br/>À VIDA DIVINAL.</lines>
    </verse>
    <verse name="v4">
      <lines>MORREMOS AO PECADO VIL,<br/>PRA NUNCA MAIS VOLTAR,<br/>E OS ERROS DESTE MUNDO HOSTIL<br/>QUEREMOS DESPREZAR.</lines>
    </verse>
    <verse name="v5">
      <lines>A VIDA NOVA VAMOS TER,<br/>AO BEM NOS DEDICAR,<br/>EM SANTIDADE E AMOR VIVER,<br/>DO AMOR DE DEUS FALAR.</lines>
    </verse>
  </lyrics>
</song>
