<?xml version='1.0' encoding='UTF-8'?>
<song xmlns="http://openlyrics.info/namespace/2009/song" version="0.8" createdIn="OpenLP 2.2.1" modifiedIn="OpenLP 2.2.1" modifiedDate="2016-02-21T21:43:33">
  <properties>
    <titles>
      <title> CC 174 - FAÇA-SE A LUZ</title>
    </titles>
    <authors>
      <author>CANTOR CRISTÃO</author>
    </authors>
  </properties>
  <lyrics>
    <verse name="v1">
      <lines>TU QUE MANDASTE, Ó DEUS,<br/>DANDO ORDEM COM PODER;<br/>""""FAÇA-SE A LUZ!""""<br/>OUVE-NOS COM FAVOR,<br/>ONDE TEU SUMO AMOR<br/>NÃO BRILHA COM FULGOR,<br/>FAÇA-SE A LUZ!</lines>
    </verse>
    <verse name="v2">
      <lines>FONTE DE LUZ DOS CÉUS,<br/>TEMOS EM NOSSO DEUS,<br/>NOSSO JESUS.<br/>CEGOS, HÁ CLARIDÃO!<br/>IMPIOS, EIS O PERDÃO!<br/>DENTRO DO CORAÇÃO<br/>FAÇA-SE A LUZ!</lines>
    </verse>
    <verse name="v3">
      <lines>MESTRE CONSOLADOR,<br/>ÂNIMO ABRASADOR<br/>EM NÓS PRODUZ.<br/>PAZ, ZELO, FÉ, PODER<br/>SEMPRE ANSIAMOS TER!<br/>CUMPRA-SE TEU PRAZER:<br/>FAÇA-SE A LUZ!</lines>
    </verse>
    <verse name="v4">
      <lines>NUNCA TIVESTE IGUAL,<br/>ÚNICO ÉS E IMORTAL!<br/>DÁ-NOS A LUZ!<br/>PAI, SANTO É TEU AMOR;<br/>ÉS ETERNAL SENHOR,<br/>TERNO CONSOLADOR,<br/>FAÇA-SE A LUZ!</lines>
    </verse>
  </lyrics>
</song>
