<?xml version='1.0' encoding='UTF-8'?>
<song xmlns="http://openlyrics.info/namespace/2009/song" version="0.8" createdIn="OpenLP 2.2.1" modifiedIn="OpenLP 2.2.1" modifiedDate="2017-01-29T12:56:26">
  <properties>
    <titles>
      <title> CC 123 - BENDITO CORDEIRO</title>
    </titles>
    <verseOrder>v1 c1 v2 c1 v3 c2</verseOrder>
    <authors>
      <author>CANTOR CRISTÃO</author>
    </authors>
  </properties>
  <lyrics>
    <verse name="v1">
      <lines>SEJA BENDITO O CORDEIRO<br/>QUE NA CRUZ POR NÓS PADECEU!<br/>SEJA BENDITO O SEU SANGUE<br/>QUE POR NÓS, PECADORES, VERTEU!<br/>EIS NESSE SANGUE LAVADOS,<br/>COM ROUPAS QUE TÃO ALVAS SÃO,<br/>OS PECADORES REMIDOS,<br/>QUE PERANTE SEU DEUS HOJE ESTÃO!</lines>
    </verse>
    <verse name="c1">
      <lines>ALVO MAIS QUE A NEVE!<br/>ALVO MAIS QUE A NEVE!<br/>SIM, NESSE SANGUE LAVADO,<br/>MAIS ALVO QUE A NEVE SEREI!</lines>
    </verse>
    <verse name="v2">
      <lines>QUÃO ESPINHOSA A COROA<br/>QUE JESUS POR NÓS SUPORTOU!<br/>OH, QUÃO PROFUNDAS AS CHAGAS<br/>QUE NOS PROVAM O QUANTO ELE AMOU!<br/>EIS, NESSAS CHAGAS PUREZA<br/>PARA O MAIS TORPE PECADOR,<br/>POIS QUE MAIS ALVOS QUE A NEVE<br/>O TEU SANGUE NOS TORNA, SENHOR!</lines>
    </verse>
    <verse name="v3">
      <lines>SE NÓS A TI CONFESSARMOS,<br/>E SEGUIRMOS NA TUA LUZ,<br/>TU NÃO SOMENTE PERDOAS,<br/>PURIFICAS TAMBÉM, Ó JESUS,<br/>SIM, E DE TODO PECADO!<br/>QUE MARAVILHA DESSE AMOR!<br/>POIS QUE MAIS ALVOS QUE A NEVE<br/>O TEU SANGUE NOS TORNA, SENHOR!</lines>
    </verse>
    <verse name="c2">
      <lines>ALVO MAIS QUE A NEVE!<br/>ALVO MAIS QUE A NEVE!<br/>SIM, NESSE SANGUE LAVADO,<br/>MAIS ALVO QUE A NEVE SEREI!!!</lines>
    </verse>
  </lyrics>
</song>
