<?xml version='1.0' encoding='UTF-8'?>
<song xmlns="http://openlyrics.info/namespace/2009/song" version="0.8" createdIn="OpenLP 2.2.1" modifiedIn="OpenLP 2.2.1" modifiedDate="2016-02-21T21:53:59">
  <properties>
    <titles>
      <title> CC 143 - A CEIA DO SENHOR</title>
    </titles>
    <authors>
      <author>CANTOR CRISTÃO</author>
    </authors>
  </properties>
  <lyrics>
    <verse name="v1">
      <lines>SERÁ POSSÍVEL ESQUECER<br/>O TEU AMOR, SENHOR?<br/>A TUA GRAÇA EM CONCEDER<br/>PERDÃO AO PECADOR?</lines>
    </verse>
    <verse name="v2">
      <lines>SERÁ POSSÍVEL ESQUECER<br/>O TEU SOFRER, SENHOR?<br/>A VIDA QUE VIESTE TER,<br/>VIVIDA EM TANTA DOR?</lines>
    </verse>
    <verse name="v3">
      <lines>SERÁ POSSÍVEL ESQUECER<br/>A GRANDE SALVAÇÃO<br/>QUE TU VIESTE NOS TRAZER,<br/>QUE MUDA O CORAÇÃO?</lines>
    </verse>
    <verse name="v4">
      <lines>NÓS VAMOS HOJE CELEBRAR,<br/>EM SANTA COMUNHÃO,<br/>O TEU SOFRER, O TEU PENAR,<br/>SIM, NOSSA REDENÇÃO.</lines>
    </verse>
  </lyrics>
</song>
