<?xml version='1.0' encoding='UTF-8'?>
<song xmlns="http://openlyrics.info/namespace/2009/song" version="0.8" createdIn="OpenLP 2.2.1" modifiedIn="OpenLP 2.2.1" modifiedDate="2016-02-21T21:43:30">
  <properties>
    <titles>
      <title> CC 157 - VIVIFICA-NOS, SENHOR</title>
    </titles>
    <authors>
      <author>CANTOR CRISTÃO</author>
    </authors>
  </properties>
  <lyrics>
    <verse name="v1">
      <lines>MANDA, OH, MANDA AS RICAS CHUVAS,<br/>TUA BÊNÇÃO, SALVADOR!<br/>IMPLORAMOS, ESPERAMOS,<br/>VIVIFICA-NOS, SENHOR!</lines>
    </verse>
  </lyrics>
</song>
