<?xml version='1.0' encoding='UTF-8'?>
<song xmlns="http://openlyrics.info/namespace/2009/song" version="0.8" createdIn="OpenLP 2.2.1" modifiedIn="OpenLP 2.2.1" modifiedDate="2016-02-21T21:53:57">
  <properties>
    <titles>
      <title> CC 129 - BENDITA LUZ</title>
    </titles>
    <authors>
      <author>CANTOR CRISTÃO</author>
    </authors>
  </properties>
  <lyrics>
    <verse name="v1">
      <lines>QUE BENDITA, QUE GLORIOSA LUZ!<br/>É MAIS BELA QUE A DO DIA!<br/>ILUMINA AS ALMAS A SEGUIR<br/>CRISTO, O MESTRE, O ETERNO GUIA.</lines>
    </verse>
    <verse name="v2">
      <lines>SEMPRE CANTA, ALEGRE, SEU LOUVOR,<br/>QUEM POSSUI A LUZ DOS CÉUS;<br/>GOZA AFÁVEL E CELESTE PAZ,<br/>DOM GRACIOSO SÓ DE DEUS.</lines>
    </verse>
    <verse name="v3">
      <lines>VIDA NOVA EM SANTA RETIDÃO<br/>TÊM OS CRENTES EM JESUS;<br/>QUEM DE PERTO AO SALVADOR SEGUIR<br/>DELE ALCANÇA GRAÇA E LUZ.</lines>
    </verse>
    <verse name="v4">
      <lines>ESPERANÇA, VIDA E SALVAÇÃO<br/>HÁS DE TER, Ó PECADOR,<br/>ACEITANDO CRISTO, NOSSA LUZ,<br/>ESTE DOM DO DEUS DE AMOR!</lines>
    </verse>
    <verse name="v5">
      <lines>LUZ BENDITA, LUZ GLORIOSA,<br/>   CONCEDIDA LÁ DOS ALTOS CÉUS<br/>   SÓ AO CRENTE EM CRISTO, O REDENTOR.<br/>   Ó BENDITA LUZ DE DEUS!</lines>
    </verse>
  </lyrics>
</song>
