<?xml version='1.0' encoding='UTF-8'?>
<song xmlns="http://openlyrics.info/namespace/2009/song" version="0.8" createdIn="OpenLP 2.2.1" modifiedIn="OpenLP 2.2.1" modifiedDate="2016-02-21T21:43:34">
  <properties>
    <titles>
      <title> CC 186 - É JESUS QUEM SALVA</title>
    </titles>
    <authors>
      <author>CANTOR CRISTÃO</author>
    </authors>
  </properties>
  <lyrics>
    <verse name="v1">
      <lines>O CHORAR NÃO SALVA!<br/>MESMO O LAGRIMAR SEM FIM<br/>JAMAIS MANCHA CARMESIM<br/>PODERÁ LAVAR EM MIM;<br/>O CHORAR NÃO SALVA!</lines>
    </verse>
    <verse name="v2">
      <lines>OBRAS NÃO ME SALVAM!<br/>MEUS ESFORÇOS SEM CESSAR<br/>NÃO ME PODEM TRANSFORMAR,<br/>NEM MEUS MALES EXPIAR;<br/>OBRAS NÃO ME SALVAM!</lines>
    </verse>
    <verse name="v3">
      <lines>FOI JESUS QUE PADECEU,<br/>   SOBRE A CRUZ POR MIM MORREU;<br/>   POR SEU SANGUE QUE VERTEU<br/>                PÔDE ASSIM SALVAR-ME!</lines>
    </verse>
    <verse name="v4">
      <lines>ORAÇÕES NÃO SALVAM!<br/>APESAR DO SEU FERVOR,<br/>PETIÇÕES NÃO TÊM VALOR<br/>PRA SALVAR O PECADOR;<br/>ORAÇÕES NÃO SALVAM!</lines>
    </verse>
    <verse name="v5">
      <lines>É JESUS QUEM SALVA!<br/>ELE A OBRA CONSUMOU,<br/>MEUS PECADOS EXPIOU,<br/>COM SEU SANGUE ME LAVOU;<br/>É JESUS QUEM SALVA!</lines>
    </verse>
  </lyrics>
</song>
