<?xml version='1.0' encoding='UTF-8'?>
<song xmlns="http://openlyrics.info/namespace/2009/song" version="0.8" createdIn="OpenLP 2.2.1" modifiedIn="OpenLP 2.2.1" modifiedDate="2016-02-21T21:43:33">
  <properties>
    <titles>
      <title> CC 175 - MINHA ASPIRAÇÃO</title>
    </titles>
    <authors>
      <author>CANTOR CRISTÃO</author>
    </authors>
  </properties>
  <lyrics>
    <verse name="v1">
      <lines>CRISTO, BOM MESTRE, EIS MEU QUERER;<br/>TUA VONTADE SEMPRE FAZER;<br/>FAZE-ME FORTE PRA RESISTIR<br/>DURAS FRAQUEZAS QUE POSSAM VIR.</lines>
    </verse>
    <verse name="v2">
      <lines>CRISTO, BOM MESTRE, EIS MEU QUERER;<br/>MAIS SANTIDADE DE VIDA TER;<br/>FAZE-ME FIRME, CRISTO, MEU DEUS,<br/>PARA NÃO DEIXAR A SENDA DOS CÉUS.</lines>
    </verse>
    <verse name="v3">
      <lines>CRISTO, BOM MESTRE, EIS MEU QUERER;<br/>TODAS AS MINHAS FALTAS VENCER;<br/>FAZE-ME RIJO PARA LUTAR,<br/>PARA A VITÓRIA SEMPRE GANHAR.</lines>
    </verse>
  </lyrics>
</song>
