<?xml version='1.0' encoding='UTF-8'?>
<song xmlns="http://openlyrics.info/namespace/2009/song" version="0.8" createdIn="OpenLP 2.2.1" modifiedIn="OpenLP 2.2.1" modifiedDate="2016-02-21T21:43:32">
  <properties>
    <titles>
      <title> CC 170 - ORAÇÃO DE CONSAGRAÇÃO</title>
    </titles>
    <authors>
      <author>CANTOR CRISTÃO</author>
    </authors>
  </properties>
  <lyrics>
    <verse name="v1">
      <lines>OH, MAIS DETESTÁVEL, SIM, SEJA-ME O MAL!<br/>MAIS CALMA EM PESARES, MAIS ALTO IDEAL,<br/>MAIS FÉ NO MEU MESTRE, MAIS CONSAGRAÇÃO,<br/>MAIS GOZO EM SERVI-LO, MAIS GRATA ORAÇÃO.</lines>
    </verse>
    <verse name="v2">
      <lines>MAIS JUSTO ME FAZE, MAIS SÁBIO, SENHOR,<br/>MAIS FIRME NA CAUSA, COM MUITO FERVOR,<br/>MAIS RETO NA VIDA, MAIS TRISTE AO PECAR,<br/>UM FILHO SUBMISSO, MAIS PRONTO EM AMAR.</lines>
    </verse>
    <verse name="v3">
      <lines>MAIS PURO ME FAZE, MAIS SANTO EM JESUS,<br/>MAIS DO TEU DOMÍNIO, MAIS PAZ NESSA CRUZ,<br/>MAIS RICA ESPERANÇA, MAIS OBRAS AQUI,<br/>DO CÉU MAIS ANSIOSO, MAIS VIDA POR TI.</lines>
    </verse>
  </lyrics>
</song>
