<?xml version='1.0' encoding='UTF-8'?>
<song xmlns="http://openlyrics.info/namespace/2009/song" version="0.8" createdIn="OpenLP 2.2.1" modifiedIn="OpenLP 2.2.1" modifiedDate="2016-02-21T21:53:55">
  <properties>
    <titles>
      <title> CC 115 - BREVE COM JESUS</title>
    </titles>
    <authors>
      <author>CANTOR CRISTÃO</author>
    </authors>
  </properties>
  <lyrics>
    <verse name="v1">
      <lines>EM BREVE, EM BREVE HAVEMOS<br/>DE VER O SALVADOR;<br/>E EM CASA CANTAREMOS<br/>JESUS E SEU AMOR! (3 VEZES)</lines>
    </verse>
  </lyrics>
</song>
