<?xml version='1.0' encoding='UTF-8'?>
<song xmlns="http://openlyrics.info/namespace/2009/song" version="0.8" createdIn="OpenLP 2.2.1" modifiedIn="OpenLP 2.2.1" modifiedDate="2016-02-21T21:53:58">
  <properties>
    <titles>
      <title> CC 136 - ESTUDO BÍBLICO</title>
    </titles>
    <authors>
      <author>CANTOR CRISTÃO</author>
    </authors>
  </properties>
  <lyrics>
    <verse name="v1">
      <lines>EIS SAMUEL OUVIU<br/>PALAVRAS DE FAVOR,<br/>E MUITO SE ADMIROU,<br/>OUVINDO O CRIADOR!<br/>QUE DITA, SE JESUS ASSIM<br/>VIESSE ME ENSINAR A MIM!</lines>
    </verse>
    <verse name="v2">
      <lines>NÃO PODERIA ESTAR<br/>COM FALTA DE ATENÇÃO,<br/>POR MEDO DE PECAR<br/>DE LÍNGUA OU CORAÇÃO;<br/>MAS SEMPRE HAVIA DE ESCUTAR,<br/>OUVINDO O GRANDE DEUS FALAR.</lines>
    </verse>
    <verse name="v3">
      <lines>POIS NA DIVINA LEI<br/>EU OUÇO A VOZ DO DEUS,<br/>O SANTO, ETERNO REI,<br/>FALANDO-ME DOS CÉUS.<br/>COM REVERENTE AMOR CONVÉM<br/>SABER O QUE ESSA LEI CONTÉM.</lines>
    </verse>
    <verse name="v4">
      <lines>EU DEVO, HUMILDE, OUVIR<br/>A AMÁVEL INSTRUÇÃO,<br/>E AO BOM JESUS SERVIR<br/>DE TODO O CORAÇÃO;<br/>SER SERVO HUMILDE, MAS FIEL,<br/>TAL COMO O INFANTE SAMUEL.</lines>
    </verse>
    <verse name="v5">
      <lines>SIM, DEUS AGORA ESTÁ<br/>TÃO PERTO, TÃO REAL!<br/>OH, QUÃO FELIZ SERÁ,<br/>COM ALMA FILIAL,<br/>DIZER-LHE, EM HINO DE LOUVOR:<br/>""""ESCUTO; FALA, POIS, SENHOR!""""</lines>
    </verse>
  </lyrics>
</song>
