<?xml version='1.0' encoding='UTF-8'?>
<song xmlns="http://openlyrics.info/namespace/2009/song" version="0.8" createdIn="OpenLP 2.2.1" modifiedIn="OpenLP 2.2.1" modifiedDate="2016-02-21T21:53:52">
  <properties>
    <titles>
      <title> CC 103 - JESUS VINDO</title>
    </titles>
    <authors>
      <author>CANTOR CRISTÃO</author>
    </authors>
  </properties>
  <lyrics>
    <verse name="v1">
      <lines>JESUS DESCEU, A BÍBLIA O DIZ,<br/>DO SEU CELESTE LAR,<br/>A FIM DE O GRANDE AMOR DE DEUS<br/>AOS HOMENS DECLARAR.</lines>
    </verse>
    <verse name="v2">
      <lines>JESUS MORREU, A BÍBLIA O DIZ,<br/>E FEZ EXPIAÇÃO<br/>DO NOSSO MAL, E ASSIM ACHOU<br/>UM MEIO DE PERDÃO.</lines>
    </verse>
    <verse name="v3">
      <lines>A BÍBLIA DIZ QUE RESSURGIU,<br/>DA MORTE VENCEDOR,<br/>E DESDE AGORA PODE SER<br/>O NOSSO SALVADOR.</lines>
    </verse>
    <verse name="v4">
      <lines>A BÍBLIA DIZ QUE VOLTARÁ,<br/>A FIM DE NOS LEVAR,<br/>DO MUNDO E DA TRISTEZA AQUI,<br/>AO SEU BENDITO LAR.</lines>
    </verse>
    <verse name="v5">
      <lines>A BÍBLIA DIZ-NOS QUE JESUS<br/>NO MUNDO REINARÁ;<br/>ENTÃO, SENHOR UNIVERSAL,<br/>LOUVOR SEM FIM TERÁ.</lines>
    </verse>
  </lyrics>
</song>
