<?xml version='1.0' encoding='UTF-8'?>
<song xmlns="http://openlyrics.info/namespace/2009/song" version="0.8" createdIn="OpenLP 2.2.1" modifiedIn="OpenLP 2.2.1" modifiedDate="2016-02-21T21:43:29">
  <properties>
    <titles>
      <title> CC 151 - COMUNHÃO</title>
    </titles>
    <authors>
      <author>CANTOR CRISTÃO</author>
    </authors>
  </properties>
  <lyrics>
    <verse name="v1">
      <lines>QUÃO PRECIOSAS SÃO AS HORAS<br/>NA PRESENÇA DE JESUS,<br/>COMUNHÃO MUI DELICIOSA<br/>DE MINHA ALMA COM A LUZ!<br/>OS CUIDADOS DESTE MUNDO<br/>NÃO ME PODERÃO MOVER,<br/>POIS É ELE MEU ABRIGO<br/>QUANDO O TENTADOR VIER    (BIS)</lines>
    </verse>
    <verse name="v2">
      <lines>AO SENTIR-ME RODEADO<br/>DE CUIDADOS TERREAIS,<br/>IRRITADO, ENFRAQUECIDO,<br/>EM HESITAÇÕES FATAIS,<br/>A JESUS EU ME DIRIJO,<br/>NESSES TEMPOS DE AFLIÇÃO;<br/>AS PALAVRAS QUE ELE FALA<br/>TRAZEM-ME CONSOLAÇÃO.   (BIS)</lines>
    </verse>
    <verse name="v3">
      <lines>SE CONFESSO MEUS TEMORES,<br/>TODA A MINHA IMPERFEIÇÃO,<br/>ELE ESCUTA COM PACIÊNCIA<br/>ESSA TRISTE CONFISSÃO;<br/>COM TERNURA REPREENDE<br/>O PECADO E TODO O MAL;<br/>ELE É SEMPRE MEU AMIGO,<br/>O MELHOR E MAIS LEAL.      (BIS)</lines>
    </verse>
    <verse name="v4">
      <lines>SE QUEREIS SABER QUÃO DOCE<br/>É COM DEUS TER COMUNHÃO,<br/>PODEREIS, ENTÃO, PROVÁ-LO,<br/>E TEREIS COMPENSAÇÃO.<br/>PROCURAI ESTAR SOZINHOS<br/>EM CONVERSA COM JESUS,<br/>E TEREIS, NA VOSSA VIDA,<br/>PAZ PERFEITA, GRAÇA E LUZ.</lines>
    </verse>
  </lyrics>
</song>
