<?xml version='1.0' encoding='UTF-8'?>
<song xmlns="http://openlyrics.info/namespace/2009/song" version="0.8" createdIn="OpenLP 2.2.1" modifiedIn="OpenLP 2.2.1" modifiedDate="2016-02-21T21:54:00">
  <properties>
    <titles>
      <title> CC 147 - OBEDIÊNCIA NO BATISMO</title>
    </titles>
    <authors>
      <author>CANTOR CRISTÃO</author>
    </authors>
  </properties>
  <lyrics>
    <verse name="v1">
      <lines>CERCANDO TEU SEPULCRO,<br/>ESTAMOS NÓS, JESUS,<br/>TEU NOME AQUI LOUVANDO,<br/>ALÇANDO TUA CRUZ.<br/>ALEGRES TE SEGUIMOS,<br/>NESTE ATO, EM SANTO AMOR;<br/>MISTER É OBEDECER-TE<br/>EM TUDO, Ó BOM SENHOR!</lines>
    </verse>
    <verse name="v2">
      <lines>AS ÁGUAS NOS ENCOBREM;<br/>ASSIM, TAMBÉM, SENHOR,<br/>AS ÁGUAS TE COBRIAM<br/>DE MORTE E DE FUROR;<br/>E, COMO RESSURGISTE<br/>PRA A VIDA PERENAL,<br/>ASSIM, JESUS, LEVANTA,<br/>LEVANTA-NOS DO MAL.</lines>
    </verse>
    <verse name="v3">
      <lines>SIM, TU RESSUSCITASTE;<br/>JAMAIS TU SOFRERÁS;<br/>MORRESTE PELO MUNDO,<br/>MAS SEMPRE VIVERÁS;<br/>A MORTE JÁ VENCESTE,<br/>Ó GRANDE DEUS, JESUS!<br/>A VIDA NOVA OUTORGAS<br/>A QUEM SEGUIR A LUZ.</lines>
    </verse>
    <verse name="v4">
      <lines>CONTIGO SEPULTADOS,<br/>QUEREMOS NÓS AQUI<br/>RENUNCIAR O MUNDO,<br/>E SÓ VIVER POR TI;<br/>RESSUSCITADOS VAMOS,<br/>JESUS, CONTIGO ANDAR;<br/>OH, VEM, VEM AJUDAR-NOS<br/>A SEMPRE A TI HONRAR!</lines>
    </verse>
  </lyrics>
</song>
