<?xml version='1.0' encoding='UTF-8'?>
<song xmlns="http://openlyrics.info/namespace/2009/song" version="0.8" createdIn="OpenLP 2.2.1" modifiedIn="OpenLP 2.2.1" modifiedDate="2016-02-21T21:43:31">
  <properties>
    <titles>
      <title> CC 161 - PODER ESPIRITUAL</title>
    </titles>
    <authors>
      <author>CANTOR CRISTÃO</author>
    </authors>
  </properties>
  <lyrics>
    <verse name="v1">
      <lines>SENHOR JESUS, OH, VEM ME CONCEDER<br/>A PLENITUDE DO CONSOLADOR;<br/>DOS ALTOS CÉUS ME OUTORGA TEU PODER,<br/>PODER DO ESPÍRITO RENOVADOR.</lines>
    </verse>
    <verse name="v2">
      <lines>SENHOR, AVIVA MINHA TÊNUE FÉ;<br/>ATEIA EM MIM O ARDOR CELESTIAL;<br/>O CORAÇÃO MEU GUIA POR MERCÊ,<br/>EXTIRPA, EXPULSA TUDO O QUE É CARNAL.</lines>
    </verse>
    <verse name="v3">
      <lines>VEM TU FAZER EM MIM HABITAÇÃO,<br/>EM TEMPLO TEU TRANSFORMA-ME, SENHOR;<br/>AQUI ME ENTREGO EM TUA SANTA MÃO,<br/>A TEU ESPÍRITO RENOVADOR.</lines>
    </verse>
    <verse name="v4">
      <lines>OUTORGA FORÇA PRA TESTEMUNHAR<br/>NO MEU VIVER, FALAR E PROCEDER;<br/>CORRETA VIDA, SANTA, MODELAR,<br/>TAMBÉM REPLETA DE FERVOR, PODER.</lines>
    </verse>
  </lyrics>
</song>
