<?xml version='1.0' encoding='UTF-8'?>
<song xmlns="http://openlyrics.info/namespace/2009/song" version="0.8" createdIn="OpenLP 2.2.1" modifiedIn="OpenLP 2.2.1" modifiedDate="2016-02-21T21:43:30">
  <properties>
    <titles>
      <title> CC 152 - PASTOR DIVINO</title>
    </titles>
    <authors>
      <author>CANTOR CRISTÃO</author>
    </authors>
  </properties>
  <lyrics>
    <verse name="v1">
      <lines>OUVE-NOS, PASTOR DIVINO,<br/>NÓS, QUE NESTE BOM LUGAR,<br/>TEU REBANHO CONSAGRADO,<br/>DESEJAMOS-TE ADORAR.<br/>CRISTO AMADO, CRISTO AMADO,<br/>VEM TEU POVO ABENÇOAR.           (BIS)</lines>
    </verse>
    <verse name="v2">
      <lines>AO PERDIDO NO PECADO<br/>SEU PERIGO FAZE VER;<br/>CHAMA OS POBRES ENGANADOS,<br/>FAZE-OS TUA VOZ OUVIR;<br/>AOS ENFERMOS, AOS ENFERMOS,<br/>MESTRE, DIGNA-TE ACUDIR.           (BIS)</lines>
    </verse>
    <verse name="v3">
      <lines>TRAZE O POBRE DESGARRADO<br/>AO APRISCO TEU, SENHOR;<br/>TOMA O TENRO CORDEIRINHO<br/>NO REGAÇO TEU, PASTOR;<br/>DÁ-LHE OS PASTOS, DÁ-LHE OS PASTOS<br/>DE CELESTE DOCE AMOR.             (BIS)</lines>
    </verse>
    <verse name="v4">
      <lines>Ó JESUS, ESCUTA O ROGO,<br/>NOSSA HUMILDE PETIÇÃO;<br/>VEM ENCHER O TEU REBANHO<br/>DE SINCERA DEVOÇÃO;<br/>CANTAREMOS, CANTAREMOS,<br/>TUA AFÁVEL PROTEÇÃO.                  (BIS)</lines>
    </verse>
  </lyrics>
</song>
