<?xml version='1.0' encoding='UTF-8'?>
<song xmlns="http://openlyrics.info/namespace/2009/song" version="0.8" createdIn="OpenLP 2.2.1" modifiedIn="OpenLP 2.2.1" modifiedDate="2016-02-21T21:53:56">
  <properties>
    <titles>
      <title> CC 126 - LOUVAI</title>
    </titles>
    <authors>
      <author>CANTOR CRISTÃO</author>
    </authors>
  </properties>
  <lyrics>
    <verse name="v1">
      <lines>LOUVAI, LOUVAI CRISTO, O BOM MESTRE DIVINO!<br/>POR NÓS NA CRUZ ELE SOFREU, MORREU;<br/>PERDÃO, PERDÃO HOJE AOS CONTRITOS OUTORGA,<br/>POIS PRECIOSO SANGUE NA CRUZ VERTEU.<br/>SIM, LOUVAI-O; EI-LO TÃO EXALTADO,<br/>MEDIADOR QUE NUNCA NOS FALTARÁ.</lines>
    </verse>
    <verse name="v2">
      <lines>LOUVAI, LOUVAI, FALAI DA SUA GRANDEZA,<br/>   DO PERDÃO, DA GRAÇA QUE A TODOS DÁ.</lines>
    </verse>
    <verse name="v3">
      <lines>LOUVAI, LOUVAI CRISTO, O BOM MESTRE DIVINO!<br/>CONSELHOS BONS DÁ ELE AO PECADOR;<br/>ANUNCIAI AS BÊNÇÃOS MARAVILHOSAS,<br/>CONCEDIDAS POR ESSE SALVADOR.<br/>IDE, TODOS, SERVOS DE JESUS CRISTO,<br/>ELE NUNCA VOS ABANDONARÁ.</lines>
    </verse>
    <verse name="v4">
      <lines>LOUVAI, LOUVAI CRISTO, O BOM MESTRE DIVINO!<br/>CANTAI, CANTAI, SEU GRANDE AMOR CANTAI;<br/>FIÉIS, CANTAI DE CORAÇÃO, BEM UNIDOS,<br/>SEU PODER E GLÓRIA LOUVAI, LOUVAI!<br/>QUAL PASTOR QUE CUIDA DO SEU REBANHO,<br/>CRISTO ASSIM OS CRENTES PROTEGERÁ.</lines>
    </verse>
  </lyrics>
</song>
