<?xml version='1.0' encoding='UTF-8'?>
<song xmlns="http://openlyrics.info/namespace/2009/song" version="0.8" createdIn="OpenLP 2.2.1" modifiedIn="OpenLP 2.2.1" modifiedDate="2016-02-21T21:53:53">
  <properties>
    <titles>
      <title> CC 105 - FELIZ</title>
    </titles>
    <authors>
      <author>CANTOR CRISTÃO</author>
    </authors>
  </properties>
  <lyrics>
    <verse name="v1">
      <lines>JESUS SENDO MEU, SOU MUITO FELIZ!<br/>EU VOU PARA O CÉU, MEU LINDO PAÍS;<br/>EU NÃO MEREÇO, SOU VIL PECADOR,<br/>MAS, CRENDO, CONHEÇO MEU BOM SALVADOR!</lines>
    </verse>
  </lyrics>
</song>
