<?xml version='1.0' encoding='UTF-8'?>
<song xmlns="http://openlyrics.info/namespace/2009/song" version="0.8" createdIn="OpenLP 2.2.1" modifiedIn="OpenLP 2.2.1" modifiedDate="2016-02-21T21:53:55">
  <properties>
    <titles>
      <title> CC 118 - SANTO ESPÍRITO</title>
    </titles>
    <authors>
      <author>CANTOR CRISTÃO</author>
    </authors>
  </properties>
  <lyrics>
    <verse name="v1">
      <lines>JESUS, AO CÉU SUBINDO,<br/>SE PENHOROU MANDAR<br/>SEU BOM E SANTO ESPÍRITO,<br/>A FIM DE NOS GUIAR;<br/>E O GRANDE, EXCELSO GUIA,<br/>EM NÓS AGORA ESTÁ,<br/>O MUNDO ALÉM REVELA,<br/>CONDUZ-NOS PARA LÁ.</lines>
    </verse>
  </lyrics>
</song>
