<?xml version='1.0' encoding='UTF-8'?>
<song xmlns="http://openlyrics.info/namespace/2009/song" version="0.8" createdIn="OpenLP 2.2.1" modifiedIn="OpenLP 2.2.1" modifiedDate="2016-07-24T12:59:47">
  <properties>
    <titles>
      <title> CC 108 - CHAMADA FINAL</title>
    </titles>
    <verseOrder>v1+r1+e2+r1+e3+r1+e4</verseOrder>
    <authors>
      <author>CANTOR CRISTÃO</author>
    </authors>
  </properties>
  <lyrics>
    <verse name="v1">
      <lines>QUANDO CRISTO SUA TROMBETA<br/>LÁ DO CÉU MANDAR TOCAR,<br/>QUANDO O DIA MUI GLORIOSO LÁ ROMPER,<br/>E AOS REMIDOS DESTA TERRA<br/>MEU JESUS SE INCORPORAR,<br/>E FIZER-SE, ENTÃO, CHAMADA, LÁ ESTAREI.</lines>
    </verse>
    <verse name="c1">
      <lines>QUANDO SE FIZER CHAMADA, (4 VEZES)<br/>   LÁ ESTAREI.</lines>
    </verse>
    <verse name="v3">
      <lines>NESSE TÃO GLORIOSO DIA,<br/>QUANDO O CRENTE RESSURGIR<br/>E DA GLÓRIA DE JESUS PARTICIPAR,<br/>QUANDO OS CRENTES RESSURGIDOS<br/>O SAUDAREM NO PORVIR,<br/>E FIZER-SE, ENTÃO, CHAMADA, LÁ ESTAREI.</lines>
    </verse>
    <verse name="v4">
      <lines>LIDAREI, ENTÃO, PRA CRISTO<br/>TÉ O DIA TERMINAR;<br/>FALAREI DO SEU AMOR POR NÓS AQUI;<br/>QUANDO, POIS, FINDAR A VIDA<br/>E O LABOR AQUI CESSAR,<br/>E FIZER-SE, ENTÃO, CHAMADA, LÁ ESTAREI.</lines>
    </verse>
  </lyrics>
</song>
