<?xml version='1.0' encoding='UTF-8'?>
<song xmlns="http://openlyrics.info/namespace/2009/song" version="0.8" createdIn="OpenLP 2.2.1" modifiedIn="OpenLP 2.2.1" modifiedDate="2016-02-21T21:53:55">
  <properties>
    <titles>
      <title> CC 117 - ESPÍRITO SANTO</title>
    </titles>
    <authors>
      <author>CANTOR CRISTÃO</author>
    </authors>
  </properties>
  <lyrics>
    <verse name="v1">
      <lines>Ó DIVINO PRECEPTOR,<br/>MOSTRA-NOS O SALVADOR!<br/>Ó TU, BOM CONSOLADOR,<br/>ENCHE-NOS DE SANTO AMOR!</lines>
    </verse>
    <verse name="v2">
      <lines>TU FIEL INSTRUIDOR,<br/>COM CELESTIAL FAVOR,<br/>MOSTRA COMO TE ADORAR,<br/>COMO CULTO A DEUS PRESTAR!</lines>
    </verse>
    <verse name="v3">
      <lines>SANTO ESPÍRITO DE DEUS,<br/>ENCHE DE FERVOR OS TEUS,<br/>PRA CANTAREM O LOUVOR<br/>DE JESUS, O SALVADOR!</lines>
    </verse>
    <verse name="v4">
      <lines>VEM, ESPÍRITO VERAZ!<br/>ESTA ESCURIDÃO DESFAZ!<br/>ENCHE-NOS DE SANTA LUZ,<br/>GUIA TODOS A JESUS!</lines>
    </verse>
  </lyrics>
</song>
