<?xml version='1.0' encoding='UTF-8'?>
<song xmlns="http://openlyrics.info/namespace/2009/song" version="0.8" createdIn="OpenLP 2.2.1" modifiedIn="OpenLP 2.2.1" modifiedDate="2016-02-21T21:53:59">
  <properties>
    <titles>
      <title> CC 141 - DESCANSO AOS DOMINGOS</title>
    </titles>
    <authors>
      <author>CANTOR CRISTÃO</author>
    </authors>
  </properties>
  <lyrics>
    <verse name="v1">
      <lines>NA TERRA, AOS DOMINGOS, JESUS, DESCANSAMOS,<br/>MAS TENS LÁ NO CÉU UM DESCANSO MELHOR;<br/>SE, AQUI REUNIDOS, PRAZERES GOZAMOS,<br/>CONTIGO TEREMOS UM GOZO MAIOR.</lines>
    </verse>
    <verse name="v2">
      <lines>MAIS PAZ E ALEGRIA NO CÉU GOZAREMOS,<br/>QUE AQUELAS QUE TEMOS AQUI, COM JESUS;<br/>SEM DORES, SEM PRANTOS, ALEGRES, VEREMOS<br/>AQUELE QUE PARA A MANSÃO NOS CONDUZ.</lines>
    </verse>
    <verse name="v3">
      <lines>SEM MEDO DE ATAQUES DE VIS INIMIGOS,<br/>E SEM OS CUIDADOS MUNDANOS DAQUI,<br/>SEM SOMBRA DE NOITE, SEM NUVENS DE DIA,<br/>CONTIGO SEREMOS DITOSOS ALI.</lines>
    </verse>
    <verse name="v4">
      <lines>JESUS, EU BEM SEI QUE TU TENS PREPARADO<br/>A AURORA DE GOZOS ETERNOS PRA MIM;<br/>EXAUSTO, NA SENDA DE DOR E PECADO,<br/>EU QUERO DESCANSO CONTIGO, SEM FIM.</lines>
    </verse>
  </lyrics>
</song>
