<?xml version='1.0' encoding='UTF-8'?>
<song xmlns="http://openlyrics.info/namespace/2009/song" version="0.8" createdIn="OpenLP 2.2.1" modifiedIn="OpenLP 2.2.1" modifiedDate="2016-02-21T21:43:33">
  <properties>
    <titles>
      <title> CC 179 - FIM DO CULTO</title>
    </titles>
    <authors>
      <author>CANTOR CRISTÃO</author>
    </authors>
  </properties>
  <lyrics>
    <verse name="v1">
      <lines>TEU CULTO FINDO AQUI,<br/>DESPEDE-NOS, SENHOR;<br/>DIRIGI-NOS, ATÉ O FIM,<br/>POR TEU EXCELSO AMOR.</lines>
    </verse>
    <verse name="v2">
      <lines>QUEREMOS EM AMOR<br/>DE TEU FAVOR VIVER.<br/>DE TEU ESPÍRITO GOZAR,<br/>E A GRAÇA RECEBER.</lines>
    </verse>
  </lyrics>
</song>
