<?xml version='1.0' encoding='UTF-8'?>
<song xmlns="http://openlyrics.info/namespace/2009/song" version="0.8" createdIn="OpenLP 2.2.1" modifiedIn="OpenLP 2.2.1" modifiedDate="2016-02-21T21:43:33">
  <properties>
    <titles>
      <title> CC 176 - TEMPO DE SER SANTO</title>
    </titles>
    <authors>
      <author>CANTOR CRISTÃO</author>
    </authors>
  </properties>
  <lyrics>
    <verse name="v1">
      <lines>TEMPO DE SER SANTO TU DEVES TOMAR,<br/>VIVER COM TEU MESTRE, SEU LIVRO ESTUDAR,<br/>ANDAR COM SEU POVO, E AOS FRACOS VALER,<br/>AS BÊNÇÃOS CELESTES DE DEUS SEMPRE OBTER.</lines>
    </verse>
    <verse name="v2">
      <lines>TEMPO DE SER PURO TU DEVES ACHAR,<br/>A SÓS, SEMPRE ORANDO, COM CRISTO FICAR,<br/>TEUS OLHOS BEM FITOS EM DEUS SEMPRE TER,<br/>NA TUA CONDUTA PROVAR SEU PODER</lines>
    </verse>
    <verse name="v3">
      <lines>TEMPO DE SER FORTE TU DEVES BUSCAR,<br/>O MESTRE SEGUINDO POR ONDE GUIAR;<br/>NO GOZO OU TRISTEZA SEMPRE OBEDECER,<br/>DA FONTE DIVINA JAMAIS TE ESQUECER.</lines>
    </verse>
    <verse name="v4">
      <lines>TEMPO DE SER ÚTIL TU DEVES GUARDAR,<br/>MUI CALMO NAS LUTAS, EM DEUS CONFIAR;<br/>SOCORRE OS AFLITOS, REPLETO DE AMOR,<br/>OS PASSOS SEGUINDO DO TEU SALVADOR.</lines>
    </verse>
  </lyrics>
</song>
