<?xml version='1.0' encoding='UTF-8'?>
<song xmlns="http://openlyrics.info/namespace/2009/song" version="0.8" createdIn="OpenLP 2.2.1" modifiedIn="OpenLP 2.2.1" modifiedDate="2016-02-21T21:53:59">
  <properties>
    <titles>
      <title> CC 146 - ALEGRIA VERDADEIRA</title>
    </titles>
    <authors>
      <author>CANTOR CRISTÃO</author>
    </authors>
  </properties>
  <lyrics>
    <verse name="v1">
      <lines>SEI AGORA O QUE ME ALEGRA,<br/>SEI AGORA O QUE ME ALEGRA,<br/>SEI AGORA O QUE ME ALEGRA,<br/>CONFIANDO NO SENHOR!</lines>
    </verse>
    <verse name="v2">
      <lines>É JESUS O QUE ME ALEGRA,<br/>É JESUS O QUE ME ALEGRA,<br/>É JESUS O QUE ME ALEGRA,<br/>CONFIANDO NO SENHOR!</lines>
    </verse>
  </lyrics>
</song>
