<?xml version='1.0' encoding='UTF-8'?>
<song xmlns="http://openlyrics.info/namespace/2009/song" version="0.8" createdIn="OpenLP 2.2.1" modifiedIn="OpenLP 2.2.1" modifiedDate="2016-02-21T21:43:31">
  <properties>
    <titles>
      <title> CC 163 - DESEJOS</title>
    </titles>
    <authors>
      <author>CANTOR CRISTÃO</author>
    </authors>
  </properties>
  <lyrics>
    <verse name="v1">
      <lines>EU CONHECER DESEJO<br/>O AMOR DO MEU JESUS,<br/>A GLÓRIA SEMPITERNA<br/>DO REINO DO MEU DEUS.<br/>EU APRENDER DESEJO<br/>A SANTA E BOA LEI,<br/>CUMPRIR O SEU MANDATO,<br/>COM TODA A SUA GREI.</lines>
    </verse>
    <verse name="v2">
      <lines>REPRODUZIR ALMEJO<br/>A VIDA DE JESUS;<br/>SER MANSO, SER HUMILDE,<br/>TAMBÉM SERVIR A DEUS;<br/>EU APRENDER ALMEJO<br/>COM JESUS CRISTO A ORAR,<br/>SOZINHO NA MONTANHA<br/>COM O SENHOR FALAR.</lines>
    </verse>
    <verse name="v3">
      <lines>AMAR ETERNAMENTE<br/>DESEJO A TI, JESUS;<br/>POIS TU POR MIM SOFRESTE<br/>A MALDIÇÃO DA CRUZ.<br/>Ó SALVADOR, CONCEDE<br/>QUE ALCANCE TEU AMOR;<br/>A MIM, OVELHA TUA,<br/>CONTEMPLA COM FAVOR!</lines>
    </verse>
  </lyrics>
</song>
