<?xml version='1.0' encoding='UTF-8'?>
<song xmlns="http://openlyrics.info/namespace/2009/song" version="0.8" createdIn="OpenLP 2.2.1" modifiedIn="OpenLP 2.2.1" modifiedDate="2016-02-21T21:43:34">
  <properties>
    <titles>
      <title> CC 181 - BÊNÇÃO</title>
    </titles>
    <authors>
      <author>CANTOR CRISTÃO</author>
    </authors>
  </properties>
  <lyrics>
    <verse name="v1">
      <lines>A GRAÇA DE NOSSO SENHOR,<br/>E O AMOR DE DEUS,<br/>E A COMUNHÃO DO ESPÍRITO SANTO,<br/>CONOSCO SEJAM. AMÉM! AMÉM!</lines>
    </verse>
  </lyrics>
</song>
