<?xml version='1.0' encoding='UTF-8'?>
<song xmlns="http://openlyrics.info/namespace/2009/song" version="0.8" createdIn="OpenLP 2.2.1" modifiedIn="OpenLP 2.2.1" modifiedDate="2016-02-21T21:53:56">
  <properties>
    <titles>
      <title> CC 122 - MOTIVOS DE LOUVOR</title>
    </titles>
    <authors>
      <author>CANTOR CRISTÃO</author>
    </authors>
  </properties>
  <lyrics>
    <verse name="v1">
      <lines>OH, VINDE OUVIR, ENQUANTO<br/>DE CRISTO EU VOU CANTAR,<br/>MEU SALVADOR BENDITO,<br/>POIS VEIO-ME SALVAR!<br/>CORDEIRO IMACULADO,<br/>MINHA ALMA RESGATOU,<br/>E COM SEU PRÓPRIO SANGUE<br/>MEU CORAÇÃO LAVOU.</lines>
    </verse>
    <verse name="v2">
      <lines>QUANDO A SEUS PÉS SENTADO,<br/>EU, GRATO, CANTAREI<br/>OS TÃO GLORIOSOS FEITOS<br/>DO MEU SENHOR E REI.<br/>SIM, MESMO QUANDO OS MALES<br/>ME QUEIRAM SUBMERGIR,<br/>EU CANTAREI DE CRISTO,<br/>QUE OS PODE DESTRUIR.</lines>
    </verse>
    <verse name="v3">
      <lines>SEGUINDO NA VEREDA<br/>QUE PARA O CÉU CONDUZ,<br/>EU CANTAREI DE CRISTO,<br/>A MINHA VIDA E LUZ!<br/>QUANDO EU ME ACHAR SEM MALES<br/>NAQUELE SANTO LAR,<br/>ETERNAMENTE A CRISTO<br/>LOUVOR HEI DE CANTAR.</lines>
    </verse>
  </lyrics>
</song>
