<?xml version='1.0' encoding='UTF-8'?>
<song xmlns="http://openlyrics.info/namespace/2009/song" version="0.8" createdIn="OpenLP 2.2.1" modifiedIn="OpenLP 2.2.1" modifiedDate="2016-10-30T13:13:52">
  <properties>
    <titles>
      <title> CC 135 - LOUVOR</title>
    </titles>
    <verseOrder>v1 c1 v2 c1 v3 c1 v4 c1</verseOrder>
    <authors>
      <author>CANTOR CRISTÃO</author>
    </authors>
  </properties>
  <lyrics>
    <verse name="v1">
      <lines>LOUVAMOS-TE, Ó DEUS, PELO DOM DE JESUS,<br/>QUE POR NÓS PECADORES FOI MORTO NA CRUZ.</lines>
    </verse>
    <verse name="v2">
      <lines>LOUVAMOS-TE, Ó DEUS, E AO TEU FILHO DE AMOR,<br/>QUE FOI MORTO, MAS VIVE, SUPREMO SENHOR.</lines>
    </verse>
    <verse name="v3">
      <lines>LOUVAMOS-TE, Ó DEUS, PELO ESPÍRITO, LUZ<br/>QUE NOS TIRA DAS TREVAS E A CRISTO CONDUZ.</lines>
    </verse>
    <verse name="v4">
      <lines>OH, VEM NOS ENCHER DE CELESTE FERVOR,<br/>E FAZER-NOS FRUIR TEU AFÁVEL AMOR!</lines>
    </verse>
    <verse name="c1">
      <lines>ALELUIA, TODA GLÓRIA<br/>TE RENDEMOS, SEM FIM;<br/>ALELUIA, TUA GRAÇA<br/>IMPLORAMOS. AMÉM!</lines>
    </verse>
  </lyrics>
</song>
