<?xml version='1.0' encoding='UTF-8'?>
<song xmlns="http://openlyrics.info/namespace/2009/song" version="0.8" createdIn="OpenLP 2.2.1" modifiedIn="OpenLP 2.2.1" modifiedDate="2016-02-21T21:43:31">
  <properties>
    <titles>
      <title> CC 162 - VIGIAR E ORAR</title>
    </titles>
    <authors>
      <author>CANTOR CRISTÃO</author>
    </authors>
  </properties>
  <lyrics>
    <verse name="v1">
      <lines>BEM DE MANHÃ, EMBORA O CÉU SERENO<br/>PAREÇA UM DIA CALMO ANUNCIAR,<br/>VIGIA E ORA; O CORAÇÃO PEQUENO<br/>UM TEMPORAL PODE ABRIGAR.</lines>
    </verse>
    <verse name="v2">
      <lines>BEM DE MANHÃ, E SEM CESSAR,<br/>   VIGIAR, SIM, E ORAR!</lines>
    </verse>
    <verse name="v3">
      <lines>AO MEIO-DIA, E QUANDO OS SONS DA TERRA<br/>ABAFAM MAIS DE DEUS A VOZ DE AMOR,<br/>RECORRE À ORAÇÃO, EVITA A GUERRA<br/>E GOZA PAZ COM O SENHOR.</lines>
    </verse>
    <verse name="v4">
      <lines>DO DIA AO FIM, APÓS OS TEUS LIDARES,<br/>RELEMBRA AS BÊNÇÃOS DO CELESTE AMOR,<br/>E CONTA A DEUS PRAZERES E PESARES,<br/>DEIXANDO EM SUAS MÃOS A DOR.</lines>
    </verse>
    <verse name="v5">
      <lines>E SEM CESSAR, VIGIA A CADA INSTANTE,<br/>QUE O INIMIGO ATACA SEM PARAR;<br/>SÓ COM JESUS EM COMUNHÃO CONSTANTE<br/>É QUE O FIEL VAI TRIUNFAR.</lines>
    </verse>
  </lyrics>
</song>
