<?xml version='1.0' encoding='UTF-8'?>
<song xmlns="http://openlyrics.info/namespace/2009/song" version="0.8" createdIn="OpenLP 2.2.1" modifiedIn="OpenLP 2.2.1" modifiedDate="2016-02-21T21:43:35">
  <properties>
    <titles>
      <title> CC 189 - GRAÇA INEFÁVEL</title>
    </titles>
    <authors>
      <author>CANTOR CRISTÃO</author>
    </authors>
  </properties>
  <lyrics>
    <verse name="v1">
      <lines>A GRAÇA DO SENHOR MEU CORAÇÃO VENCEU,<br/>POIS, PARA ME SALVAR, SEU FILHO AMADO DEU.<br/>   OH, SIM, QUALQUER QUE EM CRISTO CRER<br/>   PERDÃO ETERNO VAI OBTER<br/>   E VIDA NOVA RECEBER.</lines>
    </verse>
    <verse name="v2">
      <lines>AQUELE QUE PECAR, A MORTE SOFRERÁ;<br/>QUEM ACEITAR JESUS, A VIDA ALCANÇARÁ.</lines>
    </verse>
    <verse name="v3">
      <lines>SEU SANGUE DERRAMOU A FIM DE NOS SALVAR,<br/>E DA CONDENAÇÃO NOS VEIO ASSIM LIVRAR.</lines>
    </verse>
    <verse name="v4">
      <lines>OH, VINDE RECEBER A VIDA E SEU PERDÃO,<br/>E JUNTOS POSSUIR JESUS E A SALVAÇÃO!</lines>
    </verse>
  </lyrics>
</song>
