<?xml version='1.0' encoding='UTF-8'?>
<song xmlns="http://openlyrics.info/namespace/2009/song" version="0.8" createdIn="OpenLP 2.2.1" modifiedIn="OpenLP 2.2.1" modifiedDate="2016-02-21T21:43:30">
  <properties>
    <titles>
      <title> CC 159 - MINHA ORAÇÃO</title>
    </titles>
    <authors>
      <author>CANTOR CRISTÃO</author>
    </authors>
  </properties>
  <lyrics>
    <verse name="v1">
      <lines>DIRIJO A TI, JESUS, MINHA ORAÇÃO,<br/>A TI QUE TUDO VÊS NO CORAÇÃO.<br/>EU VENHO TE ADORAR, TUA GRAÇA SUPLICAR;<br/>OH, VEM ME ABENÇOAR; VEM JÁ, MEU DEUS!</lines>
    </verse>
    <verse name="v2">
      <lines>DIRIJO A TI, JESUS, MINHA ORAÇÃO;<br/>DO MAL QUE PRATIQUEI, A CONFISSÃO.<br/>SÊ TU, Ó MEU SENHOR, PROPÍCIO AO PECADOR;<br/>CONCEDE, EM TEU AMOR, PLENO PERDÃO!</lines>
    </verse>
    <verse name="v3">
      <lines>DIRIJO A TI, JESUS, MINHA ORAÇÃO,<br/>A TI QUE AMPARO ÉS EM AFLIÇÃO;<br/>OH, VEM ME CONSOLAR, MINHA ALMA CONFORTAR,<br/>PRA NUNCA ME AFASTAR DE TI, SENHOR!</lines>
    </verse>
    <verse name="v4">
      <lines>ESCUTA, MEU JESUS, ESTA ORAÇÃO,<br/>QUE HUMILDE FAÇO A TI COM GRATIDÃO.<br/>TU ÉS MEU MEDIADOR, MEU REI E SALVADOR;<br/>POSSA EU EM TEU AMOR SEMPRE VIVER!</lines>
    </verse>
  </lyrics>
</song>
