<?xml version='1.0' encoding='UTF-8'?>
<song xmlns="http://openlyrics.info/namespace/2009/song" version="0.8" createdIn="OpenLP 2.2.1" modifiedIn="OpenLP 2.2.1" modifiedDate="2016-02-21T21:43:32">
  <properties>
    <titles>
      <title> CC 168 - CHUVAS DE BÊNÇÃOS</title>
    </titles>
    <verseOrder>v1 v5 v2 v5 v3 v5 v4 v5</verseOrder>
    <authors>
      <author>CANTOR CRISTÃO</author>
    </authors>
  </properties>
  <lyrics>
    <verse name="v1">
      <lines>CHUVAS DE BÊNÇÃOS TEREMOS,<br/>É A PROMESSA DE DEUS.<br/>TEMPOS BENDITOS VEREMOS,<br/>CHUVAS DE BÊNÇÃOS DOS CÉUS.</lines>
    </verse>
    <verse name="v2">
      <lines>CHUVAS DE BÊNÇÃOS TEREMOS,<br/>VIDA  DE PAZ E PERDÃO.<br/>OS PECADORES INDIGNOS,<br/>GRAÇA DOS CÉUS OBTERÃO.</lines>
    </verse>
    <verse name="v3">
      <lines>CHUVAS DE BÊNÇÃOS TEREMOS,<br/>MANDA-NOS JÁ, Ó SENHOR!<br/>DÁ-NOS AGORA O BOM FRUTO<br/>DESTA PALAVRA DE AMOR.</lines>
    </verse>
    <verse name="v4">
      <lines>CHUVAS DE BÊNÇÃOS TEREMOS,<br/>CHUVAS MANDADAS DOS CÉUS,<br/>BÊNÇÃOS A TODOS OS CRENTES,<br/>BÊNÇÃOS DO NOSSO BOM DEUS.</lines>
    </verse>
    <verse name="v5">
      <lines>CHUVAS DE BÊNÇÃOS,<br/>   CHUVAS DE BÊNÇÃOS DOS CÉUS;<br/>   GOTAS SOMENTE NÓS TEMOS;<br/>   CHUVAS ROGAMOS A DEUS.</lines>
    </verse>
  </lyrics>
</song>
