<?xml version='1.0' encoding='UTF-8'?>
<song xmlns="http://openlyrics.info/namespace/2009/song" version="0.8" createdIn="OpenLP 2.2.1" modifiedIn="OpenLP 2.2.1" modifiedDate="2016-05-29T14:17:42">
  <properties>
    <titles>
      <title> CC 106 - O DESEJADO</title>
    </titles>
    <verseOrder>v1 c1 v2 c1 v3 c1 v4 c1</verseOrder>
    <authors>
      <author>CANTOR CRISTÃO</author>
    </authors>
  </properties>
  <lyrics>
    <verse name="v1">
      <lines>VEM, Ó CRISTO DESEJADO!<br/>VEM DEPRESSA, REDENTOR!<br/>SALVE O DIA ESPLENDOROSO<br/>DO REGRESSO TEU, SENHOR!</lines>
    </verse>
    <verse name="v2">
      <lines>VEM, Ó CRISTO DESEJADO!<br/>VEM O MUNDO LIBERTAR<br/>DESSAS DORES EM QUE GEME!<br/>TEU PODER VEM DEMONSTRAR!</lines>
    </verse>
    <verse name="v3">
      <lines>VEM Ó CRISTO DESEJADO!<br/>VEM O MUNDO DOMINAR,<br/>DISPENSANDO AMOR, JUSTIÇA!<br/>VEM TEU REINO DILATAR!</lines>
    </verse>
    <verse name="v4">
      <lines break="optional">VEM, Ó CRISTO DESEJADO,<br/>TUA GLÓRIA REVELAR!</lines>
      <lines>VEM, SENHOR JESUS, NOS ARES<br/>PARA NOS ARREBATAR!</lines>
    </verse>
    <verse name="c1">
      <lines>VEM, ESPERANÇA DESTE MUNDO!<br/>VEM O MILÊNIO INAUGURAR!<br/>VEM TEUS REMIDOS DESPERTAR DO SONO!<br/>OH, VEM TEU REINO CONFIRMAR!</lines>
    </verse>
  </lyrics>
</song>
