<?xml version='1.0' encoding='UTF-8'?>
<song xmlns="http://openlyrics.info/namespace/2009/song" version="0.8" createdIn="OpenLP 2.2.1" modifiedIn="OpenLP 2.2.1" modifiedDate="2016-02-21T21:43:34">
  <properties>
    <titles>
      <title> CC 182 - DESPEDIDA DO CULTO</title>
    </titles>
    <authors>
      <author>CANTOR CRISTÃO</author>
    </authors>
  </properties>
  <lyrics>
    <verse name="v1">
      <lines>DESPEDE-NOS, Ó BOM JESUS,<br/>NO FIM DO TEU SERVIÇO AQUI;<br/>GUIAR-NOS VENHA A TUA LUZ,<br/>PRA QUE SIRVAMOS SÓ A TI.</lines>
    </verse>
    <verse name="v2">
      <lines>DEPEDE-NOS, Ó SALVADOR!<br/>   DESPEDE-NOS EM TEU AMOR;<br/>   PERMITE QUE NÓS OUTRA VEZ<br/>   NOS AJUNTEMOS, Ó SENHOR.</lines>
    </verse>
    <verse name="v3">
      <lines>PROTEGE-NOS, Ó BOM JESUS,<br/>E NÃO NOS LARGUE A TUA MÃO!<br/>O TEU AMOR SÓ NOS INDUZ<br/>A TE LOUVAR DE CORAÇÃO.</lines>
    </verse>
    <verse name="v4">
      <lines>PAI NOSSO, TU, QUE ESTÁS NOS CÉUS,<br/>AQUI ABENÇOAR-NOS VEM;<br/>Ó TU, ESPÍRITO DE DEUS,<br/>DÁ-NOS INSPIRAÇÃO TAMBÉM.</lines>
    </verse>
  </lyrics>
</song>
