<?xml version='1.0' encoding='UTF-8'?>
<song xmlns="http://openlyrics.info/namespace/2009/song" version="0.8" createdIn="OpenLP 2.2.1" modifiedIn="OpenLP 2.2.1" modifiedDate="2016-02-21T21:43:44">
  <properties>
    <titles>
      <title> CC 250 - QUASE INDUZIDO</title>
    </titles>
    <authors>
      <author>CANTOR CRISTÃO</author>
    </authors>
  </properties>
  <lyrics>
    <verse name="v1">
      <lines>QUASE INDUZIDO A CRER EM JESUS,<br/>QUASE INDUZIDO A ANDAR NA LUZ!<br/>NÃO QUEIRAS REPLICAR:<br/>""""QUANDO TIVER VAGAR,<br/>ESPERO ENTÃO CHEGAR PARA JESUS!""""</lines>
    </verse>
    <verse name="v2">
      <lines>QUASE INDUZIDO! Ó CORAÇÃO!<br/>QUASE INDUZIDO! FAZ DECISÃO!<br/>HOJE, O BOM SALVADOR,<br/>COM VOZ DE TERNO AMOR,<br/>CONVIDA O PECADOR: """"ESCUTA E VEM!""""</lines>
    </verse>
    <verse name="v3">
      <lines>QUASE INDUZIDO! DECIDE JÁ!<br/>QUASE INDUZIDO! TARDE SERÁ!<br/>QUASE TE ENGANARÁ,<br/>QUASE NÃO SERVIRÁ,<br/>QUASE TE LANÇARÁ NA PERDIÇÃO!</lines>
    </verse>
  </lyrics>
</song>
