<?xml version='1.0' encoding='UTF-8'?>
<song xmlns="http://openlyrics.info/namespace/2009/song" version="0.8" createdIn="OpenLP 2.2.1" modifiedIn="OpenLP 2.2.1" modifiedDate="2016-02-21T21:43:47">
  <properties>
    <titles>
      <title> CC 268 - COMO ESTOU</title>
    </titles>
    <authors>
      <author>CANTOR CRISTÃO</author>
    </authors>
  </properties>
  <lyrics>
    <verse name="v1">
      <lines>OUÇO MEU SENHOR DIZER:<br/>""""TEUS ESFORÇOS SÃO EM VÃO,<br/>NADA PODES MERECER,<br/>EU TE DOU A SALVAÇÃO.""""</lines>
    </verse>
    <verse name="v2">
      <lines>ATI, JESUS, SENHOR,<br/>   VENHO COMO SOU;<br/>   BEM NENHUM MEREÇO EU,<br/>   TEU SANGUE ME SALVOU.</lines>
    </verse>
    <verse name="v3">
      <lines>SIM, EU VENHO A TI, JESUS,<br/>TUA GRAÇA RECEBER;<br/>INFINITO É TEU AMOR,<br/>SEM LIMITES TEU PODER.</lines>
    </verse>
    <verse name="v4">
      <lines>AI, ME FALTA A RETIDÃO<br/>SOU INDIGNO PECADOR,<br/>MAS PUREZA ALCANÇAREI<br/>NO TEU SANGUE REDENTOR.</lines>
    </verse>
    <verse name="v5">
      <lines>PELA FÉ EM TI, SENHOR,<br/>RECEBI O TEU PERDÃO;<br/>DE PECADO E DE TEMOR<br/>LIVRE ESTÁ MEU CORAÇÃO.</lines>
    </verse>
    <verse name="v6">
      <lines>LÁ NO CÉU EU CANTAREI<br/>TUA ETERNA REDENÇÃO;<br/>SEMPRE ALI TE RENDEREI<br/>MEU LOUVOR E GRATIDÃO.</lines>
    </verse>
  </lyrics>
</song>
