<?xml version='1.0' encoding='UTF-8'?>
<song xmlns="http://openlyrics.info/namespace/2009/song" version="0.8" createdIn="OpenLP 2.2.1" modifiedIn="OpenLP 2.2.1" modifiedDate="2016-02-21T21:43:44">
  <properties>
    <titles>
      <title> CC 251 - QUASE ACHEGADO</title>
    </titles>
    <authors>
      <author>CANTOR CRISTÃO</author>
    </authors>
  </properties>
  <lyrics>
    <verse name="v1">
      <lines>QUASE ACHEGADO AO BOM SALVADOR?<br/>CHEGA MAIS PERTO, SIM, PECADOR!<br/>NÃO PENSES EM DIZER:<br/>""""HOJE, NÃO PODE SER;<br/>VOU AMANHÃ FAZER A DECISÃO.""""</lines>
    </verse>
    <verse name="v2">
      <lines>SE RESOLVESTE A CRISTO SEGUIR,<br/>HOJE É O TEMPO DE DECIDIR<br/>OUVE ESSA VOZ DE AMOR<br/>QUE DIZ, Ó PECADOR:<br/>""""TEMPO NÃO HÁ MELHOR PRA SALVAÇÃO.""""</lines>
    </verse>
    <verse name="v3">
      <lines>QUASE NÃO BASTA; FAZ PERIGAR<br/>TUA ESPERANÇA DE AO CÉU CHEGAR.<br/>QUASE NÃO VALERÁ,<br/>NUNCA TE SALVARÁ,<br/>MAS, SIM, TE LEVARÁ À PERDIÇÃO.</lines>
    </verse>
  </lyrics>
</song>
