<?xml version='1.0' encoding='UTF-8'?>
<song xmlns="http://openlyrics.info/namespace/2009/song" version="0.8" createdIn="OpenLP 2.2.1" modifiedIn="OpenLP 2.2.1" modifiedDate="2016-02-21T21:43:41">
  <properties>
    <titles>
      <title> CC 229 - RÉGIO HÓSPEDE</title>
    </titles>
    <authors>
      <author>CANTOR CRISTÃO</author>
    </authors>
  </properties>
  <lyrics>
    <verse name="v1">
      <lines>TENDES VÓS LUGAR VAZIO<br/>PARA CRISTO, O SALVADOR?<br/>ELE BATE E QUER ENTRADA,<br/>QUER SALVAR-VOS EM AMOR.</lines>
    </verse>
    <verse name="v2">
      <lines>DAI LUGAR A JESUS CRISTO!<br/>   IDE JÁ O CONVIDAR,<br/>   PARA QUE ACHE EM VÓS MORADA<br/>   E ONDE SEMPRE POSSA ESTAR!</lines>
    </verse>
    <verse name="v3">
      <lines>VÓS QUEREIS DIVERTIMENTOS,<br/>AMIZADES E PRAZER,<br/>MENOS ESSE AMIGO VERO,<br/>QUE POR NÓS OUSOU MORRER?</lines>
    </verse>
    <verse name="v4">
      <lines>TENDES TEMPO PARA CRISTO?<br/>LOGO O BUSCAREI EM VÃO!<br/>HOJE É TEMPO FAVORÁVEL<br/>DE ACEITAR A SALVAÇÃO!</lines>
    </verse>
  </lyrics>
</song>
