<?xml version='1.0' encoding='UTF-8'?>
<song xmlns="http://openlyrics.info/namespace/2009/song" version="0.8" createdIn="OpenLP 2.2.1" modifiedIn="OpenLP 2.2.1" modifiedDate="2016-02-21T21:43:44">
  <properties>
    <titles>
      <title> CC 253 - NÃO HAVIA LUGAR</title>
    </titles>
    <authors>
      <author>CANTOR CRISTÃO</author>
    </authors>
  </properties>
  <lyrics>
    <verse name="v1">
      <lines>NÃO TEVE UM PALÁCIO NO MUNDO O SENHOR,<br/>NEM HONRAS LHE DERAM DE REI SALVADOR;<br/>MAS A MANJEDOURA SÓ PÔDE ENCONTRAR,<br/>PORQUE NÃO HAVIA MAIS OUTRO LUGAR.</lines>
    </verse>
    <verse name="v2">
      <lines>NÃO HÁ LUGAR PRA CRISTO<br/>   EM TUA VIDA E LAR?<br/>   TERÁS, ENTÃO, DE OUVIR DIZER:<br/>   """"NO CÉU NÃO TENS LUGAR.""""</lines>
    </verse>
    <verse name="v3">
      <lines>AQUI, NOS PRAZERES, TU QUERES VIVER,<br/>GASTANDO OS TALENTOS E TODO O TEU SER?<br/>POR QUE CONTINUAS NO TRISTE PECAR?<br/>POR QUE NÃO CONCEDES A CRISTO LUGAR?</lines>
    </verse>
    <verse name="v4">
      <lines>OH, QUÃO INFELIZES AS ALMAS SEM LUZ,<br/>INGRATAS, PERDIDAS, SEM PAZ, SEM JESUS!<br/>SIM, CRISTO HOJE MESMO DESEJA HABITAR<br/>EM TI, MEU AMIGO. OH, DÁ-LHE LUGAR!</lines>
    </verse>
  </lyrics>
</song>
