<?xml version='1.0' encoding='UTF-8'?>
<song xmlns="http://openlyrics.info/namespace/2009/song" version="0.8" createdIn="OpenLP 2.2.1" modifiedIn="OpenLP 2.2.1" modifiedDate="2017-01-22T22:08:40">
  <properties>
    <titles>
      <title> CC 266 - TAL QUAL ESTOU</title>
    </titles>
    <authors>
      <author>CANTOR CRISTÃO</author>
    </authors>
  </properties>
  <lyrics>
    <verse name="v1">
      <lines>TAL QUAL ESTOU, EIS-ME, SENHOR,<br/>POIS O TEU SANGUE REMIDOR<br/>VERTESTE PELO PECADOR;<br/>Ó SALVADOR, ME ACHEGO A TI!</lines>
    </verse>
    <verse name="v2">
      <lines>TAL QUAL ESTOU, SEM ESPERAR<br/>QUE POSSA A VIDA MELHORAR;<br/>EM TI SÓ QUERO CONFIAR;<br/>Ó SALVADOR, ME ACHEGO A TI!</lines>
    </verse>
    <verse name="v3">
      <lines>TAL QUAL ESTOU, E SEM PODER,<br/>AS FALTAS PODES PREENCHER<br/>E TUDO QUANTO ME É MISTER;<br/>Ó SALVADOR, ME ACHEGO A TI!</lines>
    </verse>
    <verse name="v4">
      <lines>TAL QUAL ESTOU ME ACEITARÁS,<br/>E TU MINHA ALMA LIMPARÁS,<br/>COM TEU AMOR ME COBRIRÁS;<br/>Ó SALVADOR, ME ACHEGO A TI!!!</lines>
    </verse>
  </lyrics>
</song>
