<?xml version='1.0' encoding='UTF-8'?>
<song xmlns="http://openlyrics.info/namespace/2009/song" version="0.8" createdIn="OpenLP 2.2.1" modifiedIn="OpenLP 2.2.1" modifiedDate="2016-02-21T21:43:46">
  <properties>
    <titles>
      <title> CC 263 - LUZ DIVINA</title>
    </titles>
    <authors>
      <author>CANTOR CRISTÃO</author>
    </authors>
  </properties>
  <lyrics>
    <verse name="v1">
      <lines>OH, VEM, DIVINA LUZ,<br/>AS TREVAS DISSIPAR!<br/>OH, VEM-ME ALUMIAR!<br/>OH, VEM, DIVINA LUZ!</lines>
    </verse>
    <verse name="v2">
      <lines>OH, VEM, DIVINA LUZ,<br/>CONVERTE O CORAÇÃO,<br/>E DÁ-ME A SALVAÇÃO!<br/>OH, VEM, DIVINA LUZ!</lines>
    </verse>
    <verse name="v3">
      <lines>AMOR CELESTE, VEM,<br/>VEM INUNDAR MEU SER,<br/>E O ÓDIO DESFAZER.<br/>AMOR CELESTE, VEM!</lines>
    </verse>
    <verse name="v4">
      <lines>OH, VEM TU, MEU SENHOR,<br/>HABITA NO MEU LAR!<br/>ERIGE O TEU ALTAR<br/>EM MIM, Ó SALVADOR!</lines>
    </verse>
    <verse name="v5">
      <lines>SEM LUZ, NAS TREVAS VIVO;<br/>   NA ALMA QUE SE HUMILHA,<br/>   Ó LUZ DIVINA, BRILHA;<br/>   BRILHAR AGORA VEM!</lines>
    </verse>
  </lyrics>
</song>
