<?xml version='1.0' encoding='UTF-8'?>
<song xmlns="http://openlyrics.info/namespace/2009/song" version="0.8" createdIn="OpenLP 2.2.1" modifiedIn="OpenLP 2.2.1" modifiedDate="2016-02-21T21:43:43">
  <properties>
    <titles>
      <title> CC 244 - GRAÇA ADMIRÁVEL</title>
    </titles>
    <authors>
      <author>CANTOR CRISTÃO</author>
    </authors>
  </properties>
  <lyrics>
    <verse name="v1">
      <lines>VINDE, AFLITOS PECADORES,<br/>CHEIOS DE TRISTEZAS E DOR,<br/>A JESUS, QUE VOS CONVIDA<br/>COM INSTANTE E TERNO AMOR.<br/>ELE É FORTE, ELE É FORTE,<br/>CONFIAI EM SEU FAVOR.       ( BIS )</lines>
    </verse>
    <verse name="v2">
      <lines>VINDE, POBRES E FAMINTOS,<br/>E O FAVOR DE DEUS BUSCAI;<br/>FÉ BENDITA, TODA A GRAÇA,<br/>SÓ EM CRISTO PROCURAI.<br/>SEM DINHEIRO, SEM DINHEIRO,       ( BIS )<br/>VINDE A CRISTO E JÁ COMPRAI.</lines>
    </verse>
    <verse name="v3">
      <lines>A CONSCIÊNCIA DIZ BEM CLARO:<br/>ÉS INDIGNO DE FAVOR.<br/>DIZ JESUS: EU PELO INDIGNO<br/>JÁ MORRI, SOU FIADOR.<br/>VINDE LOGO, VINDE LOGO,       ( BIS )<br/>ACEITAI SEU RICO AMOR.</lines>
    </verse>
    <verse name="v4">
      <lines>EIS JESUS, DEUS HUMANADO,<br/>SOBRE O TRONO DE ESPLENDOR;<br/>EIS FERIDA A FRONTE E O LADO,<br/>MOSTRA O SANGUE REDENTOR.<br/>ISSO BASTA, ISSO BASTA,       ( BIS )<br/>VINDE, VINDE SEM TEMOR.</lines>
    </verse>
  </lyrics>
</song>
