<?xml version='1.0' encoding='UTF-8'?>
<song xmlns="http://openlyrics.info/namespace/2009/song" version="0.8" createdIn="OpenLP 2.2.1" modifiedIn="OpenLP 2.2.1" modifiedDate="2016-02-21T21:43:51">
  <properties>
    <titles>
      <title> CC 297 - SÚPLICA</title>
    </titles>
    <authors>
      <author>CANTOR CRISTÃO</author>
    </authors>
  </properties>
  <lyrics>
    <verse name="v1">
      <lines>PROMETO AGORA, MEU JESUS,<br/>SERVIR-TE COM SINCERO AMOR;<br/>CONCEDE, POIS, QUE TUA LUZ<br/>HABITE EM MIM, Ó SALVADOR,<br/>E ASSIM OS MALES VENCEREI;<br/>NÃO TEMEREI A LUTA ATROZ;<br/>A ESTRADA RETA TRILHAREI,<br/>ATENTO SEMPRE À TUA VOZ.</lines>
    </verse>
    <verse name="v2">
      <lines>O MUNDO MAU AO MEU REDOR<br/>AFOGA-SE EM PROFANAÇÕES;<br/>É MUI SUTIL O TENTADOR,<br/>TERRÍVEIS SURGEM VIS PAIXÕES;<br/>SÊ TU, JESUS, REFÚGIO MEU,<br/>AMPARO E FORTE DEFENSOR;<br/>PROTEGE E LIVRA O SERVO TEU<br/>DA CORRUÇÃO DO ENGANADOR.</lines>
    </verse>
    <verse name="v3">
      <lines>E SE EU ME ENFRAQUECER NA FÉ,<br/>OU ME AFASTAR DE TI, MEU DEUS,<br/>CONCEDE-ME A REAL MERCÊ<br/>DO TEU AMPARO LÁ DOS CÉUS.<br/>DESPERTA-ME, SE ADORMECER,<br/>E SE FUGIR, DETER-ME VEM!<br/>VEM REPREENDER-ME SE EU TEMER<br/>DE PRATICAR EM TUDO O BEM.</lines>
    </verse>
    <verse name="v4">
      <lines>TU PROMETESTE, MEU SENHOR,<br/>ÀQUELE QUE EM TI CONFIAR,<br/>CERCÁ-LO DE TEU GRANDE AMOR<br/>E LÁ NO CÉU LHE DAR LUGAR.<br/>RESPONDE, POIS, Ó MEU SENHOR,<br/>À MINHA HUMILDE PETIÇÃO;<br/>DIRIGE-ME COM TEU FAVOR<br/>ATÉ CHEGAR À REDENÇÃO.</lines>
    </verse>
  </lyrics>
</song>
