<?xml version='1.0' encoding='UTF-8'?>
<song xmlns="http://openlyrics.info/namespace/2009/song" version="0.8" createdIn="OpenLP 2.2.1" modifiedIn="OpenLP 2.2.1" modifiedDate="2016-08-07T23:25:46">
  <properties>
    <titles>
      <title> CC 222 - MANSO E SUAVE</title>
    </titles>
    <verseOrder>v1 c1 v2 c1 v3 c1 v4 c1</verseOrder>
    <authors>
      <author>CANTOR CRISTÃO</author>
    </authors>
  </properties>
  <lyrics>
    <verse name="v1">
      <lines>MANSO E SUAVE JESUS, CONVIDANDO,<br/>CHAMA POR TI E POR MIM.<br/>EIS QUE ELE À PORTA TE ESPERA, VELANDO;<br/>VELA POR TI E POR MIM.</lines>
    </verse>
    <verse name="c1">
      <lines>VEM JÁ, VEM JÁ!  ALMA CANSADA, VEM JÁ!<br/>   MANSO E SUAVE JESUS, CONVIDANDO,<br/>   CHAMA:  O PECADOR, VEM!</lines>
    </verse>
    <verse name="v2">
      <lines>POIS QUE ESPERAMOS?  JESUS, CONVIDANDO,<br/>CONVIDA A TI, SIM, E A MIM.<br/>OH, NÃO DESPREZES MERCÊ QUE ESTÁ DANDO,<br/>SIM, DANDO A TI, DANDO A MIM!</lines>
    </verse>
    <verse name="v3">
      <lines>CORREM OS DIAS, AS HORAS SE PASSAM,<br/>PASSAM POR TI E POR MIM;<br/>TRANSES DE MORTE POR FIM NOS ESPERAM,<br/>VÊM TANTO A TI QUANTO A MIM.</lines>
    </verse>
    <verse name="v4">
      <lines>OH, GRANDE AMOR QUE JESUS NOS TEM DADO,<br/>TEM DADO A TI, DADO A MIM!<br/>VEIO SALVAR-NOS DO TÃO VIL PECADO,<br/>VEIO POR TI E POR MIM.</lines>
    </verse>
  </lyrics>
</song>
