<?xml version='1.0' encoding='UTF-8'?>
<song xmlns="http://openlyrics.info/namespace/2009/song" version="0.8" createdIn="OpenLP 2.2.1" modifiedIn="OpenLP 2.2.1" modifiedDate="2016-02-21T21:43:37">
  <properties>
    <titles>
      <title> CC 204 - RECONCILIAI-VOS</title>
    </titles>
    <authors>
      <author>CANTOR CRISTÃO</author>
    </authors>
  </properties>
  <lyrics>
    <verse name="v1">
      <lines>EIS A ORDEM DOS CÉUS, DO NOSSO DEUS E PAI:<br/>TODO O PECADOR VENHA AO SALVADOR,<br/>POIS NÃO NÃO QUER QUE NINGUÉM SE PERCA! OH, ESCUTAI!</lines>
    </verse>
    <verse name="v2">
      <lines>EIS O MANDADO QUE VEM DOS CÉUS<br/>   AOS PECADORES PERDIDOS, RÉUS:<br/>   ARREPENDEI-VOS JÁ!<br/>   RECONCILIAI-VOS JÁ<br/>   COM O NOSSO DEUS E PAI!    (BIS)</lines>
    </verse>
    <verse name="v3">
      <lines>VINDE A DEUS SEM RECEIO! CRISTO JÁ REMIU<br/>TODO PECADOR POR SEU GRANDE AMOR!<br/>DÁ PERDÃO AOS QUE CRÊEM; POIS ELE O GARANTIU!<br/>RECONCILIAI-VOS JÁ COM DEUS!</lines>
    </verse>
    <verse name="v4">
      <lines>DEUS NÃO DÁ SALVAÇÃO ÀQUELES QUE NÃO CRÊEM!<br/>TODO PECADOR TEM O SEU FAVOR<br/>QUANDO HUMILDE E CONTRITO A JESUS CRISTO VEM!<br/>RECONCILIAI-VOS JÁ COM DEUS!</lines>
    </verse>
  </lyrics>
</song>
