<?xml version='1.0' encoding='UTF-8'?>
<song xmlns="http://openlyrics.info/namespace/2009/song" version="0.8" createdIn="OpenLP 2.2.1" modifiedIn="OpenLP 2.2.1" modifiedDate="2016-02-21T21:43:41">
  <properties>
    <titles>
      <title> CC 232 - CRISTO À PORTA</title>
    </titles>
    <authors>
      <author>CANTOR CRISTÃO</author>
    </authors>
  </properties>
  <lyrics>
    <verse name="v1">
      <lines>À PORTA CHAMO-TE, ALMA TRISTE,<br/>ANSIOSO POR TE CONSOLAR;<br/>SE MINHA VOZ ENFIM OUVISTE,<br/>POSSO EU ENTRAR?       ( BIS )</lines>
    </verse>
    <verse name="v2">
      <lines>POR TI FOI GRANDE MEU CASTIGO.<br/>SOFRI SEM NUNCA MURMURAR.<br/>PERFEITA PAZ TERÁS COMIGO -<br/>POSSO EU ENTRAR?       ( BIS )</lines>
    </verse>
    <verse name="v3">
      <lines>A MINHA GRAÇA PODEROSA<br/>O TEU PECADO VEM LAVAR;<br/>Ó ALMA IMPURA, PESAROSA,<br/>POSSO EU ENTRAR?       ( BIS )</lines>
    </verse>
    <verse name="v4">
      <lines>EU VIM PRA DAR-TE VIDA E GOZO,<br/>QUE PODES HOJE DESFRUTAR;<br/>COM ISSO TE FAREI DITOSO -<br/>POSSO EU ENTRAR?       ( BIS )</lines>
    </verse>
    <verse name="v5">
      <lines>Á PORTA POR AMOR LEVADO,<br/>   TEU MAL PROCURO DEBELAR<br/>   Ó PECADOR DESALENTADO,<br/>   POSSO EU ENTRAR?    ( BIS )</lines>
    </verse>
  </lyrics>
</song>
