<?xml version='1.0' encoding='UTF-8'?>
<song xmlns="http://openlyrics.info/namespace/2009/song" version="0.8" createdIn="OpenLP 2.2.1" modifiedIn="OpenLP 2.2.1" modifiedDate="2016-02-21T21:43:38">
  <properties>
    <titles>
      <title> CC 208 - JUSTIFICAÇÃO</title>
    </titles>
    <authors>
      <author>CANTOR CRISTÃO</author>
    </authors>
  </properties>
  <lyrics>
    <verse name="v1">
      <lines>DAS ÁGUAS DA VIDA QUEM QUEIRA BEBER,<br/>BEM ARREPENDIDO NO SALVADOR CRER,<br/>DA PENA DA MORTE LIBERTO SERÁ,<br/>POIS CRISTO A SEU POVO DO MAL SALVARÁ.</lines>
    </verse>
    <verse name="v2">
      <lines>O DOM É DE GRAÇA, E CRISTO É CAPAZ<br/>   DE SATISFAZER COM DULCÍSSIMA PAZ<br/>   AO HOMEM QUE ACEITE SEU PLENO PERDÃO,<br/>   SEM OUTRA ESPERANÇA DE OBTER SALVAÇÃO.</lines>
    </verse>
    <verse name="v3">
      <lines>POR MEIO DO SANGUE QUE CRISTO VERTEU<br/>FICOU CONSUMADO O RESGATE DO RÉU;<br/>E O PAI LHE OFERECE, POR SEU TERNO AMOR,<br/>LUGAR EM SEU LAR, COM O BOM SALVADOR.</lines>
    </verse>
    <verse name="v4">
      <lines>É DEUS QUEM AFIRMA QUE DÁ SALVAÇÃO;<br/>DE TODO PECADO CONCEDE PERDÃO;<br/>E ENTÃO VOS CONVIDA A QUE, ASSIM COMO ESTAIS,<br/>VÓS SEM MAIS RECEIOS A CRISTO VENHAIS.</lines>
    </verse>
  </lyrics>
</song>
