<?xml version='1.0' encoding='UTF-8'?>
<song xmlns="http://openlyrics.info/namespace/2009/song" version="0.8" createdIn="OpenLP 2.2.1" modifiedIn="OpenLP 2.2.1" modifiedDate="2017-01-22T22:30:51">
  <properties>
    <titles>
      <title> CC 207 - MENSAGEM REAL</title>
    </titles>
    <verseOrder>v1 c1 v2 c1 v3 c2</verseOrder>
    <authors>
      <author>CANTOR CRISTÃO</author>
    </authors>
  </properties>
  <lyrics>
    <verse name="v1">
      <lines>SOU FORASTEIRO AQUI, EM TERRA ESTRANHA ESTOU;<br/>DO REINO LÁ DO CÉU EMBAIXADOR EU SOU.<br/>MEU REI E SALVADOR VOS MANDA EM SEU AMOR<br/>AS BOAS-NOVAS DE PERDÃO.</lines>
    </verse>
    <verse name="c1">
      <lines>EIS A MENSAGEM QUE ME DEU<br/>   AQUELE QUE POR NÓS MORREU;<br/>   "RECONCILIAI-VOS JÁ", É ORDEM QUE ELE DÁ;<br/>   "RECONCILIAI-VOS JÁ COM DEUS"!</lines>
    </verse>
    <verse name="v2">
      <lines>É ORDEM DO MEU REI QUE TODO PECADOR<br/>ARREPENDIDO JÁ CONFESSE AO SALVADOR<br/>TODO PECADO SEU, POIS ELE PROMETEU<br/>DAR O PERDÃO POR SEU AMOR.</lines>
    </verse>
    <verse name="v3">
      <lines>NO MEU ETERNO LAR NÃO HÁ PERTURBAÇÃO;<br/>ETERNO GOZO E PAZ OS SALVOS FRUIRÃO!<br/>E QUEM OBEDECER A CRISTO VAI VIVER<br/>NO REINO ETERNO DO MEU REI.</lines>
    </verse>
    <verse name="c2">
      <lines>EIS A MENSAGEM QUE ME DEU<br/>   AQUELE QUE POR NÓS MORREU;<br/>   "RECONCILIAI-VOS JÁ", É ORDEM QUE ELE DÁ;<br/>   "RECONCILIAI-VOS JÁ COM DEUS"!!!</lines>
    </verse>
  </lyrics>
</song>
