<?xml version='1.0' encoding='UTF-8'?>
<song xmlns="http://openlyrics.info/namespace/2009/song" version="0.8" createdIn="OpenLP 2.2.1" modifiedIn="OpenLP 2.2.1" modifiedDate="2016-02-21T21:43:51">
  <properties>
    <titles>
      <title> CC 296 - CONSAGRAÇÃO</title>
    </titles>
    <authors>
      <author>CANTOR CRISTÃO</author>
    </authors>
  </properties>
  <lyrics>
    <verse name="v1">
      <lines>A TI SEJA CONSAGRADA<br/>MINHA VIDA, Ó MEU SENHOR;<br/>MEUS MOMENTOS E MEUS DIAS<br/>SEJAM SÓ EM TEU LOUVOR.</lines>
    </verse>
    <verse name="v2">
      <lines>SEMPRE MINHAS MÃOS SE MOVAM<br/>COM PRESTEZA E COM AMOR,<br/>E MEUS PÉS VELOZES CORRAM<br/>AO SERVIÇO DO SENHOR.</lines>
    </verse>
    <verse name="v3">
      <lines>MINHA VOZ PRA SEMPRE TOMA,<br/>PARA O TEU LOUVOR CANTAR;<br/>TOMA OS LÁBIOS MEUS, FAZENDO-OS<br/>A MENSAGEM PROCLAMAR.</lines>
    </verse>
    <verse name="v4">
      <lines>MINHA PRATA E OURO TOMA;<br/>NADA QUERO TE ESCONDER;<br/>MINHA INTELIGÊNCIA GUIA<br/>SÓ E SÓ POR TEU SABER.</lines>
    </verse>
    <verse name="v5">
      <lines>A VONTADE MINHA TOMA,<br/>SUJEITANDO-A A TI, SENHOR,<br/>DO MEU CORAÇÃO FAZENDO<br/>O TEU TRONO, Ó SALVADOR.</lines>
    </verse>
    <verse name="v6">
      <lines>MEU AMOR E MEU DESEJO<br/>SEJAM SÓ TEU NOME HONRAR;<br/>FAZE QUE MEU CORPO INTEIRO<br/>EU TE POSSA CONSAGRAR.</lines>
    </verse>
  </lyrics>
</song>
