<?xml version='1.0' encoding='UTF-8'?>
<song xmlns="http://openlyrics.info/namespace/2009/song" version="0.8" createdIn="OpenLP 2.2.1" modifiedIn="OpenLP 2.2.1" modifiedDate="2016-02-21T21:43:51">
  <properties>
    <titles>
      <title> CC 295 - TUDO ENTREGAREI</title>
    </titles>
    <verseOrder>v1 v2 v3 v2 v4 v2 v5 v2 v6 v2</verseOrder>
    <authors>
      <author>CANTOR CRISTÃO</author>
    </authors>
  </properties>
  <lyrics>
    <verse name="v1">
      <lines>TUDO, SIM, POR TI DAREI!<br/>RESOLUTO, MAS SUBMISSO,<br/>SEMPRE, SEMPRE, SEGUIREI!</lines>
    </verse>
    <verse name="v2">
      <lines>TUDO ENTREGAREI!<br/>   TUDO ENTREGAREI!<br/>   SIM, POR TI, JESUS BENDITO,<br/>   TUDO DEIXAREI!</lines>
    </verse>
    <verse name="v3">
      <lines>TUDO, Ó CRISTO, A TI ENTREGO,<br/>CORPO E ALMA, EIS AQUI!<br/>ESTE MUNDO MAU RENEGO,<br/>Ó JESUS, ME ACEITA A MIM!</lines>
    </verse>
    <verse name="v4">
      <lines>TUDO, Ó CRISTO, A TI ENTREGO,<br/>QUERO SER SOMENTE TEU!<br/>TÃO SUBMISSO À TUA VONTADE<br/>COMO OS ANJOS LÁ NO CÉU!</lines>
    </verse>
    <verse name="v5">
      <lines>TUDO, Ó CRISTO, A TI ENTREGO;<br/>OH, EU SINTO TEU AMOR<br/>TRANSFORMAR A MINHA VIDA<br/>E MEU CORAÇÃO, SENHOR!</lines>
    </verse>
    <verse name="v6">
      <lines>TUDO, Ó CRISTO, A TI ENTREGO;<br/>OH, QUE GOZO, MEU SENHOR!<br/>PAZ PERFEITA, PAZ COMPLETA!<br/>GLÓRIA, GLÓRIA AO SALVADOR!</lines>
    </verse>
  </lyrics>
</song>
