<?xml version='1.0' encoding='UTF-8'?>
<song xmlns="http://openlyrics.info/namespace/2009/song" version="0.8" createdIn="OpenLP 2.2.1" modifiedIn="OpenLP 2.2.1" modifiedDate="2016-02-21T21:43:39">
  <properties>
    <titles>
      <title> CC 220 - PERDÃO E SALVAÇÃO</title>
    </titles>
    <authors>
      <author>CANTOR CRISTÃO</author>
    </authors>
  </properties>
  <lyrics>
    <verse name="v1">
      <lines>""""VEM, VEM A MIM!"""" - O SALVADOR TERNO<br/>DIZ AO QUE SEDE TEM.<br/>QUE VENHA, E DESSA CÉLICA FONTE<br/>DESFRUTARÁ O BEM.</lines>
    </verse>
    <verse name="v2">
      <lines>""""OH, VINDE A MIM!  SE ANDAIS EM TRABALHOS<br/>TEREIS DESCANSO ASSIM;<br/>TOMAI, POIS, SOBRE VÓS O MEU JUGO;<br/>SIM, APRENDEI DE MIM.""""</lines>
    </verse>
    <verse name="v3">
      <lines>JESUS O CORAÇÃO QUEBRANTADO<br/>JAMAIS REJEITARÁ;<br/>MAS, AI DE QUEM NÃO QUEIRA ACEITÁ-LO<br/>PERDIDO FICARÁ.</lines>
    </verse>
    <verse name="v4">
      <lines>ENCHER-VOS QUER DE BÊNÇÃOS CELESTES,<br/>O GRANDE SALVADOR.<br/>PODEIS OUVIR COM INDIFERENÇA<br/>CONTAR TÃO GRANDE AMOR?</lines>
    </verse>
    <verse name="v5">
      <lines>JESUS, O MESTRE, VOS CHAMA.<br/>   QUEREIS A CRISTO VIR?<br/>   O SEU PERDÃO E SALVAÇÃO<br/>   PODEIS JÁ POSSUIR.</lines>
    </verse>
  </lyrics>
</song>
