<?xml version='1.0' encoding='UTF-8'?>
<song xmlns="http://openlyrics.info/namespace/2009/song" version="0.8" createdIn="OpenLP 2.2.1" modifiedIn="OpenLP 2.2.1" modifiedDate="2016-02-21T21:43:45">
  <properties>
    <titles>
      <title> CC 258 - CHORA AGORA</title>
    </titles>
    <authors>
      <author>CANTOR CRISTÃO</author>
    </authors>
  </properties>
  <lyrics>
    <verse name="v1">
      <lines>PECADOR, CONFESSA A CHORA<br/>TEUS PECADOS SEM TARDAR;<br/>OLHA BEM QUE O TEMPO FOGE,<br/>É PERIGO DEMORAR.<br/>LOUCO ESTÁS SE NÃO TE EMENDAS,<br/>SABES QUE TE HÁ DE JULGAR<br/>EM DEUS RETO E JUSTICEIRO,<br/>QUE TE PODE CONDENAR.</lines>
    </verse>
    <verse name="v2">
      <lines>CHORA AGORA AS TUAS CULPAS,<br/>VAI A DEUS AS CONFESSAR;<br/>E SE NÃO, SEM MAIS REMÉDIO,<br/>TARDE, ENTÃO HÁS DE CHORAR.<br/>AH, SE A DOR AQUI TE AFLIGE,<br/>COMO ENTÃO HÁS DE SOFRER<br/>NO TORMENTO, SEM ALÍVIO,<br/>PARA SEMPRE A PADECER?</lines>
    </verse>
    <verse name="v3">
      <lines>COM REMORSO E PRANTO TARDE<br/>TU DIRÉS: """"EU INFELIZ!<br/>EU PERVERSO E DESGRAÇADO!<br/>DEUS CHAMOU-ME E NÃO QUIS.""""<br/>OUVE A DEUS, ESCUTA AGORA,<br/>SIM, ENQUANTO A VIDA DER;<br/>POIS NAQUELE GRANDE DIA<br/>JUSTICEIRO ELE HÁ DE SER.</lines>
    </verse>
  </lyrics>
</song>
