<?xml version='1.0' encoding='UTF-8'?>
<song xmlns="http://openlyrics.info/namespace/2009/song" version="0.8" createdIn="OpenLP 2.2.1" modifiedIn="OpenLP 2.2.1" modifiedDate="2016-02-21T21:43:36">
  <properties>
    <titles>
      <title> CC 200 - A VINDA DE JESUS</title>
    </titles>
    <authors>
      <author>CANTOR CRISTÃO</author>
    </authors>
  </properties>
  <lyrics>
    <verse name="v1">
      <lines>CRISTO, MEU SALVADOR, VEIO A BELÉM,<br/>PARA SOFRER ZOMBARIA E DESDÉM;<br/>VEIO POR CAUSA DO AMOR QUE ME TEM,<br/>A PROCURAR-ME A MIM!</lines>
    </verse>
    <verse name="v2">
      <lines>CRISTO, MEU SALVADOR, MORTO NA CRUZ,<br/>DEU-ME A ALEGRIA DO REINO DE LUZ,<br/>E NO CAMINHO DO CÉU ME CONDUZ;<br/>TUDO ELE FAZ POR MIM!</lines>
    </verse>
    <verse name="v3">
      <lines>CRISTO, MEU SALVADOR, CHAMA POR TI,<br/>ELE TE DIZ: """"COM AMOR TE REMI.""""<br/>VEM, POIS JESUS JÁ FEZ TANTO POR TI.<br/>NÃO TE DEMORES MAIS!</lines>
    </verse>
    <verse name="v4">
      <lines>CRISTO, MEU SALVADOR, INDA VIRÁ<br/>COM OS REMIDOS; QUE GLÓRIA SERÁ!<br/>EU FACE A FACE VEREI A JEOVÁ,<br/>QUANDO ME VIER BUSCAR!</lines>
    </verse>
  </lyrics>
</song>
