<?xml version='1.0' encoding='UTF-8'?>
<song xmlns="http://openlyrics.info/namespace/2009/song" version="0.8" createdIn="OpenLP 2.2.1" modifiedIn="OpenLP 2.2.1" modifiedDate="2016-02-21T21:43:50">
  <properties>
    <titles>
      <title> CC 288 - PERTO DO SENHOR</title>
    </titles>
    <authors>
      <author>CANTOR CRISTÃO</author>
    </authors>
  </properties>
  <lyrics>
    <verse name="v1">
      <lines>PERTO DE TI ALMEJO ESTAR,<br/>PERTO, SIM, BEM PERTO;<br/>TUA PRESENÇA DESFRUTAR,<br/>PERTO, SIM, BEM PERTO.<br/>PERTO DE TI PRA COMPREENDER<br/>TEU GRANDE AMOR E TEU QUERER,<br/>COMO CONTIGO ANDAR, VIVER,<br/>PERTO, SIM, BEM PERTO.       ( BIS )</lines>
    </verse>
    <verse name="v2">
      <lines>PERTO DE TI EM ORAÇÃO,<br/>PERTO, SIM, BEM PERTO,<br/>SE REVIGORA O CORAÇÃO,<br/>PERTO, SIM, BEM PERTO,<br/>GOZO PERFEITO A TRANSBORDAR,<br/>VISTAS DE GLÓRIA E EXTASIAR,<br/>DITA FELIZ CONTIGO ESTAR,<br/>PERTO, SIM, BEM PERTO.       ( BIS )</lines>
    </verse>
    <verse name="v3">
      <lines>EM COMUNHÃO CONTIGO ESTAR,<br/>PERTO, SIM, BEM PERTO;<br/>SEMPRE CONTIGO CONVERSAR,<br/>PERTO, SIM, BEM PERTO;<br/>TUA VONTADE DISCERNIR,<br/>TEUS BONS ENSINOS QUERO OUVIR,<br/>PARA MELHOR TE AMAR, SERVIR,<br/>PERTO, SIM, BEM PERTO.       ( BIS )</lines>
    </verse>
    <verse name="v4">
      <lines>QUERO NA SANTA GUERRA ESTAR,<br/>PERTO, SIM, BEM PERTO,<br/>TUA DIVISA SUSTENTAR,<br/>PERTO, SIM, BEM PERTO;<br/>MANIFESTAR O TEU AMOR,<br/>O TEU PODER E TEU FAVOR,<br/>GRAÇA, PERDÃO AO PECADOR,<br/>PERTO, SIM, BEM PERTO.</lines>
    </verse>
  </lyrics>
</song>
