<?xml version='1.0' encoding='UTF-8'?>
<song xmlns="http://openlyrics.info/namespace/2009/song" version="0.8" createdIn="OpenLP 2.2.1" modifiedIn="OpenLP 2.2.1" modifiedDate="2016-02-21T21:43:43">
  <properties>
    <titles>
      <title> CC 245 - CRISTO VAI PASSAR</title>
    </titles>
    <authors>
      <author>CANTOR CRISTÃO</author>
    </authors>
  </properties>
  <lyrics>
    <verse name="v1">
      <lines>HÁ HOJE ALGUÉM ESPERANDO<br/>PARA JESUS ENCONTRAR?<br/>VENHA, SEM MAIS DEMORAR-SE,<br/>CRISTO VAI HOJE PASSAR!<br/>EI-LO DE MÃOS ESTENDIDAS,<br/>CHEIO DE GRAÇA SEM-PAR;<br/>OH, QUE VENTURA INAUDITA -<br/>CRISTO VAI HOJE PASSAR!</lines>
    </verse>
    <verse name="v2">
      <lines>CRISTO VAI HOJE PASSAR, PASSAR, PASSAR!<br/>   PASSA DE AMOR TRANSBORDANDO,<br/>   TODOS A SI CONVIDANDO.<br/>   O MESTRE VAI HOJE PASSAR,<br/>   SIM, HOJE ELE VAI PASSAR.</lines>
    </verse>
    <verse name="v3">
      <lines>HÁ INDA ALGUÉM DUVIDANDO<br/>DO SEU PODER DE SALVAR?<br/>POIS VENHA EXPERIMENTÁ-LO,<br/>CRISTO VAI HOJE PASSAR!<br/>O SEU PODER É DIVINO,<br/>O SEU AMOR É SEM-PAR.<br/>Ó CORAÇÃO QUEBRANTADO!<br/>CRISTO VAI HOJE PASSAR!</lines>
    </verse>
    <verse name="v4">
      <lines>HÁ INDA ALGUÉM DEMORANDO<br/>PARA JESUS ACEITAR?<br/>EIS QUE O SENHOR ESTÁ PERTO,<br/>ELE VAI HOJE PASSAR!<br/>Ó PECADOR DESDITOSO,<br/>NÃO CESSES, POIS, DE CLAMAR!<br/>VEM TUAS CULPAS CHORANDO;<br/>CRISTO VAI HOJE PASSAR!</lines>
    </verse>
  </lyrics>
</song>
