<?xml version='1.0' encoding='UTF-8'?>
<song xmlns="http://openlyrics.info/namespace/2009/song" version="0.8" createdIn="OpenLP 2.2.1" modifiedIn="OpenLP 2.2.1" modifiedDate="2016-02-21T21:43:37">
  <properties>
    <titles>
      <title> CC 203 - OLHA PARA CRISTO</title>
    </titles>
    <authors>
      <author>CANTOR CRISTÃO</author>
    </authors>
  </properties>
  <lyrics>
    <verse name="v1">
      <lines>OLHA PARA CRISTO, OLHA, PECADOR,<br/>POIS POR TI TRAGOU O CÁLIX DE AMARGOR;<br/>TODA A TUA CULPA CRISTO JÁ PAGOU,<br/>TODO O TEU PECADO SOBRE SI TOMOU.</lines>
    </verse>
    <verse name="v2">
      <lines>OLHA PARA CRISTO, QUE POR TI MORREU;<br/>PELOS TEUS PECADOS ELE PADECEU.<br/>ELE DOR AMARGA LÁ NA CRUZ SENTIU,<br/>POR SEU SANGUE PURO CRISTO TE REMIU.</lines>
    </verse>
    <verse name="v3">
      <lines>O PODER DAS TREVAS ELE CONQUISTOU,<br/>O TERROR DA MORTE JÁ ANIQUILOU;<br/>EIS O VÉU RASGADO, EIS DO CÉU A LUZ,<br/>TUDO ESTÁ CUMPRIDO; OLHA PRA JESUS.</lines>
    </verse>
  </lyrics>
</song>
