<?xml version='1.0' encoding='UTF-8'?>
<song xmlns="http://openlyrics.info/namespace/2009/song" version="0.8" createdIn="OpenLP 2.2.1" modifiedIn="OpenLP 2.2.1" modifiedDate="2016-02-21T21:43:44">
  <properties>
    <titles>
      <title> CC 249 - BANQUETE DE BELSAZAR</title>
    </titles>
    <authors>
      <author>CANTOR CRISTÃO</author>
    </authors>
  </properties>
  <lyrics>
    <verse name="v1">
      <lines>NUMA ORGIA NEFANDA,<br/>O REBELDE BELSAZAR,<br/>COM OS GRANDES DO SEU REINO,<br/>TODOS ELES A FOLGAR,<br/>COM ESPANTO PARARAM<br/>QUANDO O REI ESTREMECEU:<br/>NA PAREDE A MÃO DIVINA,<br/>ESCREVENDO, APARECEU.</lines>
    </verse>
    <verse name="v2">
      <lines>NO PALÁCIO, OS FESTIVOS<br/>NOBRES NÃO SOUBERAM LER<br/>TAL ESCRITA NA PEREDE;<br/>LOGO O REI, TODO A TREMER,<br/>VIR MANDOU BEM DEPRESSA<br/>O CATIVO DANIEL,<br/>QUE, DO ESCRITO NA PEREDE,<br/>DEU A TRADUÇÃO FIEL.</lines>
    </verse>
    <verse name="v3">
      <lines>A SENTENÇA FOI GRAVE<br/>AO MONARCA DOS CALDEUS,<br/>QUE VIVIA NO PECADO;<br/>SEM TEMOR NENHUM DE DEUS:<br/>""""O TEU REINO PASSOU-SE;<br/>NA PAREDE ESCRITO ESTÁ;<br/>NA BALANÇA DA JUSTIÇA<br/>A TUA ALMA EM FALTA ESTÁ.""""</lines>
    </verse>
    <verse name="v4">
      <lines>TUA VIDA, Ó AMIGO,<br/>NESTA HORA ESCRITA ESTÁ;<br/>O REGISTRO DOS TEUS ATOS<br/>DEUS, NO CÉU, ESCREVE JÁ;<br/>QUE JESUS, POIS, TE FAÇA<br/>TAL ESCRITA COMPREENDER,<br/>QUE, EM HAVENDO TEMPO, POSSAS<br/>SUA GRAÇA RECEBER.</lines>
    </verse>
    <verse name="v5">
      <lines>LÁ NO CÉU, A MÃO DE DEUS!<br/>   LÁ NO CÉU, A MÃO DE DEUS!<br/>   VÊ QUAL SEJA A TUA SORTE,<br/>   A TUA VIDA OU MORTE;<br/>   LÁ NO CÉU, ESCREVE A MÃO DE DEUS.</lines>
    </verse>
  </lyrics>
</song>
