<?xml version='1.0' encoding='UTF-8'?>
<song xmlns="http://openlyrics.info/namespace/2009/song" version="0.8" createdIn="OpenLP 2.2.1" modifiedIn="OpenLP 2.2.1" modifiedDate="2016-02-21T21:43:37">
  <properties>
    <titles>
      <title> CC 206 - PROMESSA GLORIOSA</title>
    </titles>
    <authors>
      <author>CANTOR CRISTÃO</author>
    </authors>
  </properties>
  <lyrics>
    <verse name="v1">
      <lines>VITÓRIA COMO A DE JESUS<br/>NINGUÉM JAMAIS OUVIU;<br/>MORRENDO NUMA IGNÓBIL CRUZ<br/>A PAZ NOS CONSEGUIU!</lines>
    </verse>
    <verse name="v2">
      <lines>QUE BÊNÇÃO PARA O PECADOR<br/>PODER ACHAR PERDÃO,<br/>GOZAR O DOM CONSOLADOR<br/>DA ETERNA SALVAÇÃO!</lines>
    </verse>
    <verse name="c1">
      <lines>OH, VINDE TODOS DE GRAÇA OBTER<br/>   SALVAÇÃO E PAZ, TRAZIDAS POR JESUS;<br/>   OH, VINDE JÁ DELE RECEBER<br/>   O DOM QUE PELA FÉ NOS VEM DA CRUZ!</lines>
    </verse>
    <verse name="v4">
      <lines>Ó DEUS, PRECIOSO É TEU FAVOR<br/>QUE POR JESUS TU DÁS<br/>AO MAIS INDIGNO PECADOR<br/>QUE EM TI PROCURA PAZ!</lines>
    </verse>
    <verse name="v5">
      <lines>Ó TU QUE ESTÁS NA ESCURIDÃO,<br/>SEM DEUS, SEM FÉ, SEM LUZ,<br/>ESCUTA A VOZ DE SALVAÇÃO,<br/>E RENDE-TE A JESUS!</lines>
    </verse>
  </lyrics>
</song>
