<?xml version='1.0' encoding='UTF-8'?>
<song xmlns="http://openlyrics.info/namespace/2009/song" version="0.8" createdIn="OpenLP 2.2.1" modifiedIn="OpenLP 2.2.1" modifiedDate="2016-02-21T21:43:42">
  <properties>
    <titles>
      <title> CC 237 - TÃO PERTO</title>
    </titles>
    <authors>
      <author>CANTOR CRISTÃO</author>
    </authors>
  </properties>
  <lyrics>
    <verse name="v1">
      <lines>TÃO PERTO DO REINO, MAS SEM SALVAÇÃO!<br/>TÃO PERTO, PORÉM SEM JESUS, SEM PERDÃO!<br/>DEIXAI OS PECADOS E O VOSSO TEMOR!<br/>CHEGAI-VOS AGORA A JESUS, SALVADOR!</lines>
    </verse>
    <verse name="v2">
      <lines>OH, VINDE A JESUS! CHEGAI-VOS,<br/>   CHEGAI-VOS AO BOM SALVADOR!</lines>
    </verse>
    <verse name="v3">
      <lines>TÃO PERTO QUE OUVIS OS REMIDOS CANTAR<br/>DA GRAÇA DE CRISTO, QUE OS VEIO SALVAR!<br/>E AINDA QUEREIS NO PECADO VIVER,<br/>ENQUANTO O PERDÃO DEUS VOS QUER CONCEDER?</lines>
    </verse>
    <verse name="v4">
      <lines>MORRER SEM SER SALVO, SEM PAZ, SEM JESUS,<br/>PERDIDOS PRA SEMPRE, EM TORMENTOS, SEM LUZ!<br/>OH, CONSIDERAI! AO CONVITE ATENDEI,<br/>E SEM MAIS DEMORA A JESUS VOS RENDEI!</lines>
    </verse>
  </lyrics>
</song>
