<?xml version='1.0' encoding='UTF-8'?>
<song xmlns="http://openlyrics.info/namespace/2009/song" version="0.8" createdIn="OpenLP 2.2.1" modifiedIn="OpenLP 2.2.1" modifiedDate="2016-02-21T21:43:46">
  <properties>
    <titles>
      <title> CC 265 - RESGATE</title>
    </titles>
    <authors>
      <author>CANTOR CRISTÃO</author>
    </authors>
  </properties>
  <lyrics>
    <verse name="v1">
      <lines>PENDURADO NO MADEIRO,<br/>Ó JESUS, QUISESTE ASSIM<br/>ABOLIR MEU CATIVEIRO<br/>PELO TEU AMOR SEM FIM!<br/>O TEU SANGUE FOI VERTIDO;<br/>EXPIRASTE, Ó MEU JESUS,<br/>E FICOU POR TI CUMPRIDO<br/>MEU RESGATE SOBRE A CRUZ.</lines>
    </verse>
    <verse name="v2">
      <lines>NESTE SANGUE QUE VERTESTE<br/>PURIFICA-ME, SENHOR;<br/>FOI POR MIM QUE TU MORRESTE.<br/>SÊ PROPÍCIO AO PECADOR!<br/>SÊ PROPÍCIO AO DESGRAÇADO,<br/>SOB A DOR DA MALDIÇÃO;<br/>DESSE ABISMO DO PECADO<br/>SALVA-ME COM TUA MÃO.</lines>
    </verse>
    <verse name="v3">
      <lines>""""VINDE A MIM"""", JESUS CONVIDA,<br/>COM SEU MANSO CORAÇÃO;<br/>JÁ DA FÉ NA CHAMA BRILHA<br/>O PENHOR DA SALVAÇÃO.<br/>EI-LO ALI NA CRUZ PREGADO;<br/>CHAMA A TODO PECADOR<br/>A LIMPAR O SEU PECADO,<br/>NESSE SANGUE EXPIADOR.</lines>
    </verse>
  </lyrics>
</song>
