<?xml version='1.0' encoding='UTF-8'?>
<song xmlns="http://openlyrics.info/namespace/2009/song" version="0.8" createdIn="OpenLP 2.2.1" modifiedIn="OpenLP 2.2.1" modifiedDate="2016-02-21T21:43:38">
  <properties>
    <titles>
      <title> CC 212 - OH! VINDE JÁ</title>
    </titles>
    <authors>
      <author>CANTOR CRISTÃO</author>
    </authors>
  </properties>
  <lyrics>
    <verse name="v1">
      <lines>JESUS VOS DIZ: OH! VINDE JÁ A MIM E DESCANSAI!<br/>EU AMO-VOS, EU SOU JESUS; NO MESTRE CONFIAI!<br/>NO MESTRE CONFIAI! NO MESTRE CONFIAI!</lines>
    </verse>
    <verse name="v2">
      <lines>QUEM OUVE, DIGA: VINDE JÁ A CRISTO CONFESSAR!<br/>OUVI A VOZ DE SALVAÇÃO; E VINDE JÁ GOZAR!<br/>E VINDE JÁ GOZAR! E VINDE JÁ GOZAR!</lines>
    </verse>
    <verse name="v3">
      <lines>Ó PECADORES, VINDE JÁ<br/>A FONTE DE DULÇOR!<br/>OH! VINDE JÁ PRA DESFRUTAR<br/>O DOM DO REDENTOR!<br/>O DOM DO REDENTOR! O DOM DO REDENTOR!</lines>
    </verse>
    <verse name="v4">
      <lines>O QUE QUISER JÁ PODE VIR A DEUS, O SALVADOR;<br/>POIS ELE ABRIU CAMINHO AO CÉU, PERDÃO AO PECADOR!<br/>PERDÃO AO PECADOR! PERDÃO AO PECADOR!</lines>
    </verse>
  </lyrics>
</song>
