<?xml version='1.0' encoding='UTF-8'?>
<song xmlns="http://openlyrics.info/namespace/2009/song" version="0.8" createdIn="OpenLP 2.2.1" modifiedIn="OpenLP 2.2.1" modifiedDate="2016-02-21T21:43:40">
  <properties>
    <titles>
      <title> CC 224 - UM PASSO SÓ</title>
    </titles>
    <verseOrder>v1 v2 v3 v2 v4 v2 v5 v2 v6 v2 v7 v2 v8 v2</verseOrder>
    <authors>
      <author>CANTOR CRISTÃO</author>
    </authors>
  </properties>
  <lyrics>
    <verse name="v1">
      <lines>UM PASSO SÓ PRA CRISTO!<br/>POR QUE MAIS DEMORAR?<br/>ELE OFERECE AGORA<br/>A PAZ E BEM-ESTAR.</lines>
    </verse>
    <verse name="v2">
      <lines>UM PASSO SÓ!<br/>UM PASSO SÓ!<br/>VEM Ó PECADOR<br/>COM ARREPENDIMENTO,<br/>TUDO LHE CONFESSANDO!<br/>UM PASSO SÓ PRA CRISTO!<br/>OH! VEM SEM DEMORAR!</lines>
    </verse>
    <verse name="v3">
      <lines>UM PASSO SÓ PRA CRISTO!<br/>DAS TREVAS PARA A LUZ;<br/>PARA INEFÁVEL GOZO,<br/>AO LADO DE JESUS.</lines>
    </verse>
    <verse name="v4">
      <lines>UM PASSO SÓ PRA CRISTO!<br/>OH! VEM, DECIDE JÁ!<br/>COM TERNO AMOR TE<br/>ESPERA,<br/>PERDÃO TE OUTORGARÁ.</lines>
    </verse>
    <verse name="v5">
      <lines>UM PASSO SÓ PRA CRISTO!<br/>OH! DEIXA TODO O MAL,<br/>AS SEDUÇÕES DO MUNDO,<br/>E ACEITA A PAZ REAL!</lines>
    </verse>
    <verse name="v6">
      <lines>UM PASSO SÓ PRA CRISTO!<br/>NÃO QUEIRAS HESITAR;<br/>POIS CORRE GRANDE RISCO<br/>QUEM MAIS SE DEMORAR.</lines>
    </verse>
    <verse name="v7">
      <lines>UM PASSO SÓ PRA CRISTO!<br/>MUI BREVE A MORTE VEM;<br/>COMO VIVER SEM ELE<br/>NA ETERNIDADE, ALÉM?</lines>
    </verse>
    <verse name="v8">
      <lines>UM PASSO SÓ PRA CRISTO!<br/>OH! CLAMA, PECADOR;<br/>"SALVA-ME, QUE EU PEREÇO,<br/>SOCORRE-ME, SENHOR!"</lines>
    </verse>
  </lyrics>
</song>
