<?xml version='1.0' encoding='UTF-8'?>
<song xmlns="http://openlyrics.info/namespace/2009/song" version="0.8" createdIn="OpenLP 2.2.1" modifiedIn="OpenLP 2.2.1" modifiedDate="2016-02-21T21:43:44">
  <properties>
    <titles>
      <title> CC 246 - VEM AGORA</title>
    </titles>
    <authors>
      <author>CANTOR CRISTÃO</author>
    </authors>
  </properties>
  <lyrics>
    <verse name="v1">
      <lines>VEM A CRISTO, VEM AGORA.<br/>   VEM, OH, VEM, PECADOR!<br/>   VEM, VEM, CONFIADAMENTE,<br/>   A JESUS, O SENHOR!</lines>
    </verse>
    <verse name="v2">
      <lines>CRENDO NELE FICAS SALVO.</lines>
    </verse>
    <verse name="v3">
      <lines>DEUS NÃO QUER QUE TU TE PERCAS.</lines>
    </verse>
    <verse name="v4">
      <lines>CRISTO PODE, SIM, SALVAR-TE.</lines>
    </verse>
    <verse name="v5">
      <lines>O SENHOR NÃO TE REJEITA.</lines>
    </verse>
    <verse name="v6">
      <lines>ELE ALMEJA PERDOAR-TE.</lines>
    </verse>
  </lyrics>
</song>
