<?xml version='1.0' encoding='UTF-8'?>
<song xmlns="http://openlyrics.info/namespace/2009/song" version="0.8" createdIn="OpenLP 2.2.1" modifiedIn="OpenLP 2.2.1" modifiedDate="2016-02-21T21:43:40">
  <properties>
    <titles>
      <title> CC 228 - OUVI A CHAMADA</title>
    </titles>
    <authors>
      <author>CANTOR CRISTÃO</author>
    </authors>
  </properties>
  <lyrics>
    <verse name="v1">
      <lines>OH, ESCUTAI! JESUS VOS CHAMA;<br/>SIM, ESCUTAI A QUEM VOS AMA!<br/>VINDE SEM HESITAR,<br/>VINDE, POIS, ACEITAR.<br/>EIS QUE ESTÁ PERTO A SALVAÇÃO;<br/>CRISTO CONCEDE-VOS PERDÃO.</lines>
    </verse>
    <verse name="v2">
      <lines>CRISTO VOS CHAMA;<br/>   OH, VINDE SEM MAIS HESITAR!<br/>   SIM, VINDE AGORA;<br/>   DEIXAI DE TANTO DEMORAR!</lines>
    </verse>
    <verse name="v3">
      <lines>EIS QUE JESUS VOS CHAMA: VINDE.<br/>ANTES QUE O TEMPO PRÓPRIO FINDE!<br/>OH, NÃO FIQUEIS NO MAL,<br/>TENDO UM CONVITE TAL!<br/>OH, NÃO TEMEIS A PERDIÇÃO?<br/>CRISTO VOS DÁ A SALVAÇÃO!</lines>
    </verse>
    <verse name="v4">
      <lines>CRISTO JESUS É O PÃO DA VIDA;<br/>PARA ACEITÁ-LO VOS CONVIDA<br/>NÃO DESEJAIS GOZAR<br/>VIDA NO ETERNO LAR?<br/>VINDE E ACEITAI A SALVAÇÃO,<br/>NÃO OBDUREIS O CORAÇÃO!</lines>
    </verse>
  </lyrics>
</song>
