<?xml version='1.0' encoding='UTF-8'?>
<song xmlns="http://openlyrics.info/namespace/2009/song" version="0.8" createdIn="OpenLP 2.2.1" modifiedIn="OpenLP 2.2.1" modifiedDate="2016-02-21T21:43:51">
  <properties>
    <titles>
      <title> CC 299 - ONDE QUER QUE SEJA</title>
    </titles>
    <authors>
      <author>CANTOR CRISTÃO</author>
    </authors>
  </properties>
  <lyrics>
    <verse name="v1">
      <lines>ONDE QUER QUE SEJA, COM JESUS IREI;<br/>ELE É MEU BENDITO SALVADOR E REI.<br/>SEJA PARA A GUERRA, PARA BATALHAR,<br/>SEJA PRA A CAMPINA PARA SEMEAR.</lines>
    </verse>
    <verse name="v2">
      <lines>ONDE QUER, ONDE QUER QUE DEUS ME MANDAR.<br/>   PERTO DO MEU SALVADOR EU QUERO ANDAR.</lines>
    </verse>
    <verse name="v3">
      <lines>ONDE QUER QUE SEJA, SEGUIREI JESUS,<br/>DIZ O CORAÇÃO QUE VIVE EM SUA LUZ;<br/>PERTO DELE SEMPRE BEM SEGURO VOU,<br/>ONDE QUER QUE SEJA, POIS, CONTENTE ESTOU.</lines>
    </verse>
    <verse name="v4">
      <lines>SEJA, POIS, PARA ONDE QUER QUE ME LEVAR,<br/>ACHAREI COM ELE ALI MEU DOCE LAR.<br/>ONDE QUER QUE SEJA, SEMPRE CANTAREI:<br/>""""TU, SENHOR, COMIGO ESTÁS, NÃO TEMEREI.""""</lines>
    </verse>
  </lyrics>
</song>
