<?xml version='1.0' encoding='UTF-8'?>
<song xmlns="http://openlyrics.info/namespace/2009/song" version="0.8" createdIn="OpenLP 2.2.1" modifiedIn="OpenLP 2.2.1" modifiedDate="2016-02-21T21:43:46">
  <properties>
    <titles>
      <title> CC 262 - CONTRIÇÃO</title>
    </titles>
    <authors>
      <author>CANTOR CRISTÃO</author>
    </authors>
  </properties>
  <lyrics>
    <verse name="v1">
      <lines>A TEUS PÉS PROSTRADOS<br/>EIS-NOS, SALVADOR!<br/>VEM AGORA MESMO ENCHER-NOS<br/>DO TEU GRANDE AMOR!</lines>
    </verse>
  </lyrics>
</song>
