<?xml version='1.0' encoding='UTF-8'?>
<song xmlns="http://openlyrics.info/namespace/2009/song" version="0.8" createdIn="OpenLP 2.2.1" modifiedIn="OpenLP 2.2.1" modifiedDate="2016-02-21T21:43:41">
  <properties>
    <titles>
      <title> CC 231 - VEM, FILHO, VEM</title>
    </titles>
    <authors>
      <author>CANTOR CRISTÃO</author>
    </authors>
  </properties>
  <lyrics>
    <verse name="v1">
      <lines>DO PAÍS DISTANTE, ONDE TU NÃO TENS<br/>PAI, NEM PÃO, NEM CASA, VEM, FILHO, VEM!<br/>   TU SERÁS BEM-VINDO NO CELESTE LAR;<br/>   DEUS O BEIJO DE PERDÃO TE ESPERA DAR.</lines>
    </verse>
    <verse name="v2">
      <lines>OH, SE TAL CONVITE TRATAS COM DESDÉM,<br/>TRISTE A TUA SORTE! VEM, FILHO, VEM!</lines>
    </verse>
    <verse name="v3">
      <lines>EIS A PORTA ABERTA, SABES PARA QUEM?<br/>PARA OS PECADORES! VEM, FILHO, VEM!</lines>
    </verse>
    <verse name="v4">
      <lines>OH, CONTEMPLA A MESA, QUE FARTURA TEM!<br/>TU ESTÁS FAMINTO; VEM, FILHO, VEM!</lines>
    </verse>
  </lyrics>
</song>
