<?xml version='1.0' encoding='UTF-8'?>
<song xmlns="http://openlyrics.info/namespace/2009/song" version="0.8" createdIn="OpenLP 2.2.1" modifiedIn="OpenLP 2.2.1" modifiedDate="2016-02-21T21:43:40">
  <properties>
    <titles>
      <title> CC 226 - DÁ TEU CORAÇÃO</title>
    </titles>
    <authors>
      <author>CANTOR CRISTÃO</author>
    </authors>
  </properties>
  <lyrics>
    <verse name="v1">
      <lines>QUERES O TEU VIL PECADO VENCER?<br/>DÁ TEU CORAÇÃO A JESUS.<br/>QUERES TAMBÉM SEU FAVOR RECEBER?<br/>DÁ TEU CORAÇÃO A JESUS.</lines>
    </verse>
    <verse name="v2">
      <lines>JÁ CHEGA DE HESITAÇÃO!<br/>   JÁ CHEGA DE OPOSIÇÃO!<br/>   OH, BUSCA EM CRISTO O PERDÃO,<br/>   E DÁ-LHE TEU CORAÇÃO</lines>
    </verse>
    <verse name="v3">
      <lines>EM SANTIDADE DESEJAS VIVER?<br/>DÁ TEU CORAÇÃO A JESUS.<br/>QUERES DO ESPÍRITO SANTO O PODER?<br/>DÁ TEU CORAÇÃO A JESUS.</lines>
    </verse>
    <verse name="v4">
      <lines>A TEMPESTADE NÃO QUER ACALMAR?<br/>DÁ TEU CORAÇÃO A JESUS.<br/>QUERES AS TUAS PAIXÕES REFREAR?<br/>DÁ TEU CORAÇÃO A JESUS.</lines>
    </verse>
    <verse name="v5">
      <lines>DOS TEUS AMIGOS ALGUÉM TE TRAIU?<br/>DÁ TEU CORAÇÃO A JESUS.<br/>BUSCA A AMIZADE DE QUEM TE REMIU,<br/>DÁ TEU CORAÇÃO A JESUS.</lines>
    </verse>
    <verse name="v6">
      <lines>QUERES NO CÉU A TEU DEUS EXALTAR?<br/>DÁ TEU CORAÇÃO A JESUS.<br/>QUERES A GLÓRIA DIVINA ALCANÇAR?<br/>DÁ TEU CORAÇÃO A JESUS.</lines>
    </verse>
  </lyrics>
</song>
