<?xml version='1.0' encoding='UTF-8'?>
<song xmlns="http://openlyrics.info/namespace/2009/song" version="0.8" createdIn="OpenLP 2.2.1" modifiedIn="OpenLP 2.2.1" modifiedDate="2016-02-21T21:43:49">
  <properties>
    <titles>
      <title> CC 281 - ACHEI A FONTE CARMESIM</title>
    </titles>
    <authors>
      <author>CANTOR CRISTÃO</author>
    </authors>
  </properties>
  <lyrics>
    <verse name="v1">
      <lines>ACHEI A FONTE CARMESIM<br/>QUE MEU JESUS ABRIU.<br/>NA CRUZ MORRENDO ALI POR MIM,<br/>MINHA ALMA REDIMIU.</lines>
    </verse>
    <verse name="v2">
      <lines>EU CREIO, SIM, EU CREIO, SIM,<br/>   JESUS POR MIM MORREU;<br/>   E SOBRE A CRUZ, PRA ME SALVAR,<br/>   CASTIGO PADECEU.</lines>
    </verse>
    <verse name="v3">
      <lines>NA CRUZ MEU CRISTO JÁ PAGOU<br/>O MAL QUE COMETI;<br/>E PELA MORTE QUE PASSOU<br/>A VIDA EU CONSEGUI.</lines>
    </verse>
    <verse name="v4">
      <lines>ASSIM, POIS, FEZ-ME, COM AMOR,<br/>ANDAR NO TRILHO SEU;<br/>CONFIO SEMPRE COM FERVOR<br/>EM QUEM POR MIM MORREU.</lines>
    </verse>
  </lyrics>
</song>
