<?xml version='1.0' encoding='UTF-8'?>
<song xmlns="http://openlyrics.info/namespace/2009/song" version="0.8" createdIn="OpenLP 2.2.1" modifiedIn="OpenLP 2.2.1" modifiedDate="2016-02-21T21:43:48">
  <properties>
    <titles>
      <title> CC 274 - CORO SANTO</title>
    </titles>
    <authors>
      <author>CANTOR CRISTÃO</author>
    </authors>
  </properties>
  <lyrics>
    <verse name="v1">
      <lines>OH, QUE BELOS HINOS CANTAM LÁ NOS CÉUS,<br/>POIS DO MUNDO O FILHO MAU VOLTOU!<br/>VEDE NO CAMINHO O BOM PAI ABRAÇAR,<br/>ESSE FILHO QUE ELE TANTO AMOU.</lines>
    </verse>
    <verse name="v2">
      <lines>GLÓRIA, GLÓRIA OS ANJOS CANTAM LÁ!<br/>   GLÓRIA, GLÓRIA AS HARPAS TOCAM JÁ!<br/>   É O SANTO CORO, DANDO GLÓRIA A DEUS,<br/>   POR MAIS UM REMIDO ENTRAR NOS CÉUS.</lines>
    </verse>
    <verse name="v3">
      <lines>OH, QUE BELOS HINOS CANTAM LÁ NOS CÉUS!<br/>É QUE JÁ SE RECONCILIOU<br/>A ALMA REVOLTOSA, QUE, SUBMISSA A DEUS,<br/>CONVERTIDA, O MUNDO ABANDONOU!</lines>
    </verse>
    <verse name="v4">
      <lines>Ó ARREPENDIDOS, HOJE FESTEJAI,<br/>COMO OS ANJOS FAZEM COM FERVOR!<br/>IDE, PRESSUROSOS, VÓS, E ANUNCIAI<br/>QUE SE RESGATOU UM PECADOR!</lines>
    </verse>
  </lyrics>
</song>
