<?xml version='1.0' encoding='UTF-8'?>
<song xmlns="http://openlyrics.info/namespace/2009/song" version="0.8" createdIn="OpenLP 2.2.1" modifiedIn="OpenLP 2.2.1" modifiedDate="2016-02-21T21:43:39">
  <properties>
    <titles>
      <title> CC 214 - CRISTO CHAMA POR TI</title>
    </titles>
    <authors>
      <author>CANTOR CRISTÃO</author>
    </authors>
  </properties>
  <lyrics>
    <verse name="v1">
      <lines>CRISTO JESUS, COM AMOR DIVINAL,<br/>CHAMA POR TI; QUE AMOR SEM IGUAL!<br/>ELE TE DÁ SALVAÇÃO ETERNAL;<br/>VEM, PECADOR, AGORA!</lines>
    </verse>
    <verse name="v2">
      <lines>VEM A JESUS, O BOM SALVADOR!<br/>   ELE POR TI JÁ SOFREU GRANDE DOR;<br/>   SANGUE VERTEU NO CÁLVARIO;<br/>   DÁ-TE PERDÃO PLENÁRIO!</lines>
    </verse>
    <verse name="v3">
      <lines>OH, NÃO DESPREZES TAL PROVA DE AMOR!<br/>VEM, OH, VEM JÁ A CRISTO, O SENHOR;<br/>ELE TE CHAMA, VEM JÁ, PECADOR!<br/>COMO É PROPÍCIA A HORA!</lines>
    </verse>
    <verse name="v4">
      <lines>VEM, MEU AMIGO, QUE A MORTE A NINGUÉM<br/>MOSTRA-SE COMPASSIVA, E CONVÉM<br/>QUE TE DESPERTES, QUE O MAL AÍ VEM.<br/>VEM, OH, VEM SEM DEMORA!</lines>
    </verse>
    <verse name="v5">
      <lines>HOJE TU TENS A MELHOR OCASIÃO<br/>DE TE ENTREGARES DE CORAÇÃO;<br/>VEM A JESUS, QUE TE DÁ SALVAÇÃO.<br/>VAI-SE O BOM TEMPO EMBORA!</lines>
    </verse>
  </lyrics>
</song>
