<?xml version='1.0' encoding='UTF-8'?>
<song xmlns="http://openlyrics.info/namespace/2009/song" version="0.8" createdIn="OpenLP 2.2.1" modifiedIn="OpenLP 2.2.1" modifiedDate="2016-02-21T21:43:37">
  <properties>
    <titles>
      <title> CC 202 - JESUS TEM PODER</title>
    </titles>
    <authors>
      <author>CANTOR CRISTÃO</author>
    </authors>
  </properties>
  <lyrics>
    <verse name="v1">
      <lines>JESUS TEM O PODER<br/>DE AS CULPAS PERDOAR<br/>A QUEM, ARREPENDIDO, A DEUS,<br/>COM FÉ, SE CONFESSAR.<br/>JESUS TEM O PODER -<br/>OH, GRAÇAS AO SENHOR! -<br/>DE DAR COMPLETA ABSOLVIÇÃO<br/>AO POBRE PECADOR.</lines>
    </verse>
    <verse name="v2">
      <lines>SIM, CRISTO TEM PODER!<br/>   ONIPOTENTE É!<br/>   POR ESSE SEU PODER<br/>   MERECE A NOSSA FÉ!<br/>   SIM, CRISTO TEM PODER!<br/>   SÓ NELE CONFIAI!<br/>PERANTE O SEU PODER,<br/>HUMILDES ADORAI!</lines>
    </verse>
    <verse name="v3">
      <lines>JESUS TEM O PODER<br/>REAL DE CONVERTER<br/>O MAIS REBELDE PECADOR,<br/>TORNANDO-O NOVO SER.<br/>JESUS TEM O PODER<br/>DE SEMPRE NOS GUARDAR,<br/>E ASSIM PODER ARREBATAR!</lines>
    </verse>
    <verse name="v4">
      <lines>JESUS TEM O PODER<br/>DE DAR-NOS PROTEÇÃO!<br/>A ATRIBULADOS CORAÇÕES<br/>DARÁ CONSOLAÇÃO!<br/>JESUS TEM O PODER<br/>DE, QUANDO O FIM CHEGAR,<br/>CERCAR-NOS DE ALEGRIA E PAZ<br/>E À GLÓRIA NOS LEVAR!</lines>
    </verse>
  </lyrics>
</song>
