<?xml version='1.0' encoding='UTF-8'?>
<song xmlns="http://openlyrics.info/namespace/2009/song" version="0.8" createdIn="OpenLP 2.2.1" modifiedIn="OpenLP 2.2.1" modifiedDate="2016-02-21T21:43:48">
  <properties>
    <titles>
      <title> CC 277 - CONVENCIDO</title>
    </titles>
    <authors>
      <author>CANTOR CRISTÃO</author>
    </authors>
  </properties>
  <lyrics>
    <verse name="v1">
      <lines>JÁ CONVENCIDO, EIS-ME, SENHOR,<br/>QUE FUI REMIDO POR TEU AMOR;<br/>EU QUERO OBEDECER E GRAÇAS TRIBUTAR<br/>A QUEM NA CRUZ SOFREU PRA ME SALVAR.</lines>
    </verse>
    <verse name="v2">
      <lines>JÁ CONVENCIDO DO MEU PERDÃO,<br/>QUE FUI REMIDO DA ESCRAVIDÃO,<br/>CORRO, SENHOR, A TI, CHEIO DE ARDENTE AMOR,<br/>VEM HABITAR EM MIM, MEU SALVADOR.</lines>
    </verse>
    <verse name="v3">
      <lines>JÁ CONVENCIDO QUE LIVRE ESTOU,<br/>JÁ PERSUADIDO QUE AO CÉU EU VOU,<br/>GUIADO POR JESUS, COM ELE HABITAREI,<br/>REPOUSO LÁ NO CÉU ENCONTRAREI.</lines>
    </verse>
    <verse name="v4">
      <lines>JÁ CONVENCIDO QUE CRISTO É MEU,<br/>JÁ PERSUADIDO DE QUE SOU SEU,<br/>AMAR EU QUERO, SIM, O GRANDE SALVADOR,<br/>PORQUE PRIMEIRO AMOU O PECADOR.</lines>
    </verse>
  </lyrics>
</song>
