<?xml version='1.0' encoding='UTF-8'?>
<song xmlns="http://openlyrics.info/namespace/2009/song" version="0.8" createdIn="OpenLP 2.2.1" modifiedIn="OpenLP 2.2.1" modifiedDate="2016-02-21T21:43:50">
  <properties>
    <titles>
      <title> CC 290 - CRISTO, MEU MESTRE</title>
    </titles>
    <authors>
      <author>CANTOR CRISTÃO</author>
    </authors>
  </properties>
  <lyrics>
    <verse name="v1">
      <lines>CRISTO, MEU MESTRE, MEU AMIGO SEM IGUAL,<br/>TU DÁS DESCANSO, SALVAÇÃO REAL.<br/>QUANDO SOU PROVADO, E JÁ VOU DESFALECER,<br/>TU, MEU CRISTO AMADO, VENS ME SOCORRER.</lines>
    </verse>
    <verse name="v2">
      <lines>PERTO, MUI PERTO, EU CHEGAR-ME VOU A TI:<br/>   PERTO, MUI PERTO, VEM, SENHOR, A MIM.</lines>
    </verse>
    <verse name="v3">
      <lines>SÓ TU ME AMPARÁS: QUANDO PERSEGUIDO SOU,<br/>EM TI, Ó CRISTO, SOCORRER-ME VOU.<br/>POIS EM TI EU POSSO RESISTIR À TENTAÇÃO,<br/>SIM, EM TI OBTENDO FORÇA, PAZ, PERDÃO.</lines>
    </verse>
    <verse name="v4">
      <lines>CRISTO, MEU MESTRE, QUE MAIS GOZO POSSO TER<br/>QUE NO TEU REINO TUA GLÓRIA VER?<br/>EM TEU SEIO QUERO MINHA FRONTE RECLINAR,<br/>PARA TER DESCANSO DESSE LABUTAR.</lines>
    </verse>
  </lyrics>
</song>
