<?xml version='1.0' encoding='UTF-8'?>
<song xmlns="http://openlyrics.info/namespace/2009/song" version="0.8" createdIn="OpenLP 2.2.1" modifiedIn="OpenLP 2.2.1" modifiedDate="2016-02-21T21:43:47">
  <properties>
    <titles>
      <title> CC 270 - RESOLUÇÃO</title>
    </titles>
    <authors>
      <author>CANTOR CRISTÃO</author>
    </authors>
  </properties>
  <lyrics>
    <verse name="v1">
      <lines>JESUS, SENHOR, ME CHEGO A TI;<br/>OH, DÁ-ME ALÍVIO MESMO AQUI!<br/>O TEU FAVOR ESTENDE A MIM;<br/>ACEITA UM PECADOR!</lines>
    </verse>
    <verse name="v2">
      <lines>AS MINHAS CULPAS GRANDES SÃO;<br/>MAS TU, QUE NÃO MORRESTE EM VÃO,<br/>ME PODES CONCEDER PERDÃO;<br/>ACEITA UM PECADOR!</lines>
    </verse>
    <verse name="v3">
      <lines>EU NADA POSSO MERECER,<br/>TU VÊS-ME PRESTES A MORRER;<br/>JESUS, A TI ME VOU RENDER;<br/>ACEITA UM PECADOR!</lines>
    </verse>
    <verse name="v4">
      <lines>SIM, VENHO AGORA, REDENTOR;<br/>SÓ TU, JESUS, ÉS MEU SENHOR;<br/>OH, VEM SALVAR-ME EM TEU AMOR;<br/>ACEITA UM PECADOR!</lines>
    </verse>
    <verse name="v5">
      <lines>EU VENHO COMO ESTOU;<br/>   EU VENHO COMO ESTOU;<br/>   PORQUE JESUS POR MIM MORREU,<br/>   EU VENHO COMO ESTOU.</lines>
    </verse>
  </lyrics>
</song>
