<?xml version='1.0' encoding='UTF-8'?>
<song xmlns="http://openlyrics.info/namespace/2009/song" version="0.8" createdIn="OpenLP 2.2.1" modifiedIn="OpenLP 2.2.1" modifiedDate="2016-02-21T21:43:42">
  <properties>
    <titles>
      <title> CC 236 - ATRIBULADO CORAÇÃO</title>
    </titles>
    <authors>
      <author>CANTOR CRISTÃO</author>
    </authors>
  </properties>
  <lyrics>
    <verse name="v1">
      <lines>ATRIBULADO CORAÇÃO,<br/>EM CRISTO ALÍVIO ENCONTRARÁS;<br/>CONSOLO, PAZ E SEU PERDÃO,<br/>SIM, DELE TU RECEBERÁS.</lines>
    </verse>
    <verse name="v2">
      <lines>DILACERADO PELA DOR<br/>DAS TUAS CULPAS, DO PECAR,<br/>VEM SEM DEMORA AO SALVADOR,<br/>E VIDA NOVA HÁS DE GOZAR.</lines>
    </verse>
    <verse name="v3">
      <lines>SE, PARA VIR AO SALVADOR,<br/>TU TENS FRAQUEZAS E VENCER,<br/>OH, VEM, POIS ELE, EM SEU AMOR<br/>E EM GRAÇA, TE DARÁ PODER!</lines>
    </verse>
    <verse name="v4">
      <lines>A CRISTO SEM DEMORA VEM,<br/>POIS ELE ALMEJA TE VALER;<br/>E SEMPRE QUER BUSCAR TEU BEM;<br/>CONFIA NELE EM TEU VIVER!</lines>
    </verse>
    <verse name="v5">
      <lines>OH, VEM SEM DEMORA AO SALVADOR!<br/>   POR QUE VACILAR E TER TEMOR?<br/>   OH, VEM! VEM JÁ!<br/>   DESCANSO TE DARÁ!</lines>
    </verse>
  </lyrics>
</song>
