<?xml version='1.0' encoding='UTF-8'?>
<song xmlns="http://openlyrics.info/namespace/2009/song" version="0.8" createdIn="OpenLP 2.2.1" modifiedIn="OpenLP 2.2.1" modifiedDate="2016-02-21T21:43:41">
  <properties>
    <titles>
      <title> CC 230 - DEUS CHAMANDO</title>
    </titles>
    <authors>
      <author>CANTOR CRISTÃO</author>
    </authors>
  </properties>
  <lyrics>
    <verse name="v1">
      <lines>DEUS SEMPRE INSISTE EM ME CHAMAR,<br/>E EU INDA ESTOU A DEMORAR;<br/>O AVISO DEVO EU ATENDER<br/>E PARA O SALVADOR CORRER.</lines>
    </verse>
    <verse name="v2">
      <lines>EI-LO A CONVIDAR-ME!<br/>   ELE QUER SOLVAR-ME!<br/>   E, COM PERSISTÊNCIA, DEUS ME CHAMA SEMPRE;<br/>   COM TERNURA CHAMA,<br/>   COM AMOR ME CHAMA,<br/>   O SENHOR INSISTE SEMPRE EM ME CHAMAR.</lines>
    </verse>
    <verse name="v3">
      <lines>DEUS SEMPRE INSISTE EM ME ADVERTIR,<br/>E EU SEMPRE RECUSANDO OUVIR;<br/>ASSIM NÃO DEVO PROCEDER,<br/>MAS, SIM, AO SALVADOR CORRER.</lines>
    </verse>
    <verse name="v4">
      <lines>DEUS INDA CONTINUA A INSTAR,<br/>E EU É QUE NÃO O DEIXO ENTRAR;<br/>PORÉM NÃO CESSA DE BATER,<br/>DESEJA TANTO ME VALER.</lines>
    </verse>
    <verse name="v5">
      <lines>EU VOU, ENFIM, ME DECIDIR;<br/>QUERO A JESUS A PORTA ABRIR,<br/>EU QUERO OUVIR O SEU CHAMAR<br/>E SEM DEMORA ME ENTREGAR.</lines>
    </verse>
  </lyrics>
</song>
