<?xml version='1.0' encoding='UTF-8'?>
<song xmlns="http://openlyrics.info/namespace/2009/song" version="0.8" createdIn="OpenLP 2.2.1" modifiedIn="OpenLP 2.2.1" modifiedDate="2016-02-21T21:43:42">
  <properties>
    <titles>
      <title> CC 239 - A LUZ DO CÉU</title>
    </titles>
    <verseOrder>v1 v2 v3 v2 v4 v2</verseOrder>
    <authors>
      <author>CANTOR CRISTÃO</author>
    </authors>
  </properties>
  <lyrics>
    <verse name="v1">
      <lines>TU ANSEIAS HOJE MESMO A SALVAÇÃO?<br/>TENS DESEJO DE BANIR A ESCURIDÃO?<br/>ABRE, ENTÃO, DE PAR EM PAR TEU CORAÇÃO!<br/>DEIXA A LUZ DO CÉU ENTRAR!</lines>
    </verse>
    <verse name="v2">
      <lines>DEIXA A LUZ DO CÉU ENTRAR!<br/>DEIXA A LUZ DO CÉU ENTRAR!  <br/>ABRE BEM A PORTA DO TEU CORAÇÃO!<br/>DEIXA A LUZ DO CÉU ENTRAR!</lines>
    </verse>
    <verse name="v3">
      <lines>CRISTO, A LUZ DO CÉU, EM TI QUER HABITAR,<br/>PARA AS TREVAS DO PECADO DISSIPAR,<br/>TEU CAMINHO E CORAÇÃO ILUMINAR!<br/>DEIXA A LUZ DO CÉU ENTRAR!</lines>
    </verse>
    <verse name="v4">
      <lines>QUE ALEGRIA ANDAR AO BRILHO DESSA LUZ!<br/>VIDA ETERNA E PAZ NO CORAÇÃO PRODUZ!<br/>OH, ACEITA AGORA O SALVADOR JESUS!<br/>DEIXA A LUZ DO CÉU ENTRAR!</lines>
    </verse>
  </lyrics>
</song>
