<?xml version='1.0' encoding='UTF-8'?>
<song xmlns="http://openlyrics.info/namespace/2009/song" version="0.8" createdIn="OpenLP 2.2.1" modifiedIn="OpenLP 2.2.1" modifiedDate="2016-02-21T21:43:50">
  <properties>
    <titles>
      <title> CC 292 - PERTO DE JESUS</title>
    </titles>
    <authors>
      <author>CANTOR CRISTÃO</author>
    </authors>
  </properties>
  <lyrics>
    <verse name="v1">
      <lines>MEU SENHOR, SOU TEU, TUA VOZ OUVI<br/>A CHAMAR-ME COM AMOR;<br/>MAS A TI MAIS PERTO EU ALMEJO ESTAR,<br/>Ó BENDITO SALVADOR!</lines>
    </verse>
    <verse name="v2">
      <lines>MAIS PERTO DA TUA CRUZ<br/>   QUERO ESTAR, Ó SALVADOR!<br/>   MAIS PERTO, PARA A TUA CRUZ,<br/>   LEVA-ME, Ó MEU SENHOR!</lines>
    </verse>
    <verse name="v3">
      <lines>A SEGUIR-TE SÓ ME CONSAGRO JÁ,<br/>CONSTRANGIDO PELO AMOR;<br/>E MEU CORAÇÃO BEM CONTENTE ESTÁ<br/>EM SERVIR-TE A TI, SENHOR!</lines>
    </verse>
    <verse name="v4">
      <lines>OH, QUE PURA E SANTA DELÍCIA É<br/>AOS TEUS SANTOS PÉS ME ACHAR,<br/>E COM VIVA E MUI REVERENCIA FÉ<br/>COM O SALVADOR FALAR.</lines>
    </verse>
  </lyrics>
</song>
