<?xml version='1.0' encoding='UTF-8'?>
<song xmlns="http://openlyrics.info/namespace/2009/song" version="0.8" createdIn="OpenLP 2.2.1" modifiedIn="OpenLP 2.2.1" modifiedDate="2016-02-21T21:43:44">
  <properties>
    <titles>
      <title> CC 252 - A PORTA FRANCA</title>
    </titles>
    <authors>
      <author>CANTOR CRISTÃO</author>
    </authors>
  </properties>
  <lyrics>
    <verse name="v1">
      <lines>FRANQUEADA A PORTA A NÓS ESTÁ<br/>DA PERENAL MORADA,<br/>E CRISTO NOS CONCEDERÁ<br/>A TRIUNFAL ENTRADA.</lines>
    </verse>
    <verse name="v2">
      <lines>OH, QUANTO AMOR JESUS SENTIU!<br/>   POIS ELE A PORTA JÁ ME ABRIU<br/>   A MIM, A MIM;<br/>   A PORTA JÁ ME ABRIU.</lines>
    </verse>
    <verse name="v3">
      <lines>SE QUERES, PECADOR, ENTRAR,<br/>A PORTA ESTÁ ABERTA!<br/>ALI NO CÉU TERÁS LUGAR<br/>QUE CRISTO A TI OFERTA.</lines>
    </verse>
    <verse name="v4">
      <lines>OH, VINDE, PECADORES, JÁ,<br/>SIM, VINDE SEM DEMORA!<br/>O TEMPO PRÓPRIO PASSARÁ,<br/>OH, VINDE ENTRAR AGORA!</lines>
    </verse>
  </lyrics>
</song>
