<?xml version='1.0' encoding='UTF-8'?>
<song xmlns="http://openlyrics.info/namespace/2009/song" version="0.8" createdIn="OpenLP 2.2.1" modifiedIn="OpenLP 2.2.1" modifiedDate="2016-02-21T21:43:48">
  <properties>
    <titles>
      <title> CC 280 - FIQUEI CURADO</title>
    </titles>
    <authors>
      <author>CANTOR CRISTÃO</author>
    </authors>
  </properties>
  <lyrics>
    <verse name="v1">
      <lines>PARA JESUS, SENHOR, OLHANDO PELA FÉ,<br/>CURADO JÁ FIQUEI E FOI REAL MERCÊ,<br/>POIS DEUS ASSIM O MUNDO AMOU,<br/>QUE O PRÓPRIO FILHO LHE MANDOU.</lines>
    </verse>
    <verse name="v2">
      <lines>OH, DE JESUS AS CHAGAS COMOVENTES SÃO!<br/>AFIRMAM QUE NA CRUZ EXISTE O MEU PERDÃO;<br/>O MEU RESGATE VEJO ASSIM,<br/>POIS QUE JESUS MORREU POR MIM.</lines>
    </verse>
    <verse name="v3">
      <lines>RECONCILIADO ESTOU, A VOZ DE DEUS OUVI;<br/>SEU FILHO ME TORNOU, SALVOU-ME PARA SI;<br/>SEU SANTO ESPÍRITO ME DEU,<br/>PENHOR E GUIA PARA O CÉU.</lines>
    </verse>
  </lyrics>
</song>
