<?xml version='1.0' encoding='UTF-8'?>
<song xmlns="http://openlyrics.info/namespace/2009/song" version="0.8" createdIn="OpenLP 2.2.1" modifiedIn="OpenLP 2.2.1" modifiedDate="2016-02-21T21:43:45">
  <properties>
    <titles>
      <title> CC 256 - INDA HÁ LUGAR</title>
    </titles>
    <authors>
      <author>CANTOR CRISTÃO</author>
    </authors>
  </properties>
  <lyrics>
    <verse name="v1">
      <lines>INDA HÁ LUGAR; O RÉGIO SALVADOR<br/>CHAMA AO BANQUETE O POBRE PECADOR.<br/>   VEM, VEM; OH, VEM!<br/>   NO CÉU INDA HÁ LUGAR!</lines>
    </verse>
    <verse name="v2">
      <lines>EIS O CONVITE, ESCUTA A VOZ DE DEUS!<br/>OH, VINDE A CRISTO, VINDE PARA OS CÉUS!</lines>
    </verse>
    <verse name="v3">
      <lines>ÁVIDO VEM, E CHEIO DE FERVOR<br/>OUVE O BEM-VINDO DE CELESTE AMOR.</lines>
    </verse>
    <verse name="v4">
      <lines>HOJE HÁ LUGAR; DESPERTA, MEU IRMÃO,<br/>POIS QUEM DEMORA ARRISCA A SALVAÇÃO.</lines>
    </verse>
    <verse name="v5">
      <lines>BEM CEDO A PORTA TEM DE SE FECHAR,<br/>E SE DIRÁ ENTÃO: """"NÃO HÁ LUGAR.""""</lines>
    </verse>
  </lyrics>
</song>
