<?xml version='1.0' encoding='UTF-8'?>
<song xmlns="http://openlyrics.info/namespace/2009/song" version="0.8" createdIn="OpenLP 2.2.1" modifiedIn="OpenLP 2.2.1" modifiedDate="2016-02-21T21:43:45">
  <properties>
    <titles>
      <title> CC 255 - QUAL É TEU REFÚGIO</title>
    </titles>
    <authors>
      <author>CANTOR CRISTÃO</author>
    </authors>
  </properties>
  <lyrics>
    <verse name="v1">
      <lines>AMIGO, QUAL É TEU REFÚGIO<br/>E QUAL TEU DESTINO REAL?<br/>POR QUE TRABALHAR POR TESOUROS<br/>QUE TENS DE DEIXAR AFINAL?<br/>OH, CUIDA DO BEM DA TUA ALMA<br/>QUE ETERNA PERMANECERÁ,<br/>E TEM MAIS VALOR QUE ESTE MUNDO.<br/>SÓ CRISTO A SALVAR PODERÁ.</lines>
    </verse>
    <verse name="v2">
      <lines>DE NADA APROVEITA ESTE MUNDO GANHAR,<br/>   SE EM TROCA TUA ALMA TU TENS DE ENTREGAR.<br/>   SE EM TROCA TUA ALMA TU TENS DE ENTREGAR.</lines>
    </verse>
    <verse name="v3">
      <lines>AMIGO, TEU MESTRE TE CHAMA.<br/>COM GRANDE PACIÊNCIA E AMOR;<br/>OH, VEM ACEITAR SUA GRAÇA,<br/>OFERTA DO TEU BENFEITOR!<br/>MEDITA NA CRUZ DO CALVÁRIO;<br/>OH, PENSA NO QUE ELE SOFREU!<br/>SIM, VEM COM ARREPENDIMENTO,<br/>E ACEITA ESSA OFERTA DO CÉU!</lines>
    </verse>
    <verse name="v4">
      <lines>AMIGO, EIS QUE O TEMPO SE PASSA;<br/>ACEITA DE DEUS O PERDÃO;<br/>A GRAÇA DA MISERICÓRDIA<br/>OPERA REAL SALVAÇÃO.<br/>DEPRESSA, DEPRESSA DECIDE,<br/>DESPREZA ESTE MUNDO FALAZ,<br/>CONTENTE, SUBMISSO, TE ENTREGA<br/>A QUEM TE DÁ VIDA DE PAZ!</lines>
    </verse>
  </lyrics>
</song>
