<?xml version='1.0' encoding='UTF-8'?>
<song xmlns="http://openlyrics.info/namespace/2009/song" version="0.8" createdIn="OpenLP 2.2.1" modifiedIn="OpenLP 2.2.1" modifiedDate="2016-02-21T21:43:51">
  <properties>
    <titles>
      <title> CC 298 - ESTOU PRONTO</title>
    </titles>
    <authors>
      <author>CANTOR CRISTÃO</author>
    </authors>
  </properties>
  <lyrics>
    <verse name="v1">
      <lines>NEM SEMPRE SERÁ PRA O LUGAR QUE EU QUISER<br/>QUE O MESTRE ME TEM DE MANDAR;<br/>É TÃO GRANDE A SEARA JÁ A EMBRANQUECER,<br/>A QUAL EU TEREI DE CEIFAR!<br/>SE, POIS, A CAMINHO QUE NUNCA SEGUI,<br/>A VOZ A CHAMAR-ME EU OUVIR,<br/>DIREI: """"MEU SENHOR, DIRIGIDO POR TI,<br/>IREI TUA ORDEM CUMPRIR.""""</lines>
    </verse>
    <verse name="v2">
      <lines>EU QUERO FAZER O QUE QUERES, SENHOR;<br/>   SEREI SUSTENTADO POR TI,<br/>   E QUERO DIZER O QUE QUERES, SENHOR,<br/>   QUE O SERVO TEU DEVA DIZER.</lines>
    </verse>
    <verse name="v3">
      <lines>EU SEI QUE HÁ PALAVRAS DE AMOR E PERDÃO<br/>QUE AOS OUTROS EU POSSO LEVAR,<br/>PORQUE NAS ESTRELAS DOS VÍCIOS ESTÃO<br/>PERDIDOS QUE DEVO IR BUSCAR.<br/>SENHOR, SE COM TUA PRESENÇA REAL<br/>TU FORES PRA FORTALECER,<br/>DAREI A MENSAGEM DE SERVO LEAL,<br/>FAREI, MEU SENHOR, MEU DEVER.</lines>
    </verse>
    <verse name="v4">
      <lines>EU QUERO ENCONTRAR UM OBSCURO LUGAR<br/>NA SEARA DO MEU BOM SENHOR;<br/>ENQUANTO FOR VIVO, SIM, VOU TRABALHAR<br/>EM PROVA DO MEU GRATO AMOR.<br/>DE TI MEU SUSTENTO SÓ DEPENDERÁ;<br/>TU, POIS, HÁS DE ME PROTEGER;<br/>A TUA VONTADE, SIM, MINHA SERÁ;<br/>E EU PRONTO O QUE QUERES A SER.</lines>
    </verse>
  </lyrics>
</song>
