<?xml version='1.0' encoding='UTF-8'?>
<song xmlns="http://openlyrics.info/namespace/2009/song" version="0.8" createdIn="OpenLP 2.2.1" modifiedIn="OpenLP 2.2.1" modifiedDate="2016-02-21T21:44:05">
  <properties>
    <titles>
      <title> CC 384 - A VOZ DE JESUS</title>
    </titles>
    <authors>
      <author>CANTOR CRISTÃO</author>
    </authors>
  </properties>
  <lyrics>
    <verse name="v1">
      <lines>QUE DOCE VOZ TEM MEU SENHOR,<br/>VOZ DE AMOR, TÃO TERNA E GRACIOSA,<br/>QUE ENCHE O CORAÇÃO, DÁ CONSOLAÇÃO<br/>QUE SÓ O CRENTE GOZA.</lines>
    </verse>
    <verse name="v2">
      <lines>QUAL MAIOR PRAZER QUE LHE OUVIR DIZER:<br/>    """"VEM, MEU FILHO, VEM ESCUTAR<br/>   O QUE EU FIZ POR TI, TUDO O QUE SOFRI<br/>   NA CRUZ PRA TE RESGATAR?""""</lines>
    </verse>
    <verse name="v3">
      <lines>CHAMOU-ME NÃO SÓ UMA VEZ -<br/>TANTAS TÉ QUE EU, TRISTE, HUMILHADO,<br/>PUDE A VOZ OUVIR, PUDE ENTÃO SAIR<br/>DAS GARRAS DO PECADO.</lines>
    </verse>
    <verse name="v4">
      <lines>JESUS NÃO ME DEIXA SOFRER,<br/>SUA VOZ ME ENSINA O CAMINHO<br/>DE VENCER O MAL, COM FIRMEZA TAL<br/>QUE NUNCA ESTOU SOZINHO.</lines>
    </verse>
  </lyrics>
</song>
