<?xml version='1.0' encoding='UTF-8'?>
<song xmlns="http://openlyrics.info/namespace/2009/song" version="0.8" createdIn="OpenLP 2.2.1" modifiedIn="OpenLP 2.2.1" modifiedDate="2016-02-21T21:44:00">
  <properties>
    <titles>
      <title> CC 356 - JESUS COMO GUIA</title>
    </titles>
    <authors>
      <author>CANTOR CRISTÃO</author>
    </authors>
  </properties>
  <lyrics>
    <verse name="v1">
      <lines>MEU JESUS ME GUIA SEMPRE<br/>QUE MAIS POSSO DESEJAR?<br/>DUVIDAR DO MEU AMADO?<br/>DO MEU DEUS DESCONFIAR?<br/>PAZ PERFEITA, GOZO INFINDO<br/>TENHO, E SUA PROTEÇÃO;<br/>POIS EU SEI QUE POR MIM VELA<br/>SEU BONDOSO CORAÇÃO.</lines>
    </verse>
    <verse name="v2">
      <lines>MEU JESUS ME GUIA SEMPRE,<br/>ENSINANDO-ME A VIVER,<br/>CONCEDENDO GRAÇA E FORÇA<br/>PARA ME DESENVOLVER.<br/>PERECER JAMAIS EU POSSO,<br/>POIS QUEM PODE RESISTIR<br/>AO DEUS FORTE, PAI ETERNO,<br/>QUE MINHA ALMA QUIS REMIR?</lines>
    </verse>
    <verse name="v3">
      <lines>MEU JESUS ME GUIA SEMPRE,<br/>PELO SEU TÃO TERNO AMOR!<br/>VIDA SANTA, GLÓRIA ETERNA<br/>ME GARANTE O SALVADOR.<br/>OH, MUI BREVE VEM O DIA,<br/>O DA GRANDE REDENÇÃO,<br/>QUANDO SALVA, TRANSFORMADA,<br/>HÁ DE SER A CRIAÇÃO!</lines>
    </verse>
  </lyrics>
</song>
