<?xml version='1.0' encoding='UTF-8'?>
<song xmlns="http://openlyrics.info/namespace/2009/song" version="0.8" createdIn="OpenLP 2.2.1" modifiedIn="OpenLP 2.2.1" modifiedDate="2016-02-21T21:44:07">
  <properties>
    <titles>
      <title> CC 397 - ACHEI DESCANSO</title>
    </titles>
    <authors>
      <author>CANTOR CRISTÃO</author>
    </authors>
  </properties>
  <lyrics>
    <verse name="v1">
      <lines>Ó JESUS, ACHEI DESCANSO<br/>EM TEU TERNO CORAÇÃO;<br/>É MANANCIAL DE GOZO<br/>   E CONSOLAÇÃO!<br/>JÁ CHEGUEI A COMTEMPLAR-TE,<br/>E MINHA ALMA SE INUNDOU<br/>COM A REFULGENTE GRAÇA<br/>   QUE ELA EM TI ACHOU.</lines>
    </verse>
    <verse name="v2">
      <lines>COM INTEIRA CONFIANÇA<br/>TE CONTEMPLO PELA FÉ;<br/>TUA MÃO ONIPOTENTE<br/>   MEU REFÚGIO É;<br/>SATISFAZES MEUS ANELOS<br/>SUPRES O QUE ME É MISTER;<br/>TU SOSSEGAS MEUS TEMORES<br/>   PELO TEU PODER.</lines>
    </verse>
    <verse name="v3">
      <lines>SÊ TU SEMPRE MEU CONSOLO,<br/>MEU CONSTANTE GUARDIÃO,<br/>POIS OS TEUS REAIS FAVORES<br/>   GOZO E PAZ ME DÃO.<br/>RESPLENDOR DA ETERNA GLÓRIA,<br/>FONTE DE PERENE AMOR,<br/>SOU FELIZ COM TUA GLÓRIA,<br/>   CRISTO SALVADOR!</lines>
    </verse>
  </lyrics>
</song>
