<?xml version='1.0' encoding='UTF-8'?>
<song xmlns="http://openlyrics.info/namespace/2009/song" version="0.8" createdIn="OpenLP 2.2.1" modifiedIn="OpenLP 2.2.1" modifiedDate="2016-02-21T21:44:00">
  <properties>
    <titles>
      <title> CC 355 - LUZ BENIGNA</title>
    </titles>
    <authors>
      <author>CANTOR CRISTÃO</author>
    </authors>
  </properties>
  <lyrics>
    <verse name="v1">
      <lines>NA ESCURIDÃO, OH, BRILHA, MEIGA LUZ!<br/>GUIAR-ME VEM!<br/>NA NEGRA NOITE BRILHA E ME CONDUZ;<br/>GUIAR-ME VEM!<br/>NÃO PEÇO LUZ A FIM DE LONGE VER:<br/>SOMENTE LUZ EM CADA PASSO TER.</lines>
    </verse>
    <verse name="v2">
      <lines>EM OUTRO TEMPO NÃO QUERIA LUZ<br/>PRA ME GUIAR;<br/>NÃO QUIS SEGUIR O QUE ME IMPÕE A CRUZ:<br/>QUIS VACILAR.<br/>SEM LUZ EU NÃO DESEJO MAIS ANDAR;<br/>OH, VEM, SENHOR, OH, VEM MEUS PÉS GUIAR!</lines>
    </verse>
    <verse name="v3">
      <lines>GUARDOU-ME ATÉ AQUI O TEU PODER,<br/>E GUARDARÁ;<br/>TEU BRAÇO VAI-ME AINDA DEFENDER,<br/>E GUIARÁ.<br/>E, FINDA MINHA VIDA TERREAL,<br/>IREI MORAR NO LAR CELESTIAL.</lines>
    </verse>
  </lyrics>
</song>
