<?xml version='1.0' encoding='UTF-8'?>
<song xmlns="http://openlyrics.info/namespace/2009/song" version="0.8" createdIn="OpenLP 2.2.1" modifiedIn="OpenLP 2.2.1" modifiedDate="2016-02-21T21:43:54">
  <properties>
    <titles>
      <title> CC 318 - DEUS ME ESCONDE</title>
    </titles>
    <authors>
      <author>CANTOR CRISTÃO</author>
    </authors>
  </properties>
  <lyrics>
    <verse name="v1">
      <lines>QUANDO A TEMPESTADE RUGE,<br/>QUANDO VEM O FURACÃO,<br/>EM JESUS ABRIGO TENHO<br/>SOB A SUA PROTEÇÃO.</lines>
    </verse>
    <verse name="v2">
      <lines>MESMO QUE SOFRER EU VENHA,<br/>DEUS O PERMITE PARA O BEM.<br/>EM AMOR E NÃO EM IRA,<br/>O CASTIGO SEU NOS VEM.</lines>
    </verse>
    <verse name="v3">
      <lines>INIMIGOS ME PERSEGUEM,<br/>SATANÁS ME QUER VENCER,<br/>MAS JESUS É PODEROSO<br/>PARA BEM ME DEFENDER.</lines>
    </verse>
    <verse name="v4">
      <lines>MINHA CRUZ VOU CARREGANDO<br/>NESTA PEREGRINAÇÃO;<br/>NAS MAIORES TEMPESTADES<br/>CRISTO DÁ-ME PROTEÇÃO.</lines>
    </verse>
    <verse name="v5">
      <lines>JESUS CRISTO ME RESGUARDA<br/>   ONDE O MAL JAMAIS ME ATINGE;<br/>   JESUS CRISTO ME CONSERVA<br/>   SOB SUA PROTEÇÃO.</lines>
    </verse>
  </lyrics>
</song>
