<?xml version='1.0' encoding='UTF-8'?>
<song xmlns="http://openlyrics.info/namespace/2009/song" version="0.8" createdIn="OpenLP 2.2.1" modifiedIn="OpenLP 2.2.1" modifiedDate="2016-02-21T21:43:57">
  <properties>
    <titles>
      <title> CC 338 - REDENTOR</title>
    </titles>
    <authors>
      <author>CANTOR CRISTÃO</author>
    </authors>
  </properties>
  <lyrics>
    <verse name="v1">
      <lines>SEI QUE VIVE O REDENTOR,<br/>SEI QUE HÁ VIDA EM SEU FAVOR,<br/>QUE, SE AQUI NA CRUZ MORREU,<br/>REINA EM GLÓRIA LÁ NO CÉU.</lines>
    </verse>
    <verse name="v2">
      <lines>VIVE PARA INTERCEDER<br/>E NAS LUTAS ME VALER;<br/>VIVE PRA ME SUSTENTAR<br/>E DO MAL ME RESGUARDAR.</lines>
    </verse>
    <verse name="v3">
      <lines>DEUS ME LIVRA DE TEMOR,<br/>MINORANDO A MINHA DOR;<br/>A TRISTEZA ME DESFAZ,<br/>DÁ-ME GOZO, VIDA E PAZ.</lines>
    </verse>
    <verse name="v4">
      <lines>VIVE! HOSANAS EU LHE DOU!<br/>VIVE REINA! E SALVOS EU SOU!<br/>VIVO NELE, O REDENTOR,<br/>SEMPRE FIRME EM SEU AMOR!</lines>
    </verse>
  </lyrics>
</song>
