<?xml version='1.0' encoding='UTF-8'?>
<song xmlns="http://openlyrics.info/namespace/2009/song" version="0.8" createdIn="OpenLP 2.2.1" modifiedIn="OpenLP 2.2.1" modifiedDate="2016-02-21T21:44:02">
  <properties>
    <titles>
      <title> CC 367 - FIRME NA ROCHA</title>
    </titles>
    <authors>
      <author>CANTOR CRISTÃO</author>
    </authors>
  </properties>
  <lyrics>
    <verse name="v1">
      <lines>QUE ALICERCE TENDES PRA CONSTRUIR<br/>UMA CASA FIRME PRA RESISTIR<br/>GRANDE TEMPESTADE QUE HÁ DE CHEGAR<br/>E A INSTÁVEL CASA HÁ DE DERRUBAR?</lines>
    </verse>
    <verse name="v2">
      <lines>NOSSA MORADA NA ROCHA ESTÁ;<br/>   FIRME E SEGURA ELA FICARÁ;<br/>   QUANDO O TEMPORAL CONTRA ELA DER<br/>   HÁ DE RESISTIR TODO O SEU PODER.</lines>
    </verse>
    <verse name="v3">
      <lines>COMO FAZ A AREIA NA FUNDAÇÃO,<br/>FAZEM NOSSAS OBRAS NA SALVAÇÃO,<br/>POIS ALGUÉM QUE SÓ EM SI MESMO CRÊ<br/>NO SENHOR JESUS INDA NÃO TEM FÉ.</lines>
    </verse>
    <verse name="v4">
      <lines>OS CRISTÃOS, PORÉM, QUE DEVERAS CRÊEM,<br/>PELAS OBRAS MOSTRAM A FÉ QUE TÊM;<br/>SUA FÉ FIRMADA NO SALVADOR,<br/>NA MAIOR PROCELA, EI-LOS SEM TEMOR!</lines>
    </verse>
  </lyrics>
</song>
