<?xml version='1.0' encoding='UTF-8'?>
<song xmlns="http://openlyrics.info/namespace/2009/song" version="0.8" createdIn="OpenLP 2.2.1" modifiedIn="OpenLP 2.2.1" modifiedDate="2016-02-21T21:44:00">
  <properties>
    <titles>
      <title> CC 352 - SEGUINDO A CRISTO</title>
    </titles>
    <authors>
      <author>CANTOR CRISTÃO</author>
    </authors>
  </properties>
  <lyrics>
    <verse name="v1">
      <lines>SEMPRE, SEMPRE SEGUIREI A CRISTO;<br/>SEJA POR ONDE FOR, EU O SEGUIREI.<br/>SEMPRE, SEMPRE SEGUIREI A CRISTO;<br/>SEJA, POIS, POR ONDE FOR EU SEGUIREI.</lines>
    </verse>
  </lyrics>
</song>
