<?xml version='1.0' encoding='UTF-8'?>
<song xmlns="http://openlyrics.info/namespace/2009/song" version="0.8" createdIn="OpenLP 2.2.1" modifiedIn="OpenLP 2.2.1" modifiedDate="2016-02-21T21:44:04">
  <properties>
    <titles>
      <title> CC 377 - NÃO SEI POR QUE</title>
    </titles>
    <verseOrder>v1 v5 v2 v5 v3 v5 v4 v5</verseOrder>
    <authors>
      <author>CANTOR CRISTÃO</author>
    </authors>
  </properties>
  <lyrics>
    <verse name="v1">
      <lines>NÃO SEI POR QUE DE DEUS O AMOR<br/>A MIM SE REVELOU,<br/>POR QUE RAZÃO O SALVADOR<br/>PRA SI ME RESGATOU.</lines>
    </verse>
    <verse name="v2">
      <lines>IGNORO COMO O ESPÍRITO<br/>CONVENCE-NOS DO MAL,<br/>REVELA CRISTO, VERBO SEU,<br/>CONSOLADOR REAL.</lines>
    </verse>
    <verse name="v3">
      <lines>NÃO SEI O QUE MAL OU BEM<br/>É DESTINADO A MIM;<br/>SE MAUS OU ÁUREOS DIAS VÊM,<br/>ATÉ DA VIDA O FIM.</lines>
    </verse>
    <verse name="v4">
      <lines>E QUANDO VEM JESUS NÃO SEI,<br/>SE BREVE OU TARDE VEM;<br/>MAS SEI QUE MEU SENHOR VIRÁ<br/>NA GLÓRIA QUE ELE TEM.</lines>
    </verse>
    <verse name="v5">
      <lines>MAS EU SEI EM QUEM TENHO CRIDO,<br/>   E ESTOU BEM CERTO QUE É PODEROSO<br/>   PRA GUARDAR O MEU TESOURO<br/>   ATÉ O DIA FINAL.</lines>
    </verse>
  </lyrics>
</song>
