<?xml version='1.0' encoding='UTF-8'?>
<song xmlns="http://openlyrics.info/namespace/2009/song" version="0.8" createdIn="OpenLP 2.2.1" modifiedIn="OpenLP 2.2.1" modifiedDate="2016-02-21T21:44:05">
  <properties>
    <titles>
      <title> CC 386 - CRISTO, MEU DELEITE</title>
    </titles>
    <authors>
      <author>CANTOR CRISTÃO</author>
    </authors>
  </properties>
  <lyrics>
    <verse name="v1">
      <lines>AH, SE EU TIVESSE MIL VOZES<br/>PARA O BRASIL ENCHER<br/>COM OS LOUVORES DE CRISTO,<br/>QUE SINGULAR PRAZER!</lines>
    </verse>
    <verse name="v2">
      <lines>SUA BONDADE INFINITA,<br/>SEU DIVINAL AMOR,<br/>DESLUMBRAM-ME SOBREMANEIRA<br/>E INFUNDEM-ME VIVO ARDOR.</lines>
    </verse>
    <verse name="v3">
      <lines>SUA PRESENÇA CONSTANTE<br/>FIRMA-ME O CORAÇÃO,<br/>TIRA-ME TODA A INCERTEZA,<br/>GUARDA NA PROVAÇÃO.</lines>
    </verse>
    <verse name="v4">
      <lines>DESTA NAÇÃO BRASILEIRA<br/>SEJA JESUS SENHOR;<br/>QUE ESTE PAÍS TÃO QUERIDO<br/>RENDA-SE AO SALVADOR.</lines>
    </verse>
  </lyrics>
</song>
