<?xml version='1.0' encoding='UTF-8'?>
<song xmlns="http://openlyrics.info/namespace/2009/song" version="0.8" createdIn="OpenLP 2.2.1" modifiedIn="OpenLP 2.2.1" modifiedDate="2016-11-27T13:17:03">
  <properties>
    <titles>
      <title> CC 323 - CASTELO FORTE</title>
    </titles>
    <authors>
      <author>CANTOR CRISTÃO</author>
    </authors>
  </properties>
  <lyrics>
    <verse name="v1">
      <lines>CASTELO FORTE É NOSSO DEUS,<br/>ESPADA E BOM ESCUDO;<br/>COM SEU PODER DEFENDE OS SEUS<br/>EM TODO TRANSE AGUDO.<br/>COM FÚRIA PERTINAZ PERSEGUE SATANÁS,<br/>COM ARTIMANHAS TAIS, E ASTÚCIAS TÃO CRUÉIS,<br/>QUE IGUAIS NÃO HÁ NA TERRA.</lines>
    </verse>
    <verse name="v2">
      <lines>A NOSSA FORÇA NADA FAZ;<br/>ESTAMOS, SIM, PERDIDOS;<br/>MAS NOSSO DEUS SOCORRO TRAZ<br/>E SOMOS PROTEGIDOS,<br/>DEFENDE-NOS JESUS, O QUE VENCEU NA CRUZ,<br/>SENHOR DOS ALTOS CÉUS; E, SENDO O PRÓPRIO DEUS,<br/>TRIUNFA NA BATALHA.</lines>
    </verse>
    <verse name="v3">
      <lines>SE NOS QUISESSEM DEVORAR<br/>DEMÔNIOS NÃO CONTADOS,<br/>NÃO NOS PODIAM ASSUSTAR,<br/>NEM SOMOS DERROTADOS.<br/>O GRANDE ACUSADOR DOS SERVOS DO SENHOR<br/>JÁ CONDENADO ESTÁ; <br/>VENCIDO, CAIRÁ POR UMA SÓ PALAVRA.</lines>
    </verse>
    <verse name="v4">
      <lines>SIM, QUE A PALAVRA FICARÁ,<br/>SABEMOS COM CERTEZA,<br/>E NADA NOS ASSUSTARÁ<br/>COM CRISTO POR DEFESA.<br/>SE TEMOS DE PERDER OS FILHOS, BENS, MULHER,<br/>EMBORA A VIDA VÁ, POS NÓS JESUS ESTÁ,<br/>E DAR-NOS-Á SEU REINO.</lines>
    </verse>
  </lyrics>
</song>
