<?xml version='1.0' encoding='UTF-8'?>
<song xmlns="http://openlyrics.info/namespace/2009/song" version="0.8" createdIn="OpenLP 2.2.1" modifiedIn="OpenLP 2.2.1" modifiedDate="2016-02-21T21:43:54">
  <properties>
    <titles>
      <title> CC 314 - ESTOU SEGURO</title>
    </titles>
    <verseOrder>v1 v2 v3 v2 v4 v2 v5 v2</verseOrder>
    <authors>
      <author>CANTOR CRISTÃO</author>
    </authors>
  </properties>
  <lyrics>
    <verse name="v1">
      <lines>QUE CONSOLAÇÃO TEM MEU CORAÇÃO,<br/>DESCANSANDO NO PODER DE DEUS;<br/>ELE TEM PRAZER EM ME PROTEGER;<br/>DESCANSANDO NO PODER DE DEUS.</lines>
    </verse>
    <verse name="v2">
      <lines>DESCANSANDO<br/>   NOS ETERNOS BRAÇOS DO MEU DEUS,<br/>   VOU SEGURO,<br/>   DESCANSANDO NO PODER DE DEUS.</lines>
    </verse>
    <verse name="v3">
      <lines>SEMPRE AVANTE VOU, BEM CONTENTE ESTOU,<br/>DESCANSANDO NO PODER DE DEUS;<br/>TUDO HEI DE VENCER PELO SEU PODER,<br/>DESCANSANDO NO PODER DE DEUS.</lines>
    </verse>
    <verse name="v4">
      <lines>NÃO RECEAREI, NADA TEMEREI,<br/>DESCANSANDO NO PODER DE DEUS;<br/>GOZO PAZ E AMOR JUNTO A MEU SENHOR,<br/>DESCANSANDO NO PODER DE DEUS.</lines>
    </verse>
    <verse name="v5">
      <lines>LUTAS SEM CESSAR HEI DE ATRAVESSAR,<br/>DESCANSANDO NO PODER DE DEUS;<br/>NÃO ME DEIXARÁ, MAS ME SUSTERÁ,<br/>DESCANSANDO NO PODER DE DEUS.</lines>
    </verse>
  </lyrics>
</song>
