<?xml version='1.0' encoding='UTF-8'?>
<song xmlns="http://openlyrics.info/namespace/2009/song" version="0.8" createdIn="OpenLP 2.2.1" modifiedIn="OpenLP 2.2.1" modifiedDate="2016-02-21T21:43:53">
  <properties>
    <titles>
      <title> CC 307 - RECONHECIMENTO</title>
    </titles>
    <authors>
      <author>CANTOR CRISTÃO</author>
    </authors>
  </properties>
  <lyrics>
    <verse name="v1">
      <lines>NÃO SOU MEU! POR CRISTO SALVO,<br/>QUE POR MIM MORREU NA CRUZ,<br/>EU CONFESSO ALEGREMENTE<br/>QUE PERTENÇO AO BOM JESUS.</lines>
    </verse>
    <verse name="v2">
      <lines>NÃO SOU MEU! POR CRISTO SALVO,<br/>POIS SEU SANGUE DERRAMOU<br/>E DA PENA DO PECADO<br/>A MINHA ALMA RESGATOU.</lines>
    </verse>
    <verse name="v3">
      <lines>NÃO SOU MEU! A TI CONFIO<br/>TUDO QUANTO CHAMO MEU;<br/>TUDO EM TUAS MÃOS ENTREGO,<br/>POIS, SENHOR, SOU TODO TEU.</lines>
    </verse>
    <verse name="v4">
      <lines>NÃO SOU MEU! OH, SANTIFICA<br/>TUDO QUANTO SOU, SENHOR;<br/>DA VAIDADE E DA SOBERBA<br/>LIVRA-ME, MEU SALVADOR</lines>
    </verse>
    <verse name="v5">
      <lines>NÃO SOU MEU, OH, NÃO SOU MEU!<br/>   BOM JESUS, SOU TODO TEU!<br/>   HOJE MESMO E PARA SEMPRE,<br/>   BOM JESUS, SOU TODO TEU!</lines>
    </verse>
  </lyrics>
</song>
