<?xml version='1.0' encoding='UTF-8'?>
<song xmlns="http://openlyrics.info/namespace/2009/song" version="0.8" createdIn="OpenLP 2.2.1" modifiedIn="OpenLP 2.2.1" modifiedDate="2016-02-21T21:44:00">
  <properties>
    <titles>
      <title> CC 351 - DIREÇÃO DIVINA</title>
    </titles>
    <authors>
      <author>CANTOR CRISTÃO</author>
    </authors>
  </properties>
  <lyrics>
    <verse name="v1">
      <lines>AS TUAS MÃOS DIRIGEM MEU DESTINO.<br/>Ó DEUS DE AMOR, QUE SEMPRE SEJA ASSIM!<br/>TEUS SÃO OS MEUS PODERES, MINHA VIDA;<br/>EM TUDO, ETERNO PAI, DISPÕE DE MIM.<br/>MEUS DIAS SEJAM CURTOS OU COMPRIDOS,<br/>PASSADOS EM TRISTEZAS OU PRAZER,<br/>EM SOMBRA OU LUZ, É TUDO COMO ORDENAS<br/>E EU TENHO POR BEM-VINDO O TEU QUERER.</lines>
    </verse>
    <verse name="v2">
      <lines>AS TUAS MÃOS DIRIGEM MEU DESTINO,<br/>CRAVADAS DANTES NA SANGRENTA CRUZ;<br/>POR MEUS PECADOS FORAM TRANSPASSADO<br/>E POSSO NELAS DESCANSAR, JESUS!<br/>NOS CÉUS ERGUIDAS, SEMPRE INTERCEDEU<br/>AS SANTAS MÃOS NÃO PEDIRÃO EM VÃO;<br/>AO SEU CUIDADO, EM PLENA CONFIANÇA,<br/>ENTREGO A MINHA ETERNA SALVAÇÃO.</lines>
    </verse>
    <verse name="v3">
      <lines>AS TUAS MÃOS DIRIGEM MEU DESTINO;<br/>ACASOS PARA MIM NÃO HAVERÁ.<br/>O GRANDE PAI VIGIA O MEU CAMINHO<br/>E SEM MOTIVO NÃO ME AFLINGIRÁ.<br/>EU TENHO EM SEU PODER CONSTANTE AMPARO,<br/>FORTE É SEU BRAÇO, IMENSO O SEU AMOR;<br/>E EM BREVE, ENTRANDO NA CIDADE ETERNA<br/>EU LOUVAREI MEU GUIA E SALVADOR.</lines>
    </verse>
  </lyrics>
</song>
