<?xml version='1.0' encoding='UTF-8'?>
<song xmlns="http://openlyrics.info/namespace/2009/song" version="0.8" createdIn="OpenLP 2.2.1" modifiedIn="OpenLP 2.2.1" modifiedDate="2016-02-21T21:44:05">
  <properties>
    <titles>
      <title> CC 383 - SATISFAÇÃO</title>
    </titles>
    <authors>
      <author>CANTOR CRISTÃO</author>
    </authors>
  </properties>
  <lyrics>
    <verse name="v1">
      <lines>SENHOR JESUS, EU TE AMO MAIS<br/>QUE O MUNDO E SEU PRAZER;<br/>POIS DESTE-ME PERFEITA PAZ,<br/>QUE NUNCA IREI PERDER.</lines>
    </verse>
    <verse name="v2">
      <lines>SENHOR, DE MIM MAIS PERTO ESTÁS<br/>QUE AMIGOS MEUS AQUI!<br/>OH, QUANTO À ALMA SATISFAZ<br/>O SÓ PENSAR EM TI!</lines>
    </verse>
    <verse name="v3">
      <lines>E DE PRAZER MEU CORAÇÃO<br/>EU SINTO TRANSBORDAR;<br/>SEM TI COMIGO, OS DIAS SÃO<br/>QUAIS NOITES SEM LUAR.</lines>
    </verse>
    <verse name="v4">
      <lines>Ó MEU PRECIOSO SALVADOR,<br/>QUE GOZO É CAMINHAR<br/>AQUI CONTIGO, E SEM TEMOR<br/>TEU ROSTO CONTEMPLAR!</lines>
    </verse>
    <verse name="v5">
      <lines>METADE NUNCA SE CONTOU<br/>   DO AMOR DE DEUS JEOVÁ!<br/>   METADE NUNCA SE CONTOU<br/>   DA PAZ QUE AOS SALVOS DÁ!</lines>
    </verse>
  </lyrics>
</song>
