<?xml version='1.0' encoding='UTF-8'?>
<song xmlns="http://openlyrics.info/namespace/2009/song" version="0.8" createdIn="OpenLP 2.2.1" modifiedIn="OpenLP 2.2.1" modifiedDate="2016-02-21T21:43:57">
  <properties>
    <titles>
      <title> CC 339 - NÃO CONSINTAS</title>
    </titles>
    <authors>
      <author>CANTOR CRISTÃO</author>
    </authors>
  </properties>
  <lyrics>
    <verse name="v1">
      <lines>OH, NÃO CONSINTAS TRISTEZAS<br/>DENTRO DO TEU CORAÇÃO;<br/>TENDO FÉ FIRME NO MESTRE,<br/>SEGUE-O SEM HESITAÇÃO.</lines>
    </verse>
    <verse name="v2">
      <lines>NÃO CONSENTIR! NÃO CONSENTIR<br/>   QUE QUALQUER DOR OU TRISTEZA<br/>   VENHA APAGAR TEU AMOR!<br/>   OH, NÃO TEMER! NUNCA CEDER!<br/>   EM TEUS APERTOS TE LEMBRA<br/>   QUE CRISTO É TEU PROTETOR.</lines>
    </verse>
    <verse name="v3">
      <lines>SE POR ACASO DESGOSTOS<br/>VIEREM TRAZER-TE TEMOR,<br/>NUNCA TE ESQUEÇAS DE CRISTO,<br/>QUE É TEU MAIOR PROTETOR.</lines>
    </verse>
    <verse name="v4">
      <lines>DEIXA, POIS, TUA TRISTEZA,<br/>TODA INCERTEZA E TEMOR;<br/>PAZ E PRAZER TU EM BREVE<br/>RECEBERÁS DO SENHOR.</lines>
    </verse>
  </lyrics>
</song>
