<?xml version='1.0' encoding='UTF-8'?>
<song xmlns="http://openlyrics.info/namespace/2009/song" version="0.8" createdIn="OpenLP 2.2.1" modifiedIn="OpenLP 2.2.1" modifiedDate="2016-02-21T21:44:03">
  <properties>
    <titles>
      <title> CC 373 - CERTEZA</title>
    </titles>
    <authors>
      <author>CANTOR CRISTÃO</author>
    </authors>
  </properties>
  <lyrics>
    <verse name="v1">
      <lines>POR MIM SOFREU O SALVADOR;<br/>GLÓRIA, GLÓRIA A MEU JESUS!<br/>LOUVAI COMIGO AO REDENTOR.<br/>GLÓRIA, GLÓRIA A MEU JESUS!</lines>
    </verse>
    <verse name="v2">
      <lines>JESUS, JESUS, O SALVADOR!<br/>   É DOCE O NOME DO SENHOR.<br/>   ABRASA-ME COM SANTO AMOR;<br/>   GLÓRIA, GLÓRIA A MEU JESUS!</lines>
    </verse>
    <verse name="v3">
      <lines>OS MEUS PECADOS CARREGOU,<br/>E SOBRE A CRUZ ME RESGATOU.</lines>
    </verse>
    <verse name="v4">
      <lines>EU SEI QUE PERDOADO ESTOU;<br/>E COM CERTEZA AO CÉU EU VOU.</lines>
    </verse>
    <verse name="v5">
      <lines>E, QUANDO A LUTA AQUI FINDAR,<br/>NO CÉU DE LUZ EU VOU CANTAR.</lines>
    </verse>
  </lyrics>
</song>
