<?xml version='1.0' encoding='UTF-8'?>
<song xmlns="http://openlyrics.info/namespace/2009/song" version="0.8" createdIn="OpenLP 2.2.1" modifiedIn="OpenLP 2.2.1" modifiedDate="2016-02-21T21:44:05">
  <properties>
    <titles>
      <title> CC 385 - LOUVOR</title>
    </titles>
    <authors>
      <author>CANTOR CRISTÃO</author>
    </authors>
  </properties>
  <lyrics>
    <verse name="v1">
      <lines>VAMOS NÓS LOUVAR A DEUS,<br/>VAMOS, VAMOS;<br/>AO SENHOR DE TODA LUZ,<br/>SANTO, SANTO!<br/>CANTEM, LOUVEM LÁ NOS CÉUS<br/>NOSSO DEUS E REI JESUS!<br/>EXALTADO SEJA DEUS,<br/>SANTO, SANTO!</lines>
    </verse>
    <verse name="v2">
      <lines>DEUS, O NOSSO ETERNO PAI,<br/>SANTO, SANTO!<br/>DEU-NOS BÊNÇÃOS POR JESUS,<br/>VEDE, VEDE!<br/>AO SENHOR GLORIFICAI,<br/>VÓS, OS SALVOS PELA CRUZ,<br/>SIM, CONOSCO GLÓRIA DAI,<br/>VINDE, VINDE!</lines>
    </verse>
    <verse name="v3">
      <lines>EXALTEMOS NOSSO DEUS,<br/>SANTO, SANTO!<br/>EXALTEMOS COM FERVOR,<br/>HOJE, HOJE!<br/>TRIBUTEMOS TODOS NÓS<br/>HINOS SANTOS DE LOUVOR,<br/>SIM, LOUVOR EM ALTA VOZ,<br/>HOJE, HOJE!</lines>
    </verse>
    <verse name="v4">
      <lines>AO SENHOR DE TODO AMOR,<br/>DEUS DE GLÓRIA,<br/>DEUS DE LUZ E DEUS DE PAZ,<br/>CANTEM GLÓRIA!<br/>HOJE NÓS TAMBÉM LOUVOR<br/>VIMOS DAR-TE, QUE TE APRAZ,<br/>POIS NOS DESTE, SALVADOR,<br/>MUITAS BÊNÇÃOS!</lines>
    </verse>
    <verse name="v5">
      <lines>EXALTADO SEJA O NOSSO DEUS E PAI!<br/>   EXALTADO, PARA SEMPRE, OH, EXALTAI!<br/>   CANTEM, LOUVEM LÁ NOS CÉUS<br/>   NOSSO DEUS E REI JESUS!<br/>   EXALTADO SEJA DEUS,<br/>   SANTO, SANTO!</lines>
    </verse>
  </lyrics>
</song>
