<?xml version='1.0' encoding='UTF-8'?>
<song xmlns="http://openlyrics.info/namespace/2009/song" version="0.8" createdIn="OpenLP 2.2.1" modifiedIn="OpenLP 2.2.1" modifiedDate="2016-02-21T21:44:01">
  <properties>
    <titles>
      <title> CC 358 - NÃO HÁ PERIGO</title>
    </titles>
    <authors>
      <author>CANTOR CRISTÃO</author>
    </authors>
  </properties>
  <lyrics>
    <verse name="v1">
      <lines>MUITOS FALAM DOS PERIGOS<br/>DO CAMINHO EM QUE EU ESTOU;<br/>MAS NÃO VÊEM A LUZ QUE BRILHA<br/>AO REDOR, POR ONDE VOU.</lines>
    </verse>
    <verse name="v2">
      <lines>MEU JESUS ME GUIA OS PASSOS,<br/>   E JÁ VEIO EM MIM MORAR;<br/>   NESTE MUNDO PERIGOSO<br/>   SÓ POR MIM NÃO POSSO ANDAR.</lines>
    </verse>
    <verse name="v3">
      <lines>FALAM MAIS DE DESENGANOS<br/>E DE DURA PROVAÇÃO;<br/>MAS JESUS ME AMPARA SEMPRE<br/>E ME DÁ CONSOLAÇÃO.</lines>
    </verse>
    <verse name="v4">
      <lines>SEI QUE MEU AMOR É FRACO<br/>E PROPENDO PRA PECAR;<br/>MAS, COM SEU DIVINO AUXÍLIO,<br/>HEI DE SEMPRE TRIUNFAR.</lines>
    </verse>
  </lyrics>
</song>
