<?xml version='1.0' encoding='UTF-8'?>
<song xmlns="http://openlyrics.info/namespace/2009/song" version="0.8" createdIn="OpenLP 2.2.1" modifiedIn="OpenLP 2.2.1" modifiedDate="2016-02-21T21:44:00">
  <properties>
    <titles>
      <title> CC 353 - SOU PECADOR</title>
    </titles>
    <authors>
      <author>CANTOR CRISTÃO</author>
    </authors>
  </properties>
  <lyrics>
    <verse name="v1">
      <lines>Ó DEUS, TU ME PROVASTE A MIM;<br/>NINGUÉM SE ESCONDERÁ DE TI;<br/>PREVÊS PARA ONDE QUERO ANDAR,<br/>CONHECES COMO VOU FALAR.</lines>
    </verse>
    <verse name="v2">
      <lines>SOU PECADOR; DÁ-ME PERDÃO!<br/>   SEGURA MINHA DÉBIL MÃO!<br/>   CONDUZ MEUS FRACOS PÉS, SENHOR,<br/>   E LOUVAREI MEU BENFEITOR!</lines>
    </verse>
    <verse name="v3">
      <lines>EU VIVO À LUZ DO TEU OLHAR;<br/>SENHOR, QUEM PODERÁ SONDAR<br/>A CIÊNCIA TUA E TEU PODER,<br/>SE É INSONDÁVEL TEU SABER?</lines>
    </verse>
    <verse name="v4">
      <lines>NAS TREVAS E NA CLARA LUZ<br/>A MÃO DIVINA ME CONDUZ;<br/>E, SE FUGINDO DELA VOU,<br/>DE TEU PODER CERCADO ESTOU.</lines>
    </verse>
    <verse name="v5">
      <lines>CRIASTE-ME; POR TUA MÃO<br/>FORMADOS OS MEUS MEMBROS SÃO;<br/>AS MARAVILHAS DO SENHOR<br/>EXCEDEM MUITO A MEU LOUVOR.</lines>
    </verse>
    <verse name="v6">
      <lines>Ó DEUS DA MINHA SALVAÇÃO,<br/>PESQUISA, POIS, MEU CORAÇÃO;<br/>EXPURGA-ME, SE HOUVER EM MIM<br/>QUALQUER OFENSA CONTRA TI.</lines>
    </verse>
  </lyrics>
</song>
