<?xml version='1.0' encoding='UTF-8'?>
<song xmlns="http://openlyrics.info/namespace/2009/song" version="0.8" createdIn="OpenLP 2.2.1" modifiedIn="OpenLP 2.2.1" modifiedDate="2016-02-21T21:43:52">
  <properties>
    <titles>
      <title> CC 302 - COMO A NEVE</title>
    </titles>
    <authors>
      <author>CANTOR CRISTÃO</author>
    </authors>
  </properties>
  <lyrics>
    <verse name="v1">
      <lines>BOM JESUS, ÉS TODO MEU;<br/>EU TAMBÉM SOU TODO TEU.<br/>DÁ-ME GRAÇA PARA SER<br/>TODO TEU ATÉ MORRER.</lines>
    </verse>
    <verse name="v2">
      <lines>BOM JESUS, MINHA ALMA QUER<br/>   QUAL A NEVE BRANCA SER;<br/>   VIVE NO MEU CORAÇÃO,<br/>   FAZE-O PURO, LIMPO E SÃO.</lines>
    </verse>
    <verse name="v3">
      <lines>SALVO ESTOU EM TEU AMOR;<br/>JÁ NÃO TENHO ASSIM TEMOR;<br/>GOZO A MAIS PERFEITA PAZ,<br/>NEM A MORTE SUSTO TRAZ.</lines>
    </verse>
    <verse name="v4">
      <lines>DIA A DIA, MEU JESUS,<br/>QUERO ANDAR EM TUA LUZ,<br/>TÉ QUE ENFIM EU VÁ MORAR<br/>NO CELESTE E ETERNO LAR.</lines>
    </verse>
  </lyrics>
</song>
