<?xml version='1.0' encoding='UTF-8'?>
<song xmlns="http://openlyrics.info/namespace/2009/song" version="0.8" createdIn="OpenLP 2.2.1" modifiedIn="OpenLP 2.2.1" modifiedDate="2016-08-07T13:24:21">
  <properties>
    <titles>
      <title> CC 322 - CRISTO VALERÁ</title>
    </titles>
    <verseOrder>v1 c1 v2 c1 v3 c1</verseOrder>
    <authors>
      <author>CANTOR CRISTÃO</author>
    </authors>
  </properties>
  <lyrics>
    <verse name="v1">
      <lines>OSCILANDO MINHA FÉ, CRISTO VALERÁ;<br/>PERSEGUIDO, SEM MERCÊ, ELE VALERÁ.</lines>
    </verse>
    <verse name="c1">
      <lines>ELE VALERÁ!<br/>ELE VALERÁ!<br/>SEU AMOR POR MIM NÃO MUDA,<br/>SIM ME VALERÁ.</lines>
    </verse>
    <verse name="v2">
      <lines>CRENTE INÚTIL EU SEREI SE ME NÃO VALER;<br/>NEM SERVIÇO PRESTAREI SEM O SEU PODER.</lines>
    </verse>
    <verse name="v3">
      <lines>COM SEU SANGUE ME COMPROU,<br/>NÃO ME DEIXARÁ;<br/>VIDA ETERNA ME OUTORGOU,<br/>SIM, ME VALERÁ.</lines>
    </verse>
  </lyrics>
</song>
