<?xml version='1.0' encoding='UTF-8'?>
<song xmlns="http://openlyrics.info/namespace/2009/song" version="0.8" createdIn="OpenLP 2.2.1" modifiedIn="OpenLP 2.2.1" modifiedDate="2016-02-21T21:44:06">
  <properties>
    <titles>
      <title> CC 389 - VENTURA</title>
    </titles>
    <authors>
      <author>CANTOR CRISTÃO</author>
    </authors>
  </properties>
  <lyrics>
    <verse name="v1">
      <lines>O AMOR DE MEU CRISTO É VENTURA,<br/>REPLETO DE GRAÇA SEM-PAR;<br/>E SUA TERNURA PERCEBO<br/>CADA DIA POR MIM AUMENTAR.</lines>
    </verse>
    <verse name="v2">
      <lines>OH, TERNURA, GRAÇA E AMOR<br/>   ME DISPENSA O SALVADOR!<br/>   QUE AMOR SUBLIME DO MEU MESTRE!<br/>   QUE TERNURA, QUE GRAÇA SEM-PAR!</lines>
    </verse>
    <verse name="v3">
      <lines>CONTENTE SEGUIR VOU SEUS PASSOS,<br/>NOS TRILHOS TRAÇADOS POR DEUS;<br/>E SE ME PROVAR NA FORNALHA,<br/>SEJAM FEITOS OS DESÍGNOS SEUS.</lines>
    </verse>
    <verse name="v4">
      <lines>VELOZ SE APROXIMA O SEU DIA;<br/>ENTÃO SEU SEMBLANTE VEREI.<br/>ASSIM SEU AMOR E TERNURA<br/>EU ETERNAMENTE GOZAREI.</lines>
    </verse>
  </lyrics>
</song>
