<?xml version='1.0' encoding='UTF-8'?>
<song xmlns="http://openlyrics.info/namespace/2009/song" version="0.8" createdIn="OpenLP 2.2.1" modifiedIn="OpenLP 2.2.1" modifiedDate="2016-02-21T21:44:06">
  <properties>
    <titles>
      <title> CC 390 - NADA FALTA</title>
    </titles>
    <authors>
      <author>CANTOR CRISTÃO</author>
    </authors>
  </properties>
  <lyrics>
    <verse name="v1">
      <lines>DE JESUS A DOCE VOZ<br/>OUVI EU, PECADOR;<br/>ACEITEI, DE CORAÇÃO,<br/>JESUS, MEU SALVADOR.</lines>
    </verse>
    <verse name="v2">
      <lines>MEU PECADO, SIM,<br/>   EXPIOU NA CRUZ<br/>   E POR GRAÇAS SEM IGUAL<br/>   SALVOU-ME MEU JESUS.</lines>
    </verse>
    <verse name="v3">
      <lines>RETIDÃO EM MIM NÃO HÁ;<br/>POR GRAÇA SALVO SOU.<br/>DEVO TUDO A MEU SENHOR,<br/>POIS JÁ ME RESGATOU.</lines>
    </verse>
    <verse name="v4">
      <lines>POR JESUS EU TENHO PAZ,<br/>E GOZO O SEU FAVOR;<br/>NADA AQUI ME FALTARÁ,<br/>COM CRISTO, MEU SENHOR.</lines>
    </verse>
  </lyrics>
</song>
