<?xml version='1.0' encoding='UTF-8'?>
<song xmlns="http://openlyrics.info/namespace/2009/song" version="0.8" createdIn="OpenLP 2.2.1" modifiedIn="OpenLP 2.2.1" modifiedDate="2016-02-21T21:43:56">
  <properties>
    <titles>
      <title> CC 327 - O PILOTO</title>
    </titles>
    <authors>
      <author>CANTOR CRISTÃO</author>
    </authors>
  </properties>
  <lyrics>
    <verse name="v1">
      <lines>GUIA, CRISTO, MINHA NAU<br/>SOBRE O REVOLTOSO MAR;<br/>TÃO ENFURECIDO E MAU,<br/>QUER FAZÊ-LA NAUFRAGAR.<br/>VEM, JESUS, OH, VEM GUIAR,<br/>MINHA NAU VEM PILOTAR!</lines>
    </verse>
    <verse name="v2">
      <lines>COMO SABE SERENAR<br/>BOA MÃE O FILHO SEU,<br/>VEM, ACALMA, ASSIM, O MAR,<br/>QUE SE ELEVA ATÉ O CÉU.<br/>VEM, JESUS, OH, VEM GUIAR,<br/>MINHA NAU VEM PILOTAR!</lines>
    </verse>
    <verse name="v3">
      <lines>SE NO PORTO, QUANDO ENTRAR,<br/>MAIS O MAR SE ENFURECER,<br/>QUE ME POSSA DELEITAR<br/>EM OUVIR JESUS DIZER:<br/>""""ENTRA, POBRE VIAJOR,<br/>NO DESCANSO DO SENHOR.""""</lines>
    </verse>
  </lyrics>
</song>
