<?xml version='1.0' encoding='UTF-8'?>
<song xmlns="http://openlyrics.info/namespace/2009/song" version="0.8" createdIn="OpenLP 2.2.1" modifiedIn="OpenLP 2.2.1" modifiedDate="2016-02-21T21:43:55">
  <properties>
    <titles>
      <title> CC 320 - ABRIGO FELIZ</title>
    </titles>
    <authors>
      <author>CANTOR CRISTÃO</author>
    </authors>
  </properties>
  <lyrics>
    <verse name="v1">
      <lines>ABRIGADO EM MEU JESUS, HÁ DESCANSO E PAZ.<br/>TENHO ALÍVIO QUANDO AFLITO,<br/>PAZ DARÁ SE ESTOU CONTRITO,<br/>ABRIGADO EM MEU JESUS, HÁ DESCANSO E PAZ.<br/>CONFIANDO EM SEU AMOR, TENHO PAZ.</lines>
    </verse>
    <verse name="v2">
      <lines>TENHO PAZ E PERDÃO E PRAZER,<br/>   ABRIGADO NO SENHOR;<br/>   TENHO PAZ E PERDÃO E PRAZER,<br/>   CONFIANDO EM SEU AMOR.  ( BIS )</lines>
    </verse>
    <verse name="v3">
      <lines>GARANTIDO POR JESUS, HÁ PERDÃO, PERDÃO;<br/>HÁ PERDÃO REAL, PERFEITO<br/>E PODER PRA ANDAR DIREITO;<br/>GARANTIDO POR JESUS, HÁ PERDÃO, PERDÃO.<br/>CONFIANDO EM SEU AMOR, HÁ PERDÃO.</lines>
    </verse>
    <verse name="v4">
      <lines>TRABALHANDO POR JESUS, HÁ PRAZER, PRAZER;<br/>É PRAZER CONTRA A HISTÓRIA<br/>DE JESUS, O REI DA GLÓRIA;<br/>TRABALHANDO POR JESUS, HÁ PRAZER, PRAZER;<br/>CONFIANDO EM SEU AMOR, HÁ PRAZER.</lines>
    </verse>
  </lyrics>
</song>
