<?xml version='1.0' encoding='UTF-8'?>
<song xmlns="http://openlyrics.info/namespace/2009/song" version="0.8" createdIn="OpenLP 2.2.1" modifiedIn="OpenLP 2.2.1" modifiedDate="2016-02-21T21:44:06">
  <properties>
    <titles>
      <title> CC 391 - ESTOU CONTENTE</title>
    </titles>
    <authors>
      <author>CANTOR CRISTÃO</author>
    </authors>
  </properties>
  <lyrics>
    <verse name="v1">
      <lines>OH, COMO ESTOU CONTENTE,<br/>FELIZ, MEU CORAÇÃO!<br/>PORQUE JESUS, MEU MESTRE,<br/>OUVIU MINHA ORAÇÃO;<br/>E LIVRE JÁ DAS TREVAS,<br/>AGORA VEJO A LUZ;<br/>BENDITO SEJA CRISTO,<br/>POR MIM LEVOU A CRUZ!</lines>
    </verse>
    <verse name="v2">
      <lines>DESAMPARADO ESTIVE,<br/>MAS CRISTO ME BUSCOU;<br/>ESTIVE DESVIADO,<br/>MAS ELE ME ENCONTROU;<br/>SEU SANGUE TÃO PRECIOSO<br/>DA MORTE ME REMIU;<br/>EM HORA TÃO RADIANTE<br/>DA CULPA ME EXIMIU!</lines>
    </verse>
    <verse name="v3">
      <lines>PERANTE O TRONO BRANCO,<br/>OH, BEM QUERIA EU<br/>VER TODOS OS REMIDOS<br/>NA GLÓRIA LÁ NO CÉU!<br/>OH, QUE INEFÁVEL GOZO<br/>AO VER MEU SALVADOR,<br/>E AS HOSTES MUI GLORIOSAS<br/>CANTANDO SEU LOUVOR!</lines>
    </verse>
    <verse name="v4">
      <lines>EU VIVEREI PRA CRISTO<br/>ENQUANTO AQUI FICAR,<br/>TÉ QUANDO AO LAR CELESTE<br/>MEU MESTRE ME CHAMAR;<br/>FELIZ E SEMPRE ALEGRE<br/>SEREI NO ETERNO LAR,<br/>CANTANDO AS ALELUIAS<br/>AO REDENTOR SEM-PAR!</lines>
    </verse>
    <verse name="v5">
      <lines>CANTAREI NA SUA GLÓRIA,<br/>   CANTAREMOS ALELUIA,<br/>   JUBILOSOS, LÁ NO CÉU. (BIS)</lines>
    </verse>
  </lyrics>
</song>
