<?xml version='1.0' encoding='UTF-8'?>
<song xmlns="http://openlyrics.info/namespace/2009/song" version="0.8" createdIn="OpenLP 2.2.1" modifiedIn="OpenLP 2.2.1" modifiedDate="2017-01-15T23:38:53">
  <properties>
    <titles>
      <title> CC 396 - CEGUEIRA E VISTA</title>
    </titles>
    <verseOrder>v1 c1 v2 c1 v3 c1 v4 c2</verseOrder>
    <authors>
      <author>CANTOR CRISTÃO</author>
    </authors>
  </properties>
  <lyrics>
    <verse name="v1">
      <lines>OH, TÃO CEGO EU ANDEI, E PERDIDO VAGUEI,<br/>LONGE, LONGE DO MEU SALVADOR;<br/>MAS DA GLÓRIA DESCEU E SEU SANGUE VERTEU<br/>PRA SALVAR UM TÃO POBRE PECADOR.</lines>
    </verse>
    <verse name="c1">
      <lines>FOI NA CRUZ, FOI NA CRUZ ONDE UM DIA EU VI<br/>   MEU PECADO CASTIGADO EM JESUS;<br/>   FOI ALI, PELA FÉ, QUE MEUS OLHOS ABRI,<br/>   E EU AGORA ME ALEGRO EM SUA LUZ.</lines>
    </verse>
    <verse name="v2">
      <lines>EU OUVIA FALAR DESSA GRAÇA SEM-PAR,<br/>QUE DO CÉU TROUXE NOSSO JESUS;<br/>MAS EU SURDO ME FIZ, CONVERTER-ME NÃO QUIS<br/>AO SENHOR QUE POR MIM MORREU NA CRUZ.</lines>
    </verse>
    <verse name="v3">
      <lines>MAS UM DIA SENTI MEUS PECADOS E VI<br/>SOBRE MIM O CASTIGO DA LEI;<br/>MAS DEPRESSA FUGI, EM JESUS ME ESCONDI,<br/>E REFÚGIO SEGURO NELE ACHEI.</lines>
    </verse>
    <verse name="v4">
      <lines>OH, QUE GRANDE PRAZER INUNDOU O MEU SER,<br/>CONHECENDO ESSE TÃO GRANDE AMOR,<br/>QUE LEVOU MEU JESUS A SOFRER LÁ NA CRUZ<br/>PRA SALVAR UM TÃO POBRE PECADOR!!!</lines>
    </verse>
    <verse name="c2">
      <lines>FOI NA CRUZ, FOI NA CRUZ ONDE UM DIA EU VI<br/>   MEU PECADO CASTIGADO EM JESUS;<br/>   FOI ALI, PELA FÉ, QUE MEUS OLHOS ABRI,<br/>   E EU AGORA ME ALEGRO EM SUA LUZ!!!</lines>
    </verse>
  </lyrics>
</song>
