<?xml version='1.0' encoding='UTF-8'?>
<song xmlns="http://openlyrics.info/namespace/2009/song" version="0.8" createdIn="OpenLP 2.2.1" modifiedIn="OpenLP 2.2.1" modifiedDate="2016-02-21T21:43:53">
  <properties>
    <titles>
      <title> CC 313 - PROTEÇÃO DIVINA</title>
    </titles>
    <authors>
      <author>CANTOR CRISTÃO</author>
    </authors>
  </properties>
  <lyrics>
    <verse name="v1">
      <lines>AO CRENTE É DADA PROTEÇÃO<br/>DE DEUS, SEU BENFEITOR;<br/>CONFORTO DÁ AO CORAÇÃO<br/>DO TRISTE PECADOR.<br/>TAMBÉM AMPARO SEMPRE DÁ<br/>A QUEM COM FÉ PEDIR;<br/>SEU BRAÇO FORTE ESTENDERÁ<br/>A QUEM O MAL FERIR.</lines>
    </verse>
    <verse name="v2">
      <lines>OH, QUE GRANDIOSO AMOR<br/>   TEM O BOM REDENTOR!<br/>   CONCEDE-NOS SEM CESSAR<br/>   TÃO RICOS DONS GOZAR.</lines>
    </verse>
    <verse name="v3">
      <lines>JESUS, SIM, RECOMPENSARÁ<br/>A TODO VENCEDOR;<br/>MAS ANTE OS ANJOS NEGARÁ<br/>O INDIGNO TRAIDOR.<br/>AVANTE, ENTÃO, Ó CAMPEÕES,<br/>NA LUTA, POIS, ENTRAI;<br/>MANTENDO FIRMES CONVICÇÕES,<br/>POR CRISTO TRABALHAI!</lines>
    </verse>
    <verse name="v4">
      <lines>ELE NOS GUADARÁ,<br/>   SEMPRE NOS GUIARÁ,<br/>   E VIDA CELESTIAL<br/>   TEREMOS AFINAL.</lines>
    </verse>
  </lyrics>
</song>
