<?xml version='1.0' encoding='UTF-8'?>
<song xmlns="http://openlyrics.info/namespace/2009/song" version="0.8" createdIn="OpenLP 2.2.1" modifiedIn="OpenLP 2.2.1" modifiedDate="2016-02-21T21:44:05">
  <properties>
    <titles>
      <title> CC 387 - CONTENTAMENTO</title>
    </titles>
    <authors>
      <author>CANTOR CRISTÃO</author>
    </authors>
  </properties>
  <lyrics>
    <verse name="v1">
      <lines>MINHA ALMA DELEITA-SE EM CRISTO;<br/>AFÁVEL É ELE PARA MIM;<br/>VIVER NA SUA INTIMIDADE<br/>DÁ GOZO REAL E SEM FIM.</lines>
    </verse>
    <verse name="v2">
      <lines>MUITO CONTENTE ESTOU,<br/>   POIS QUE JESUS ME AMOU,<br/>   PRA SI ME CHAMOU,<br/>   POR FILHO TOMOU,<br/>   FELIZ, TÃO FELIZ EU SOU.</lines>
    </verse>
    <verse name="v3">
      <lines>POR SUA BONDADE ADMIRÁVEL,<br/>EU VIVO A FRUIR SEU AMOR;<br/>A SUA PRESENÇA CONSERVA<br/>MINHA ALMA NA FÉ, COM FERVOR.</lines>
    </verse>
    <verse name="v4">
      <lines>UM DIA SEREI SEMELHANTE<br/>A CRISTO, MEU RETO SENHOR;<br/>COM ELE TEREI EU MORADA,<br/>OH, GRAÇAS A MEU SALVADOR!</lines>
    </verse>
  </lyrics>
</song>
