<?xml version='1.0' encoding='UTF-8'?>
<song xmlns="http://openlyrics.info/namespace/2009/song" version="0.8" createdIn="OpenLP 2.2.1" modifiedIn="OpenLP 2.2.1" modifiedDate="2016-02-21T21:43:52">
  <properties>
    <titles>
      <title> CC 303 - AMOR A JESUS</title>
    </titles>
    <authors>
      <author>CANTOR CRISTÃO</author>
    </authors>
  </properties>
  <lyrics>
    <verse name="v1">
      <lines>JESUS, SEMPRE TE AMO PORQUE SEI QUE ÉS MEU;<br/>A TI TODA A HONRA E LOUVORES DOU EU.<br/>MEU MESTRE DIVINO, MEU AMO, MEU REI,<br/>A TI, Ó MEU CRISTO, ME SUBMETEREI!</lines>
    </verse>
    <verse name="v2">
      <lines>EU TE AMO PORQUE TU MORRESTE POR MIM;<br/>EU TE AMO PORQUE TEU AMOR NÃO TEM FIM.<br/>EM TI CONFIANÇA PRA SEMPRE TEREI;<br/>A TI, Ó MEU CRISTO, ME SUBMETEREI!</lines>
    </verse>
    <verse name="v3">
      <lines>EU TE AMO NA VIDA, NA MORTE TAMBÉM;<br/>SEMPRE HEI DE LOUVAR-TE NA GLÓRIA DE ALÉM.<br/>AGORA E PRA SEMPRE POR TI VIVEREI;<br/>A TI, Ó MEU CRISTO, ME SUBMETEREI!</lines>
    </verse>
  </lyrics>
</song>
