<?xml version='1.0' encoding='UTF-8'?>
<song xmlns="http://openlyrics.info/namespace/2009/song" version="0.8" createdIn="OpenLP 2.2.1" modifiedIn="OpenLP 2.2.1" modifiedDate="2016-02-21T21:43:53">
  <properties>
    <titles>
      <title> CC 309 - CONSAGRANDO-NOS</title>
    </titles>
    <authors>
      <author>CANTOR CRISTÃO</author>
    </authors>
  </properties>
  <lyrics>
    <verse name="v1">
      <lines>CONSAGRANDO-NOS A TI,<br/>IMPLORANDO TUA PROTEÇÃO;<br/>OH, PRESENTE SÊ AQUI,<br/>CONCEDENDO TUA DIREÇÃO!</lines>
    </verse>
    <verse name="v2">
      <lines>CADA VEZ MAIS E MAIS<br/>   MOSTRA-NOS O TEU FAVOR;<br/>   UNE-NOS EM TI, SENHOR,<br/>   PELOS LAÇOS DO DIVINO AMOR.</lines>
    </verse>
    <verse name="v3">
      <lines>ATRAVÉS DA PROVAÇÃO<br/>GUIA SEMPRE, SEMPRE COM AMOR;<br/>GUARDA-NOS O CORAÇÃO,<br/>REVESTINDO-O SEMPRE DE FERVOR.</lines>
    </verse>
    <verse name="v4">
      <lines>HABILITA-NOS, SENHOR,<br/>OUTORGANDO SEMPRE MAIS PODER;<br/>AO TEU POVO, BOM PASTOR,<br/>IMPLORAMOS BÊNÇÃOS CONCEDER.</lines>
    </verse>
  </lyrics>
</song>
