<?xml version='1.0' encoding='UTF-8'?>
<song xmlns="http://openlyrics.info/namespace/2009/song" version="0.8" createdIn="OpenLP 2.2.1" modifiedIn="OpenLP 2.2.1" modifiedDate="2016-02-21T21:43:52">
  <properties>
    <titles>
      <title> CC 304 - UM VASO DE BÊNÇÃO</title>
    </titles>
    <authors>
      <author>CANTOR CRISTÃO</author>
    </authors>
  </properties>
  <lyrics>
    <verse name="v1">
      <lines>QUERO SER UM VASO DE BÊNÇÃO,<br/>SIM, UM VASO ESCOLHIDO DE DEUS,<br/>PARA AS NOVAS LEVAR AOS PERDIDOS,<br/>BOAS-NOVAS QUE VÊM LÁ DOS CÉUS.</lines>
    </verse>
    <verse name="v2">
      <lines>QUERO SER UM VASO DE BÊNÇÃO<br/>PARA TODOS OS DIAS FAZER<br/>AOS CULPADOS QUE VIVEM NAS TREVAS<br/>O PERDÃO DE JESUS CONHECER.</lines>
    </verse>
    <verse name="v3">
      <lines>QUERO SER UM VASO DE BÊNÇÃO,<br/>SIM, UM VASO DE BÊNÇÃO SEM-PAR,<br/>AVISANDO QUE CRENTES EM CRISTO<br/>JUBILOSOS NO CÉU HÃO DE ENTRAR.</lines>
    </verse>
    <verse name="v4">
      <lines>PARA SER UM VASO DE BÊNÇÃO,<br/>É MISTER UMA VIDA REAL,<br/>UMA VIDA DE FÉ E PUREZA,<br/>REVESTIDA DO AMOR DIVINAL.</lines>
    </verse>
    <verse name="v5">
      <lines>FAZE-ME VASO DE BÊNÇÃO, SENHOR,<br/>   VASO QUE LEVE A MENSAGEM DE AMOR!<br/>   EIS-ME SUBMISSO PRA TEU SERVIÇO,<br/>   TUDO CONSAGRO-TE AGORA, SENHOR.</lines>
    </verse>
  </lyrics>
</song>
