<?xml version='1.0' encoding='UTF-8'?>
<song xmlns="http://openlyrics.info/namespace/2009/song" version="0.8" createdIn="OpenLP 2.2.1" modifiedIn="OpenLP 2.2.1" modifiedDate="2016-02-21T21:43:53">
  <properties>
    <titles>
      <title> CC 312 - AMPARO</title>
    </titles>
    <authors>
      <author>CANTOR CRISTÃO</author>
    </authors>
  </properties>
  <lyrics>
    <verse name="v1">
      <lines>NAS AGRURAS DESTA VIDA,<br/>NO DESCANSO E NO LABOR,<br/>DÁ-ME FORÇA NA FADIGA<br/>E PROTEGE-ME, SENHOR!</lines>
    </verse>
    <verse name="v2">
      <lines>OS MALVADOS ME DETESTAM<br/>E ME QUEREM DESTRUIR;<br/>MAS OS ANJOS ME RODEIAM,<br/>NÃO ME DEIXAM SECUMBIR.</lines>
    </verse>
    <verse name="v3">
      <lines>INDA QUE SATÃ ME ASSALTE,<br/>VACILAR NÃO PODEREI;<br/>INDA QUE O PODER ME FALTE,<br/>POR JESUS EU VENCEREI.</lines>
    </verse>
    <verse name="v4">
      <lines>QUANDO O MAL VIER NA VIDA,<br/>FORTE E RIJO ME ASSALTAR,<br/>MEU JESUS, NA MINHA LIDA,<br/>CERTO ME HÁ DE SUSTENTAR.</lines>
    </verse>
    <verse name="v5">
      <lines>Ó JESUS, VEM PROTEGER-ME,<br/>   GUARDA-ME, POR COMPAIXÃO!<br/>   Ó JESUS, VEM DEFENDER-ME,<br/>   SÊ TU MINHA SALVAÇÃO!</lines>
    </verse>
  </lyrics>
</song>
