<?xml version='1.0' encoding='UTF-8'?>
<song xmlns="http://openlyrics.info/namespace/2009/song" version="0.8" createdIn="OpenLP 2.2.1" modifiedIn="OpenLP 2.2.1" modifiedDate="2016-02-21T21:44:05">
  <properties>
    <titles>
      <title> CC 382 - VAMOS À IGREJA</title>
    </titles>
    <authors>
      <author>CANTOR CRISTÃO</author>
    </authors>
  </properties>
  <lyrics>
    <verse name="v1">
      <lines>TENHO GOZO E ALEGRIA CELESTE<br/>QUANDO VOU ADORAR AO SENHOR<br/>COM OS CRENTES EM CRISTO, NA IGREJA,<br/>QUANDO JUNTOS RENDEMOS LOUVOR.</lines>
    </verse>
    <verse name="v2">
      <lines>VAMOS, CRENTES EM CRISTO, À IGREJA,<br/>CONVERSAR COM O NOSSO BOM DEUS;<br/>ESCUTAR OS SEUS RICOS CONSELHOS,<br/>RECOLHER RICAS BÊNÇÃOS DOS CÉUS.</lines>
    </verse>
    <verse name="v3">
      <lines>COM PRAZER EU AGUARDO A CHEGADA<br/>DESSE DIA DO MEU SALVADOR;<br/>NELE, POIS, A MINHA ALMA, CONTENTE,<br/>SE DERRAMA EM AÇÕES DE LOUVOR.</lines>
    </verse>
    <verse name="v4">
      <lines>Ó MEU MESTRE DIVINO E AMADO,<br/>EU CONTIGO DESEJO VIVER;<br/>TUA LEI, TUA CAUSA E TEU POVO<br/>QUERO SEMPRE ABRAÇAR, DEFENDER.</lines>
    </verse>
    <verse name="v5">
      <lines>OH, VEM, SIM, VEM À IGREJA COMIGO,<br/>   SIM, VAMOS SERVIR AO SENHOR,<br/>   POIS MAIOR ALEGRIA NÃO TEMOS<br/>   DO QUE TER COMUNHÃO EM AMOR.</lines>
    </verse>
  </lyrics>
</song>
