<?xml version='1.0' encoding='UTF-8'?>
<song xmlns="http://openlyrics.info/namespace/2009/song" version="0.8" createdIn="OpenLP 2.2.1" modifiedIn="OpenLP 2.2.1" modifiedDate="2016-02-21T21:43:58">
  <properties>
    <titles>
      <title> CC 343 - SEMPRE FIRME</title>
    </titles>
    <authors>
      <author>CANTOR CRISTÃO</author>
    </authors>
  </properties>
  <lyrics>
    <verse name="v1">
      <lines>MINHA MORADA, JESUS, ASSEGURA,<br/>PAZ E CONFORTO NA LUTA FEROZ;<br/>DÁ-ME TEU BRAÇO, TRANSPORTA-ME À ALTURA<br/>ONDE ESCUTAR PODEREI TUA VOZ.</lines>
    </verse>
    <verse name="v2">
      <lines>VEM DAR-ME PAZ, Ó MEU JESUS,<br/>DÁ-ME TEU BRAÇO, Ó CRISTO!<br/>VOU PERECENDO LONGE DA CRUZ,<br/>E EU EM CLAMAR INSISTO!</lines>
    </verse>
    <verse name="v3">
      <lines>TRISTE, PROCURO REFÚGIO AO TEU LADO,<br/>VOLTA-ME A PAZ, O DESCANSO ME VEM;<br/>QUANDO NA TERRA ME ACHAR DESPREZADO<br/>GLÓRIA TEREI NOUTRA PÁTRIA DE ALÉM.</lines>
    </verse>
    <verse name="v4">
      <lines>QUANDO DA MORTE CERCAR-ME A TRISTEZA,<br/>FINDA A JORNADA DO MUNDO CRUEL,<br/>CERTO TEREI NESSE DIA A CERTEZA<br/>DE IR ME ALEGRAR SOB IMENSO DOCEL.</lines>
    </verse>
  </lyrics>
</song>
