<?xml version='1.0' encoding='UTF-8'?>
<song xmlns="http://openlyrics.info/namespace/2009/song" version="0.8" createdIn="OpenLP 2.2.1" modifiedIn="OpenLP 2.2.1" modifiedDate="2016-02-21T21:43:58">
  <properties>
    <titles>
      <title> CC 344 - DEUS CUIDARÁ DE TI</title>
    </titles>
    <authors>
      <author>CANTOR CRISTÃO</author>
    </authors>
  </properties>
  <lyrics>
    <verse name="v1">
      <lines>AFLITO E TRISTE CORAÇÃO,<br/>DEUS CUIDARÁ DE TI;<br/>POR TI OPERA A SUA MÃO,<br/>QUE CUIDARÁ DE TI.</lines>
    </verse>
    <verse name="v2">
      <lines>DEUS CUIDARÁ DE TI,<br/>   EM CADA DIA PROVERÁ;<br/>   SIM, CUIDARÁ DE TI,<br/>   DEUS CUIDARÁ DE TI.</lines>
    </verse>
    <verse name="v3">
      <lines>NA DOR CRUEL, NA PROVAÇÃO,<br/>DEUS CUIDARÁ DE TI;<br/>SOCORRO DÁ E SALVAÇÃO,<br/>POIS CUIDARÁ DE TI.</lines>
    </verse>
    <verse name="v4">
      <lines>A TUA FÉ DEUS QUER PROVAR,<br/>MAS CUIDARÁ DE TI;<br/>O TEU AMOR QUER AUMENTAR,<br/>E CUIDARÁ DE TI.</lines>
    </verse>
    <verse name="v5">
      <lines>NOS SEUS TESOUROS TUDO TENS,<br/>DEUS CUIDARÁ DE TI;<br/>TERRESTRES E CELESTES BENS,<br/>E CUIDARÁ DE TI.</lines>
    </verse>
    <verse name="v6">
      <lines>O QUE É MISTER TE PODE DAR<br/>QUEM CUIDARÁ DE TI;<br/>NOS BRAÇOS SEUS TE SUSTENTAR,<br/>POIS CUIDARÁ DE TI.</lines>
    </verse>
  </lyrics>
</song>
