<?xml version='1.0' encoding='UTF-8'?>
<song xmlns="http://openlyrics.info/namespace/2009/song" version="0.8" createdIn="OpenLP 2.2.1" modifiedIn="OpenLP 2.2.1" modifiedDate="2016-02-21T21:43:53">
  <properties>
    <titles>
      <title> CC 311 - CONFIANÇA</title>
    </titles>
    <authors>
      <author>CANTOR CRISTÃO</author>
    </authors>
  </properties>
  <lyrics>
    <verse name="v1">
      <lines>SOBRE A CRUZ, POR MEUS PECADOS,<br/>QUIS JESUS POR MIM MORRER.<br/>EM JESUS REFUGIADO,<br/>NADA TENHO QUE TEMER.</lines>
    </verse>
  </lyrics>
</song>
