<?xml version='1.0' encoding='UTF-8'?>
<song xmlns="http://openlyrics.info/namespace/2009/song" version="0.8" createdIn="OpenLP 2.2.1" modifiedIn="OpenLP 2.2.1" modifiedDate="2016-02-21T21:43:58">
  <properties>
    <titles>
      <title> CC 341 - SOCORRO DIVINO</title>
    </titles>
    <authors>
      <author>CANTOR CRISTÃO</author>
    </authors>
  </properties>
  <lyrics>
    <verse name="v1">
      <lines>NO MEU VIVER É AJUDADOR<br/>MEU PAI DOS CÉUS, MEU BOM SENHOR;<br/>A MINHA VIDA TODA VÊ,<br/>E QUER FAZER-ME BEM, EU SEI.</lines>
    </verse>
    <verse name="v2">
      <lines>AS MINHAS LUTAS ELE VÊ,<br/>E SEMPRE AJUDA POR MERCÊ;<br/>DO MEU PESAR É SABEDOR,<br/>E LOGO VEM ME DAR VIGOR.</lines>
    </verse>
    <verse name="v3">
      <lines>OH, QUER-ME BEM, SIM, QUER-ME BEM!<br/>   EM COMPAIXÃO VALER-ME VEM;<br/>   NA MINHA DOR E DISSABOR<br/>   MEU PAI VIGIA COM AMOR.</lines>
    </verse>
    <verse name="v4">
      <lines>AS CULPAS E FRAQUEZAS VÊ,<br/>OS ERROS CONTRA SUA LEI;<br/>NÃO TARDA A VIR COM SEU PERDÃO<br/>O GRANDE DEUS DE COMPAIXÃO.</lines>
    </verse>
    <verse name="v5">
      <lines>VAI, POIS, BUSCAR, Ó MEU IRMÃO,<br/>DIVINA PAZ EM AFLIÇÃO;<br/>DE TODO MAL TE LIVRARÁ<br/>O TEU SENHOR, QUE PERTO ESTÁ.</lines>
    </verse>
  </lyrics>
</song>
