<?xml version='1.0' encoding='UTF-8'?>
<song xmlns="http://openlyrics.info/namespace/2009/song" version="0.8" createdIn="OpenLP 2.2.1" modifiedIn="OpenLP 2.2.1" modifiedDate="2016-02-21T21:43:58">
  <properties>
    <titles>
      <title> CC 340 - IMPORTARÁ</title>
    </titles>
    <verseOrder>v1 v2 v3 v2 v4 v2 v5 v2</verseOrder>
    <authors>
      <author>CANTOR CRISTÃO</author>
    </authors>
  </properties>
  <lyrics>
    <verse name="v1">
      <lines>IMPORTARÁ AO<br/>SENHOR JESUS<br/>QUE EU VIVA NO<br/>MUNDO A TER<br/>O MEU CORAÇÃO<br/>CHEIO DE AFLIÇÃO?<br/>SENTIRÁ MEU TRISTE VIVER?</lines>
    </verse>
    <verse name="v2">
      <lines>OH! SIM, EU SEI,<br/>JESUS BEM VÊ<br/>O QUE EU ESTOU A SOFRER.<br/>EM CRUEL PELEJA,<br/>PAVOR, INVEJA<br/>JESUS ME QUER VALER.</lines>
    </verse>
    <verse name="v3">
      <lines>IMPORTARÁ AO<br/>SENHOR JESUS<br/>QUE EU VIVA COM DISSABOR,<br/>POR ANDAR SEM LUZ, QUE ME VEM DA CRUZ?<br/>SENTIRÁ, POIS, MEU SALVADOR?</lines>
    </verse>
    <verse name="v4">
      <lines>IMPORTARÁ AO SENHOR JESUS<br/>QUE EU CAIA NA TENTAÇÃO?<br/>SE SATÃ PUDER MINHA FÉ VENCER,<br/>ME DARÁ DE NOVO O PERDÃO?</lines>
    </verse>
    <verse name="v5">
      <lines>IMPORTARÁ AO<br/>SENHOR JESUS<br/>SE A MORTE FERIR<br/>MEU LAR?<br/>E QUE DIGA ADEUS AOS QUERIDOS MEUS<br/>SENTIRÁ JESUS? PESARÁ?</lines>
    </verse>
  </lyrics>
</song>
