<?xml version='1.0' encoding='UTF-8'?>
<song xmlns="http://openlyrics.info/namespace/2009/song" version="0.8" createdIn="OpenLP 2.2.1" modifiedIn="OpenLP 2.2.1" modifiedDate="2016-02-21T21:43:54">
  <properties>
    <titles>
      <title> CC 317 - ABRIGO</title>
    </titles>
    <authors>
      <author>CANTOR CRISTÃO</author>
    </authors>
  </properties>
  <lyrics>
    <verse name="v1">
      <lines>REFÚGIO CRISTO SEMPRE DÁ,<br/>REFÚGIO, SIM, DE TODO MAL;<br/>QUEM NELE CRER ESCAPARÁ<br/>DE TUDO QUANTO É INFERNAL.</lines>
    </verse>
    <verse name="v2">
      <lines>SIM, CRISTO É NOSSO ABRIGO NO TEMPORAL,<br/>   NO TEMPORAL, NO TEMPORAL,<br/>   SIM, CRISTO É NOSSO ABRIGO NO TEMPORAL,<br/>   E GUARDA-NOS DE TODO O MAL.</lines>
    </verse>
    <verse name="v3">
      <lines>EMBORA RUJA O TEMPORAL,<br/>EU SEI QUE NÃO ME ALCANÇARÁ!<br/>SEGURO ESTOU NO VENDAVAL;<br/>ABRIGO MEU JESUS SERÁ.</lines>
    </verse>
    <verse name="v4">
      <lines>ENFIM O MUNDO GOZARÁ<br/>BONANÇA APÓS A INQUIETAÇÃO;<br/>POIS SÓ JESUS CONCEDERÁ<br/>SOSSEGO E PAZ AO CORAÇÃO.</lines>
    </verse>
  </lyrics>
</song>
