<?xml version='1.0' encoding='UTF-8'?>
<song xmlns="http://openlyrics.info/namespace/2009/song" version="0.8" createdIn="OpenLP 2.2.1" modifiedIn="OpenLP 2.2.1" modifiedDate="2016-02-21T21:43:57">
  <properties>
    <titles>
      <title> CC 332 - MEU SENHOR DE TUDO SABE</title>
    </titles>
    <authors>
      <author>CANTOR CRISTÃO</author>
    </authors>
  </properties>
  <lyrics>
    <verse name="v1">
      <lines>MEU SENHOR DE TUDO SABE,<br/>CERTAMENTE, SIM;<br/>COM CUIDADOS INCANSÁVEIS<br/>ME PROTEGE A MIM.<br/>TUDO QUANTO DEUS PERMITE,<br/>PRA MEU BEM SERÁ,<br/>E, NO DIA MAIS PENOSO,<br/>FORÇAS DEUS DARÁ.</lines>
    </verse>
    <verse name="v2">
      <lines>SEI QUE DEUS O MEU FUTURO<br/>TEM NA SUA MÃO;<br/>SEUS DESVELOS COMPASSIVOS<br/>INCESSANTES SÃO.<br/>INDA QUE EU MAIS TARDE ENCONTRE<br/>PROVAÇÕES E DOR,<br/>POR DETRÁS DAS NEGRAS NUVENS<br/>BRILHA SEU AMOR.</lines>
    </verse>
    <verse name="v3">
      <lines>GOSTO DE CONTAR-LHE QUANTO<br/>ME SUCEDE AQUI;<br/>SOU SEU FILHO E QUER QUE ESTEJA<br/>SEMPRE JUNTO A SI,<br/>PARA QUE SEUS BONS CUIDADOS<br/>POSSA AQUI GOZAR,<br/>DANDO GRAÇAS POR AQUILO<br/>QUE ME QUEIRA DAR.</lines>
    </verse>
    <verse name="v4">
      <lines>OH, SIM, CONFIADAMENTE<br/>QUERO PROSSEGUIR,<br/>SEM RECEIOS, NEM CUIDADOS<br/>QUANTO AO MEU PORVIR;<br/>POIS QUE DEUS, MEU PAI, ME ASSISTE<br/>COM DIVINO AMOR,<br/>SENDO AQUELE QUE ME GUIA<br/>CRISTO, O SALVADOR.</lines>
    </verse>
  </lyrics>
</song>
