<?xml version='1.0' encoding='UTF-8'?>
<song xmlns="http://openlyrics.info/namespace/2009/song" version="0.8" createdIn="OpenLP 2.2.1" modifiedIn="OpenLP 2.2.1" modifiedDate="2016-02-21T21:43:59">
  <properties>
    <titles>
      <title> CC 347 - O CORAÇÃO EM PAZ</title>
    </titles>
    <verseOrder>v1 v2 v3 v2 v4 v2</verseOrder>
    <authors>
      <author>CANTOR CRISTÃO</author>
    </authors>
  </properties>
  <lyrics>
    <verse name="v1">
      <lines>VINDO SOMBRAS ESCURAS NOS CAMINHOS TEUS,<br/>OH, NÃO TE DESANIME! CANTA UM HINO A DEUS!<br/>CADA NUVEM ESCURA UM ARCO-ÍRiS TRAZ<br/>QUANDO EM TEU CORAÇÃO REINAR PERFEITA PAZ.</lines>
    </verse>
    <verse name="v2">
      <lines>SE TEU CORAÇÃO ESTIVER EM PAZ<br/>   BEM CONTENTE E ALEGRE SEMPRE TE ACHARÁS.<br/>   SE TEU CORAÇÃO ESTIVER EM PAZ<br/>   VERÁS QUE UM ARCO-ÍRiS CADA NUVEM TRAZ.</lines>
    </verse>
    <verse name="v3">
      <lines>SE O VIVER É DE LUTAS, CHEIO DE AMARGOR,<br/>MOSTRA AFETO AOS AFLITOS, AGE EM SEU FAVOR,<br/>E DE TUDO O QUE SOFRES TU TE ESQUECERÁS;<br/>FRUIRÁS GOZO E CALMA, SE TIVERES PAZ.</lines>
    </verse>
    <verse name="v4">
      <lines>VEM APÓS NEGRA NOITE A AURORA MATINAL;<br/>FICA O CÉU MAIS BRILHANTE APÓS O TEMPORAL!<br/>A ESPERANÇA NÃO PERCAS, TUDO VENCERÁS!<br/>FUGIRÃO AS TRISTEZAS, SE TIVERES PAZ.</lines>
    </verse>
  </lyrics>
</song>
