<?xml version='1.0' encoding='UTF-8'?>
<song xmlns="http://openlyrics.info/namespace/2009/song" version="0.8" createdIn="OpenLP 2.2.1" modifiedIn="OpenLP 2.2.1" modifiedDate="2016-02-21T21:43:58">
  <properties>
    <titles>
      <title> CC 342 - A MINHA CRUZ</title>
    </titles>
    <authors>
      <author>CANTOR CRISTÃO</author>
    </authors>
  </properties>
  <lyrics>
    <verse name="v1">
      <lines>A CRUZ QUE ME DEU JESUS CRISTO<br/>FORTALECE O MEU AMOR;<br/>AS DORES QUE SEMPRE ME FEREM<br/>NÃO ME APARTAM DO SENHOR.</lines>
    </verse>
    <verse name="v2">
      <lines>A CRUZ QUE ME DEU PARA EU LEVAR,<br/>   AS DORES QUE A MIM VÊM ASSALTAR,<br/>   NÃO ESCONDEM MEU JESUS,<br/>   POIS EU ANDO EM SUA LUZ;<br/>   VOU VENCENDO PARA OS CÉUS.</lines>
    </verse>
    <verse name="v3">
      <lines>O MUNDO A MEU MESTRE DESPREZA,<br/>E PERSEGUE OS DE JESUS;<br/>MAS POR SEU AMOR, PELA GRAÇA,<br/>LEVAREI A MINHA CRUZ.</lines>
    </verse>
    <verse name="v4">
      <lines>FAZER A VONTADE DE CRISTO<br/>EU DESEJO SEMPRE, SIM;<br/>CONTANDO EU A TÃO BELA HISTÓRIA<br/>TENHO GOZO E PAZ SEM FIM.</lines>
    </verse>
  </lyrics>
</song>
