<?xml version='1.0' encoding='UTF-8'?>
<song xmlns="http://openlyrics.info/namespace/2009/song" version="0.8" createdIn="OpenLP 2.2.1" modifiedIn="OpenLP 2.2.1" modifiedDate="2016-02-21T21:43:59">
  <properties>
    <titles>
      <title> CC 348 - CONFIANDO</title>
    </titles>
    <authors>
      <author>CANTOR CRISTÃO</author>
    </authors>
  </properties>
  <lyrics>
    <verse name="v1">
      <lines>CONFIANDO EM MEU JESUS,<br/>DELE VÊM-ME PAZ E LUZ;<br/>QUANDO VEM A PROVAÇÃO,<br/>ELE DÁ-ME SUA MÃO.</lines>
    </verse>
    <verse name="v2">
      <lines>DÁ-NOS O CONSOLADOR,<br/>QUE NOS ENCHE DE FERVOR,<br/>E NÃO DEIXA TROPEÇAR<br/>QUANDO O TENTADOR CHEGAR.</lines>
    </verse>
    <verse name="v3">
      <lines>E SE NELE EU CONFIAR,<br/>PODEREI, ENTÃO, CANTAR,<br/>QUANDO O TEMPORAL BATER,<br/>VENHA, SIM, O QUE VIER!</lines>
    </verse>
    <verse name="v4">
      <lines>OH, ENQUANTO AQUI VIVER.<br/>CONFIANÇA EU HEI DE TER!<br/>QUANDO A VIDA TERMINAR,<br/>LÁ NA GLÓRIA IREI CANTAR.</lines>
    </verse>
    <verse name="v5">
      <lines>CONFIEMOS NELE JÁ,<br/>   VENCEDORES NOS FARÁ;<br/>   ATRAVÉS DA PROVAÇÃO<br/>   DÁ-NOS FORÇA E DIREÇÃO.</lines>
    </verse>
  </lyrics>
</song>
