<?xml version='1.0' encoding='UTF-8'?>
<song xmlns="http://openlyrics.info/namespace/2009/song" version="0.8" createdIn="OpenLP 2.2.1" modifiedIn="OpenLP 2.2.1" modifiedDate="2016-02-21T21:43:55">
  <properties>
    <titles>
      <title> CC 319 - ABRIGO PERFEITO</title>
    </titles>
    <verseOrder>v1 v2 v3 v2 v4 v2 v5 v2</verseOrder>
    <authors>
      <author>CANTOR CRISTÃO</author>
    </authors>
  </properties>
  <lyrics>
    <verse name="v1">
      <lines>DEUS É MEU ABRIGO EM TODO VENDAVAL;<br/>NELE TENHO, POIS, TODA PROTEÇÃO;<br/>VIVO CONFIANDO EM SEU PODER REAL,<br/>SEM QUALQUER PERTURBAÇÃO.</lines>
    </verse>
    <verse name="v2">
      <lines>DEUS ME GUIARÁ, GUIARÁ,<br/>   SIM, DEUS ME GUIARÁ;<br/>   DEUS ME GUARDARÁ,<br/>   O MEU DEUS ME GUARDARÁ!</lines>
    </verse>
    <verse name="v3">
      <lines>OS PERIGOS QUE ME CERCAM MUITOS SÃO,<br/>FORTES TENTAÇÕES ASSALTAR-ME VÊM;<br/>HOSTES INFERNAIS FORMADAS SEMPRE ESTÃO,<br/>COMBATENDO TODO BEM!</lines>
    </verse>
    <verse name="v4">
      <lines>O MEU DEUS NÃO ME ABANDONARÁ, PORÉM,<br/>ONDE O MAL PODER TENHA DE ATACAR;<br/>ELE ME PROTEGE COMO LHE CONVÉM,<br/>NUNCA IREI DESANIMAR!</lines>
    </verse>
    <verse name="v5">
      <lines>EU GUARDADO ESTOU, ANDANDO EM SEU AMOR,<br/>ABRIGADO EM SEU DIVINAL PODER;<br/>SIM, PROSSIGO VITORIOSO, SEM PAVOR,<br/>POR NÃO TER O QUE TEMER!</lines>
    </verse>
  </lyrics>
</song>
