<?xml version='1.0' encoding='UTF-8'?>
<song xmlns="http://openlyrics.info/namespace/2009/song" version="0.8" createdIn="OpenLP 2.2.1" modifiedIn="OpenLP 2.2.1" modifiedDate="2016-02-21T21:43:57">
  <properties>
    <titles>
      <title> CC 334 - ALÍVIO</title>
    </titles>
    <authors>
      <author>CANTOR CRISTÃO</author>
    </authors>
  </properties>
  <lyrics>
    <verse name="v1">
      <lines>VEM, ALMA CANSADA, TOMADA DE DOR,<br/>ENTREGA OS CUIDADOS NA MÃO DO SENHOR;<br/>A CRISTO CONFIA TEU GRANDE PESAR,<br/>POIS NELE DESCANSO TU PODES ACHAR.</lines>
    </verse>
    <verse name="v2">
      <lines>AS MÁGOAS, DESGOSTOS, REVELA AO SENHOR,<br/>NÃO, OH, NÃO RECEIES VIR TUDO LHE EXPOR;<br/>DO MAL QUE TE OPRIME TE PODE CURAR;<br/>JESUS TEM DESEJO DE TE CONFORTAR.</lines>
    </verse>
    <verse name="v3">
      <lines>SE TU PROVASTE TAL CONSOLAÇÃO,<br/>VAI, LEVA A MENSAGEM DE PAZ E PERDÃO<br/>ÀS ALMAS AFLITAS, OPRESSAS DE DOR;<br/>VAI, TRAZE OS CONTRITOS AOS PÉS DO SENHOR.</lines>
    </verse>
  </lyrics>
</song>
