<?xml version='1.0' encoding='UTF-8'?>
<song xmlns="http://openlyrics.info/namespace/2009/song" version="0.8" createdIn="OpenLP 2.2.1" modifiedIn="OpenLP 2.2.1" modifiedDate="2016-02-21T21:43:55">
  <properties>
    <titles>
      <title> CC 321 - ABRIGO SEGURO</title>
    </titles>
    <authors>
      <author>CANTOR CRISTÃO</author>
    </authors>
  </properties>
  <lyrics>
    <verse name="v1">
      <lines>CONFIO SÓ EM TI, JESUS, MEU SALVADOR;<br/>EM QUEM, SENÃO EM TI, DESCANSAREI, SENHOR?<br/>É SÓ NO TEU EXCELSO AMOR<br/>QUE TENHO ABRIGO, Ó MEU SENHOR!</lines>
    </verse>
    <verse name="v2">
      <lines>EU POBRE ESCRAVO FUI, MAS TU, Ó MEU JESUS,<br/>DO JUGO QUE SENTI LIVRASTE-ME NA CRUZ;<br/>E, PRESO PELO TEU AMOR,<br/>AGORA SIRVO A TI, SENHOR!</lines>
    </verse>
    <verse name="v3">
      <lines>O DIA ALEGRE VEM, O AMADO VOLTARÁ,<br/>E ENTÃO A VIDA ALÉM MINHA ALMA GOZARÁ;<br/>EU COM JESUS DESCANSAREI,<br/>E SEU LOUVOR ENTOAREI.</lines>
    </verse>
  </lyrics>
</song>
