<?xml version='1.0' encoding='UTF-8'?>
<song xmlns="http://openlyrics.info/namespace/2009/song" version="0.8" createdIn="OpenLP 2.2.1" modifiedIn="OpenLP 2.2.1" modifiedDate="2016-02-21T21:43:57">
  <properties>
    <titles>
      <title> CC 336 - FONTE DE CONSOLAÇÃO</title>
    </titles>
    <authors>
      <author>CANTOR CRISTÃO</author>
    </authors>
  </properties>
  <lyrics>
    <verse name="v1">
      <lines>ALMA, QUE AFLITA ESTÁS, DEUS, PAI BONDOSO,<br/>EM COMPAIXÃO E AMOR, TEM O PODER<br/>DE TE LIVRAR DO MAL E DAR-TE GOZO,<br/>E SEM DEMORA EM JESUS TE ESCONDER.</lines>
    </verse>
    <verse name="v2">
      <lines>Ó MEU IRMÃO, SE TENS GRANDES TORMENTOS,<br/>LEMBRA-TE, ENTÃO, DE DEUS, TEU PROTETOR;<br/>ELE TE LIVRARÁ DESSES LAMENTOS;<br/>SÓ ELE PODE SARAR TUA DOR.</lines>
    </verse>
    <verse name="v3">
      <lines>SE PESAROSO ESTÁS EM TUA VIDA,<br/>BUSCA O TEU SALVADOR, CRISTO JESUS.<br/>ELE COM MUITO AMOR JÁ TE CONVIDA,<br/>CRISTO TE AJUDA A LEVAR TUA CRUZ.</lines>
    </verse>
    <verse name="v4">
      <lines>OH, QUE CONSOLAÇÃO TEMOS EM CRISTO,<br/>POIS DA TRISTEZA DEUS NOS LIVRARÁ!<br/>SEMPRE SUSTENTA OS SEUS; SOMOS BENQUISTOS,<br/>ELE NOS AMA E NOS PROTEGERÁ.</lines>
    </verse>
  </lyrics>
</song>
