<?xml version='1.0' encoding='UTF-8'?>
<song xmlns="http://openlyrics.info/namespace/2009/song" version="0.8" createdIn="OpenLP 2.2.1" modifiedIn="OpenLP 2.2.1" modifiedDate="2016-02-21T21:43:56">
  <properties>
    <titles>
      <title> CC 331 - GLÓRIA NO PORVIR</title>
    </titles>
    <authors>
      <author>CANTOR CRISTÃO</author>
    </authors>
  </properties>
  <lyrics>
    <verse name="v1">
      <lines>TEMOS SOMBRAS NESTE VALE,<br/>EM QUE ESTAMOS A PASSAR;<br/>MAS DAS ÁGUAS CRISTALINAS<br/>JÁ SE VÊ O MARULHAR.<br/>EIS QUE O BOM PASTOR SEGREDA,<br/>AJUDANDO A PROSSEGUIR:<br/>HÁ, SIM, SOMBRAS NESTE VALE,<br/>MAS HÁ GLÓRIA NO PORVIR.</lines>
    </verse>
    <verse name="v2">
      <lines>GLÓRIA NO PORVIR!<br/>   GLÓRIA ETERNA NO PORVIR!<br/>   HÁ, SIM, SOMBRAS NESTE VALE,<br/>   MAS HÁ GLÓRIA NO PORVIR.</lines>
    </verse>
    <verse name="v3">
      <lines>TEMOS SOMBRAS NESTE VALE,<br/>MAS FRAGRÂNCIAS AO DERREDOR;<br/>POIS AS ROSAS DA MONTANHA<br/>NOS TRANSMITEM SEI OLOR.<br/>O BOM MESTRE NOS ANIMA<br/>NA SUBIDA A PROSSEGUIR:<br/>HÁ, SIM, SOMBRAS NESTE VALE,<br/>MAS HÁ GLÓRIA NO PORVIR.</lines>
    </verse>
    <verse name="v4">
      <lines>MAS AS SOMBRAS DESTE VALE,<br/>DE UMA VEZ SE DESFARÃO,<br/>COM A VINDA MUI GLORIOSA<br/>DO SENHOR DA CRIAÇÃO.<br/> EIA, POIS, Ó VÓS, REMIDOS,<br/>ESCUTAI-O A REPETIR:<br/>HÁ, SIM, SOMBRAS NESTE VALE,<br/>MAS HÁ GLÓRIA NO PORVIR.</lines>
    </verse>
  </lyrics>
</song>
