<?xml version='1.0' encoding='UTF-8'?>
<song xmlns="http://openlyrics.info/namespace/2009/song" version="0.8" createdIn="OpenLP 2.2.1" modifiedIn="OpenLP 2.2.1" modifiedDate="2016-10-02T12:43:22">
  <properties>
    <titles>
      <title> CC 362 - NUNCA SOZINHO</title>
    </titles>
    <verseOrder>v1 c1 v3 c1 v4 c1</verseOrder>
    <authors>
      <author>CANTOR CRISTÃO</author>
    </authors>
  </properties>
  <lyrics>
    <verse name="v1">
      <lines>NESTE MUNDO SOZINHO<br/>NÃO QUERO NEM POSSO AVANÇAR,<br/>POIS EU SOU TÃO FRAQUINHO,<br/>NUNCA ME POSSO GUARDAR;<br/>MAS JESUS VAI COMIGO,<br/>SEMPRE PRONTO A SALVAR,<br/>POIS ELE MESMO PROMETE<br/>QUE NUNCA IRÁ ME DEIXAR.</lines>
    </verse>
    <verse name="c1">
      <lines>NUNCA ME DEIXAR!<br/>   NUNCA ME DEIXAR!           (BIS)<br/>   POIS ELE MESMO PROMETE<br/>   NUNCA ME DEIXAR!</lines>
    </verse>
    <verse name="v3">
      <lines>INIMIGOS MUI FORTES<br/>PROCURAM MINHA ALMA PERDER;<br/>E SE SOZINHO ANDASSE,<br/>QUE PODERIA FAZER?<br/>COM JESUS A MEU LADO,<br/>POSSO ALEGRE AVANÇAR,<br/>POIS ELE MESMO PROMETE<br/>QUE NUNCA IRÁ ME DEIXAR.</lines>
    </verse>
    <verse name="v4">
      <lines>NAS TRISTEZAS DA VIDA,<br/>NAS DORES E NAS AFLIÇÕES,<br/>E NO LIDAR DO DIA,<br/>VINDO QUAISQUER TENTAÇÕES,<br/>CRISTO SEMPRE COMIGO<br/>ANDA PRA ME LIVRAR,<br/>POIS ELE MESMO PROMETE<br/>QUE NUNCA IRÁ ME DEIXAR.</lines>
    </verse>
  </lyrics>
</song>
