<?xml version='1.0' encoding='UTF-8'?>
<song xmlns="http://openlyrics.info/namespace/2009/song" version="0.8" createdIn="OpenLP 2.2.1" modifiedIn="OpenLP 2.2.1" modifiedDate="2017-01-22T13:53:05">
  <properties>
    <titles>
      <title> CC 328 - SOSSEGAI</title>
    </titles>
    <verseOrder>v1 c1 v2 c1 v3 c2</verseOrder>
    <authors>
      <author>CANTOR CRISTÃO</author>
    </authors>
  </properties>
  <lyrics>
    <verse name="v1">
      <lines>Ó MESTRE, O MAR SE REVOLTA,<br/>AS ONDAS NÃO DÃO PAVOR;<br/>O CÉU SE REVESTE DE TREVAS,<br/>NÃO SE TE DÁ QUE MORRAMOS?<br/>PODES ASSIM DORMIR,<br/>SE A CADA MOMENTO NOS VEMOS,<br/>SIM, PRESTES A SUBMERGIR?</lines>
    </verse>
    <verse name="v2">
      <lines>MESTRE, NA MINHA TRISTEZA<br/>ESTOU QUASE A SUCUMBIR;<br/>A DOR QUE PERTUBA MINHA ALMA,<br/>EU PEÇO-TE, VEM BANIR!<br/>DE ONDAS DO MAL QUE ME ENCOBREM,<br/>QUEM ME FARÁ SAIR?<br/>PEREÇO SEM TI, Ó MEU MESTRE!<br/>VEM LOGO, VEM ME ACUDIR!</lines>
    </verse>
    <verse name="v3">
      <lines>MESTRE, CHEGOU A BONANÇA,<br/>EM PAZ EIS O CÉU E O MAR!<br/>O MEU CORAÇÃO GOZA CALMA,<br/>QUE NÃO PODERÁ FINDAR.<br/>FICA COMIGO, Ó MEU MESTRE,<br/>DONO DA TERRA E CÉU,<br/>E ASSIM CHEGAREI BEM SEGURO<br/>AO PORTO, DESTINO MEU.</lines>
    </verse>
    <verse name="c1">
      <lines>AS ONDAS ATENDEM AO MEU MANDAR:<br/>SOSSEGAI!  SEJA O ENCAPELADO MAR,<br/>A IRA DOS HOMENS, O GÊNIO DO MAL,<br/>TAIS ÁGUAS NÃO PODEM A NAU TRAGAR,<br/>QUE LEVA O SENHOR, REI DO CÉU E MAR,<br/>POIS TODOS OUVEM O MEU MANDAR:<br/>SOSSEGAI!  SOSSEGAI!<br/>CONVOSCO ESTOU PARA VOS SALVAR;<br/>SIM, SOSSEGAI!</lines>
    </verse>
    <verse name="c2">
      <lines>AS ONDAS ATENDEM AO MEU MANDAR:<br/>SOSSEGAI!  SEJA O ENCAPELADO MAR,<br/>A IRA DOS HOMENS, O GÊNIO DO MAL,<br/>TAIS ÁGUAS NÃO PODEM A NAU TRAGAR,<br/>QUE LEVA O SENHOR, REI DO CÉU E MAR,<br/>POIS TODOS OUVEM O MEU MANDAR:<br/>SOSSEGAI!  SOSSEGAI!<br/>CONVOSCO ESTOU PARA VOS SALVAR;<br/>SIM, SOSSEGAI!!!</lines>
    </verse>
  </lyrics>
</song>
