<?xml version='1.0' encoding='UTF-8'?>
<song xmlns="http://openlyrics.info/namespace/2009/song" version="0.8" createdIn="OpenLP 2.2.1" modifiedIn="OpenLP 2.2.1" modifiedDate="2016-02-21T21:44:04">
  <properties>
    <titles>
      <title> CC 381 - AMOR FRATERNAL</title>
    </titles>
    <authors>
      <author>CANTOR CRISTÃO</author>
    </authors>
  </properties>
  <lyrics>
    <verse name="v1">
      <lines>JESUS, PASTOR AMADO,<br/>CONTEMPLA-NOS AQUI;<br/>CONCEDE QUE SEJAMOS<br/>UM CORPO SÓ EM TI.<br/>CONTENDAS E MALÍCIAS<br/>QUE LONGE DE NÓS VÃO!<br/>NENHUM DESGOSTO IMPEÇA<br/>A NOSSA COMUNHÃO.</lines>
    </verse>
    <verse name="v2">
      <lines>POIS SENDO RESGATADOS<br/>POR UM SÓ SALVADOR,<br/>DEVEMOS SER UNIDOS<br/>POR UM MAIS FORTE AMOR;<br/>OLHAR COM SIMPATIA<br/>OS ERROS DE UM IRMÃO,<br/>E TODOS AJUDÁ-LO<br/>COM BRANDA COMPAIXÃO.</lines>
    </verse>
    <verse name="v3">
      <lines>JESUS, SUAVE E MEIGO,<br/>ENSINA-NOS A AMAR,<br/>E COMO TU SEJAMOS<br/>TAMBÉM NO PERDOAR!<br/>AH, QUANTO CARECEMOS<br/>DE AUXÍLIO DO SENHOR!<br/>UNIDOS SUPLIQUEMOS<br/>A DEUS POR ESSE AMOR!</lines>
    </verse>
    <verse name="v4">
      <lines>SE TUA IGREJA TODA<br/>ANDAR EM SANTA UNIÃO,<br/>ENTÃO SERÁ BENDITO<br/>O NOME DE CRISTÃO;<br/>ASSIM O QUE PEDISTE<br/>EM NÓS SE CUMPRIRÁ,<br/>E TODO O MUNDO INTEIRO<br/>A TI CONHECERÁ.</lines>
    </verse>
  </lyrics>
</song>
