<?xml version='1.0' encoding='UTF-8'?>
<song xmlns="http://openlyrics.info/namespace/2009/song" version="0.8" createdIn="OpenLP 2.2.1" modifiedIn="OpenLP 2.2.1" modifiedDate="2016-02-21T21:44:01">
  <properties>
    <titles>
      <title> CC 359 - JESUS COMO GUIA</title>
    </titles>
    <authors>
      <author>CANTOR CRISTÃO</author>
    </authors>
  </properties>
  <lyrics>
    <verse name="v1">
      <lines>JESUS ME GUIA, QUE PRAZER!<br/>PALAVRA DE CONSOLAÇÃO!<br/>EM TODO TRANSE EM QUE ESTIVER,<br/>ME GUIA SEMPRE A SUA MÃO.</lines>
    </verse>
    <verse name="v2">
      <lines>ÀS VEZES, QUANDO EM AFLIÇÕES,<br/>NO MEIO DE PERIGO E DOR,<br/>POR ÁGUA MANSA OU BRAVO MAR,<br/>ME GUIA A MÃO DO MEU SENHOR.</lines>
    </verse>
    <verse name="v3">
      <lines>AJUDA-ME A NÃO MURMURAR,<br/>QUALQUER QUE FOR A CONDIÇÃO;<br/>CONTENTE VOU, POIS GUIARÁS<br/>POR TUA MUI BONDOSA MÃO.</lines>
    </verse>
    <verse name="v4">
      <lines>E QUANDO A MORTE A MIM VIER<br/>E A MINHA VIDA AQUI CEIFAR,<br/>POR TI GUARDADO, MEU SENHOR,<br/>CONTIGO ESPERO ENTÃO MORAR.</lines>
    </verse>
    <verse name="v5">
      <lines>JESUS ME GUIA, QUE PRAZER!<br/>   É SUA MÃO QUE ME CONDUZ.<br/>   EM CADA PASSO ME É MISTER<br/>   QUE ME DIRIJA MEU JESUS.</lines>
    </verse>
  </lyrics>
</song>
