<?xml version='1.0' encoding='UTF-8'?>
<song xmlns="http://openlyrics.info/namespace/2009/song" version="0.8" createdIn="OpenLP 2.2.1" modifiedIn="OpenLP 2.2.1" modifiedDate="2016-02-21T21:44:04">
  <properties>
    <titles>
      <title> CC 378 - JÁ CERTO ESTOU</title>
    </titles>
    <authors>
      <author>CANTOR CRISTÃO</author>
    </authors>
  </properties>
  <lyrics>
    <verse name="v1">
      <lines>JÁ CERTO ESTOU, SIM, CERTO ESTOU<br/>QUE CRISTO TEM AMOR POR MIM.<br/>JÁ CERTO ESTOU, SIM, CERTO ESTOU<br/>QUE CRISTO SALVA A MIM.</lines>
    </verse>
    <verse name="v2">
      <lines>JÁ CERTO ESTOU, SIM, CERTO ESTOU:<br/>JESUS MORREU, MORREU POR MIM.<br/>JÁ CERTO ESTOU, SIM, CERTO ESTOU:<br/>JESUS MORREU POR MIM.</lines>
    </verse>
    <verse name="v3">
      <lines>JÁ SALVO ESTOU POR MEU JESUS,<br/>POIS PADECEU NA CRUZ POR MIM;<br/>JÁ SALVO ESTOU POR MEU JESUS,<br/>POIS PADECEU POR MIM.</lines>
    </verse>
  </lyrics>
</song>
