<?xml version='1.0' encoding='UTF-8'?>
<song xmlns="http://openlyrics.info/namespace/2009/song" version="0.8" createdIn="OpenLP 2.2.1" modifiedIn="OpenLP 2.2.1" modifiedDate="2016-02-21T21:44:01">
  <properties>
    <titles>
      <title> CC 361 - POR MIM</title>
    </titles>
    <authors>
      <author>CANTOR CRISTÃO</author>
    </authors>
  </properties>
  <lyrics>
    <verse name="v1">
      <lines>SALVAÇÃO JESUS ME DÁ;<br/>COM AMOR ME GUIARÁ;<br/>PARA O CÉU ME LEVARÁ!<br/>TU NÃO QUERES A CRISTO SEGUIR?</lines>
    </verse>
    <verse name="v2">
      <lines>QUE PODER ME DÁ JESUS<br/>PARA ANDAR EM SUA LUZ<br/>E LEVAR A MINHA CRUZ!<br/>TU NÃO QUERES A CRISTO SEGUIR?</lines>
    </verse>
    <verse name="v3">
      <lines>CRISTO JÁ POR MIM MORREU;<br/>SUA GRAÇA CONCEDEU;<br/>E POR MIM NA CRUZ VENCEU.<br/>TU NÃO QUERES A CRISTO SEGUIR?</lines>
    </verse>
    <verse name="v4">
      <lines>EU NO CÉU IREI MORAR;<br/>COM OS ANJOS VOU CANTAR;<br/>A JESUS IREI LOUVAR.<br/>TU NÃO QUERES A CRISTO SEGUIR?</lines>
    </verse>
    <verse name="v5">
      <lines>CRISTO JESUS, MEU SALVADOR,<br/>   VELA POR MIM, VELA POR MIM,<br/>   CRISTO JESUS, MEU SALVADOR,<br/>   TUDO O QUE É BOM FARÁ POR MIM.</lines>
    </verse>
  </lyrics>
</song>
