<?xml version='1.0' encoding='UTF-8'?>
<song xmlns="http://openlyrics.info/namespace/2009/song" version="0.8" createdIn="OpenLP 2.2.1" modifiedIn="OpenLP 2.2.1" modifiedDate="2016-02-21T21:43:52">
  <properties>
    <titles>
      <title> CC 306 - O CAMINHO DA CRUZ</title>
    </titles>
    <verseOrder>v1 v2 v3 v2 v4 v2</verseOrder>
    <authors>
      <author>CANTOR CRISTÃO</author>
    </authors>
  </properties>
  <lyrics>
    <verse name="v1">
      <lines>FOI JESUS QUE ABRIU O CAMINHO PRA O CÉU;<br/>NÃO HÁ OUTRO MEIO DE IR.<br/>NUNCA IREI ENTRAR NO CELESTE LAR<br/>SE O CAMINHO DA CRUZ ERRAR.</lines>
    </verse>
    <verse name="v2">
      <lines>PARA O CÉU POR JESUS IREI,<br/>   PARA O CÉU POR JESUS IREI;<br/>   GRANDE É O MEU PRAZER<br/>   DE CERTEZA TER:<br/>   PARA O CÉU PELA CRUZ IREI.</lines>
    </verse>
    <verse name="v3">
      <lines>CERTAMENTE EU VOU NO CAMINHO DA CRUZ<br/>COM RESOLUÇÃO ANDAR.<br/>É DESEJO MEU DE GOZAR NO CÉU<br/>ESSA HERANÇA QUE CRISTO DEU.</lines>
    </verse>
    <verse name="v4">
      <lines>OS CAMINHOS ÍMPIOS DO MUNDO DEIXEI;<br/>JAMAIS NELES VOU SEGUIR;<br/>SIGO, POIS, JESUS, COM A MINHA CRUZ,<br/>NO CAMINHO QUE AO CÉU CONDUZ.</lines>
    </verse>
  </lyrics>
</song>
