<?xml version='1.0' encoding='UTF-8'?>
<song xmlns="http://openlyrics.info/namespace/2009/song" version="0.8" createdIn="OpenLP 2.2.1" modifiedIn="OpenLP 2.2.1" modifiedDate="2016-02-21T21:44:06">
  <properties>
    <titles>
      <title> CC 393 - CRISTO PRA MIM</title>
    </titles>
    <authors>
      <author>CANTOR CRISTÃO</author>
    </authors>
  </properties>
  <lyrics>
    <verse name="v1">
      <lines>OH, QUE DESCANSO EM JESUS ENCONTREI!<br/>CRISTO PRA MIM!  CRISTO PRA MIM!<br/>OH, QUE TESOUROS INFINDOS ACHEI!<br/>CRISTO PRA MIM!  CRISTO PRA MIM!<br/>QUE OUTROS ESCOLHAM O MUNDO PRA SI,<br/>QUEIRAM RIQUEZAS, DELÍCIAS, AQUI;<br/>EU BUSCAREI, Ó JESUS, SEMPRE A TI.<br/>CRISTO PRA MIM!  CRISTO PRA MIM!</lines>
    </verse>
    <verse name="v2">
      <lines>QUER NA AFLIÇÃO, NA DOENÇA OU NA DOR:<br/>CRISTO PRA MIM!  CRISTO PRA MIM!<br/>QUER NA SAÚDE, NA FORÇA OU VIGOR:<br/>CRISTO PRA MIM!  CRISTO PRA MIM!<br/>SEMPRE AO MEU LADO, PRA ME SOCORRER<br/>COM SEU AMOR, SIM, E COM SEU PODER;<br/>EM CADA TRANSE PRONTO A ME VALER!<br/>CRISTO PRA MIM!  CRISTO PRA MIM!</lines>
    </verse>
    <verse name="v3">
      <lines>NO DIA AMARGO DA PERSEGUIÇÃO:<br/>CRISTO PRA MIM!  CRISTO PRA MIM!<br/>NAS DURAS PROVAS E NA TENTAÇÃO:<br/>CRISTO PRA MIM!  CRISTO PRA MIM!<br/>ELE NA CRUZ O PECADO VENCEU,<br/>QUANDO POR MIM NO CALVÁRIO MORREU,<br/>E DA VITÓRIA A CERTEZA ME DEU;<br/>CRISTO PRA MIM!  CRISTO PRA MIM!</lines>
    </verse>
    <verse name="v4">
      <lines>QUANDO NO VALE DA MORTE EU ENTRAR:<br/>CRISTO PRA MIM!  CRISTO PRA MIM!<br/>QUANDO PERANTE MEU DEUS ME ENCONTRAR:<br/>CRISTO PRA MIM!  CRISTO PRA MIM!<br/>SÓ NO TEU SANGUE CONFIO, SENHOR!<br/>SÓ NO TEU SEMPRE IMUTÁVEL AMOR!<br/>INDA OUTRA VEZ CANTAREI, SALVADOR:<br/>CRISTO PRA MIM!  CRISTO PRA MIM!</lines>
    </verse>
  </lyrics>
</song>
