<?xml version='1.0' encoding='UTF-8'?>
<song xmlns="http://openlyrics.info/namespace/2009/song" version="0.8" createdIn="OpenLP 2.2.1" modifiedIn="OpenLP 2.2.1" modifiedDate="2016-02-21T21:43:59">
  <properties>
    <titles>
      <title> CC 346 - MEU DEUS PROVERÁ</title>
    </titles>
    <authors>
      <author>CANTOR CRISTÃO</author>
    </authors>
  </properties>
  <lyrics>
    <verse name="v1">
      <lines>NA FORTE AFLIÇÃO, NOS PERIGOS E DOR,<br/>NA VIL TRAIÇÃO E NO NEGRO TERROR,<br/>COM TODA A CERTEZA VITÓRIA VIRÁ;<br/>É FIRME A PROMESSA:<br/>"MEU DEUS PROVERÁ,"<br/>"MEU DEUS PROVERÁ,<br/>MEU DEUS PROVERÁ."<br/>É FIRME A PROMESSA:<br/>"MEU DEUS PROVERÁ."</lines>
    </verse>
    <verse name="v2">
      <lines>ÀS AVES DO CÉU DÁ SUSTENTO O BOM DEUS,<br/>E COM MAIS PRAZER ELE CUIDA DOS SEUS,<br/>POIS, NADA DE BOM AOS FIÉIS FALTARÁ;<br/>QUE GRANDE VERDADE: "MEU DEUS PROVERÁ,<br/>MEU DEUS PROVERÁ,<br/>MEU DEUS PROVERÁ."<br/>QUE GRANDE VERDADE: "MEU DEUS PROVERÁ."</lines>
    </verse>
    <verse name="v3">
      <lines>SE VEM SATANÁS E NOS QUER ASSUSTAR<br/>COM MEDO FALAZ PARA A FÉ NOS TIRAR,<br/>NÃO PODE; QUE É NOSSA E PRA SEMPRE SERÁ<br/>A RICA PROMESSA: "MEU DEUS PROVERÁ,<br/>MEU DEUS PROVERÁ,<br/>MEU DEUS PROVERÁ."<br/>A RICA PROMESSA: "MEU DEUS PROVERÁ."</lines>
    </verse>
    <verse name="v4">
      <lines>A NOSSA VIRTUDE ELE PODE AUMENTAR;<br/>JESUS NOS AJUDA A VITÓRIA A GANHAR;<br/>DO VIL INIMIGO NOS ESCONDERÁ;<br/>COM GRANDE LARGUEZA: "MEU DEUS PROVERÁ,<br/>MEU DEUS PROVERÁ,<br/>MEU DEUS PROVERÁ."<br/>COM GRANDE LARGUEZA: "MEU DEUS PROVERÁ."</lines>
    </verse>
    <verse name="v5">
      <lines>NA HORA FINAL, QUANDO A MORTE CHEGAR,<br/>A VOZ DO SENHOR SÓ NOS HÁ DE ALEGRAR;<br/>E MESMO NA MORTE EU HEI DE CANTAR<br/>COM PLENA CERTEZA: "MEU DEUS PROVERÁ,<br/>MEU DEUS PROVERÁ,<br/>MEU DEUS PROVERÁ."<br/>COM PLENA CERTEZA: "MEU DEUS PROVERÁ."</lines>
    </verse>
  </lyrics>
</song>
