<?xml version='1.0' encoding='UTF-8'?>
<song xmlns="http://openlyrics.info/namespace/2009/song" version="0.8" createdIn="OpenLP 2.2.1" modifiedIn="OpenLP 2.2.1" modifiedDate="2016-09-25T13:00:42">
  <properties>
    <titles>
      <title> CC 380 - AMOR</title>
    </titles>
    <authors>
      <author>CANTOR CRISTÃO</author>
    </authors>
  </properties>
  <lyrics>
    <verse name="v1">
      <lines>QUAL O ADORNO DESTA VIDA? É O AMOR. É O AMOR.<br/>ALEGRIA É CONCEDIDA PELO AMOR. PELO AMOR.<br/>É BENIGNO, É PACIENTE,<br/>NÃO SE TORNA MALDIZENTE<br/>NÃO SE TORNA MALDIZENTE<br/>ESTE MEIGO AMOR.</lines>
    </verse>
    <verse name="v2">
      <lines>COM SUSPEITAS NÃO SE ALCANÇA DOCE AMOR, DOCE AMOR<br/>ONDE HOUVER DESCONFIANÇA, AI DO AMOR, AI DO AMOR<br/>POIS MOSTREMOS TOLERÂNCIA;<br/>MUITAS VEZES A ARROGÂNCIA<br/>MUITAS VEZES A ARROGÂNCIA<br/>MURCHA E MATA O AMOR.</lines>
    </verse>
    <verse name="v3">
      <lines>INDA QUANDO FOR CUSTOSO, NUTRE AMOR, NUTRE AMOR<br/>AO IRADO E MUI FURIOSO MOSTRA AMOR, MOSTRA AMOR<br/>NÃO TE DÊS POR INSULTADO,<br/>MAS RESPONDE COM AGRADO,<br/>MAS RESPONDE COM AGRADO,<br/>VENCE PELO AMOR.</lines>
    </verse>
    <verse name="v4">
      <lines>NÃO TE IRRITES, MAS TOLERA, COM AMOR, COM AMOR.<br/>TUDO SOFRE, TUDO ESPERA PELO AMOR, PELO AMOR.<br/>DESAVENÇAS E RANCORES<br/>NÃO CONVÉM A PECADORES<br/>NÃO CONVÉM A PECADORES<br/>SALVOS PELO AMOR.</lines>
    </verse>
    <verse name="v5">
      <lines>POIS, IRMÃO, AO TEU VIZINHO MOSTRA AMOR, MOSTRA AMOR.<br/>O VALOR NÃO É MESQUINHO DESTE AMOR, DESTE AMOR<br/>O SUPREMO DEUS NOS AMA,<br/>CRISTO PARA OS CÉUS NOS CHAMA,<br/>CRISTO PARA OS CÉUS NOS CHAMA,<br/>ONDE REINA O AMOR.</lines>
    </verse>
  </lyrics>
</song>
