<?xml version='1.0' encoding='UTF-8'?>
<song xmlns="http://openlyrics.info/namespace/2009/song" version="0.8" createdIn="OpenLP 2.2.1" modifiedIn="OpenLP 2.2.1" modifiedDate="2016-10-30T21:44:53">
  <properties>
    <titles>
      <title> CC 403 - ALEGRE</title>
    </titles>
    <verseOrder>v1 c1 v2 c1 v3 c1 v4 c1</verseOrder>
    <authors>
      <author>CANTOR CRISTÃO</author>
    </authors>
  </properties>
  <lyrics>
    <verse name="v1">
      <lines>PERDIDO ANDEI NA ESCURIDÃO,<br/>MAS CRISTO ME ENCONTROU,<br/>E COM A LUZ DO SEU AMOR<br/>AS TREVAS DISSIPOU.</lines>
    </verse>
    <verse name="v2">
      <lines>NO CASO DE SE ESCURECER<br/>DE NUVENS TODO O CÉU,<br/>JESUS, BENDITO SALVADOR,<br/>É LUZ QUE RASGA O VÉU!</lines>
    </verse>
    <verse name="v3">
      <lines>ANDANDO ESTOU NA LUZ DE DEUS,<br/>QUE DOCE COMUNHÃO!<br/>PROSSIGO SEMPRE COM VIGOR,<br/>DEIXANDO O MUNDO VÃO.</lines>
    </verse>
    <verse name="v4">
      <lines>LÁ, FACE A FACE, ENTÃO VEREI<br/>JESUS, O SALVADOR,<br/>O QUAL A SUA VIDA DEU<br/>POR MIM, VIL PECADOR.</lines>
    </verse>
    <verse name="c1">
      <lines>EU ALEGRE VOU NA SUA LUZ,<br/>   POIS JESUS AGORA ME CONDUZ.<br/>   DESDE QUE ME ACHOU<br/>   DA MORTE ME LIVROU;<br/>   ANDO SEMPRE ALEGRE,<br/>   CRISTO ME SALVOU!</lines>
    </verse>
  </lyrics>
</song>
