<?xml version='1.0' encoding='UTF-8'?>
<song xmlns="http://openlyrics.info/namespace/2009/song" version="0.8" createdIn="OpenLP 2.2.1" modifiedIn="OpenLP 2.2.1" modifiedDate="2016-02-21T21:44:18">
  <properties>
    <titles>
      <title> CC 468 - TESTEMUNHAS</title>
    </titles>
    <authors>
      <author>CANTOR CRISTÃO</author>
    </authors>
  </properties>
  <lyrics>
    <verse name="v1">
      <lines>EIA, CRENTES DESTEMIDOS!<br/>DA VERDADE CONVENCIDOS,<br/>PARA A LUTA APERCEBIDOS,<br/>NO COMBATE ENTRAI!<br/>EIS QUE SURGEM, ALEIVOSOS,<br/>ERROS GRANDES, PERNICIOSOS;<br/>NESTES TEMPOS PERIGOSOS,<br/>VOSSA FÉ MOSTRAI!<br/>O DEVER VOS CHAMA.<br/>VOSSO DEUS PROCLAMA<br/>A SANTA LEI DE CRISTO REI,<br/>QUE VOSSO ARDOR RECLAMA.<br/>CONFESSAI, POIS, RESOLUTOS,<br/>FERVOROSOS, INCORRUPTOS,<br/>E COM LÁBIOS IMPOLUTOS:<br/>DEUS, VERDADE E FÉ!</lines>
    </verse>
    <verse name="v2">
      <lines>VÓS, POR CRISTO LIBERTADOS,<br/>NÃO SEJAIS ESCRAVIZADOS!<br/>OS DIREITOS ALCANÇADOS<br/>FIRMES CONSERVAI!<br/>SALVAÇÃO POR HOMENS DADA,<br/>PAZ FINGIDA, PAZ COMPRADA,<br/>LEI DE DEUS FALSIFICADA,<br/>TUDO REJEITAI!<br/>LEI DE DEUS NÃO MUDA.<br/>O SENHOR AJUDA<br/>AO QUE A CUMPRIR SEM DESISTIR,<br/>E SEU PRECEITO ESTUDA.<br/>AVANÇAI, POIS, EXULTANDO,<br/>SEMPRE EM CRISTO CONFIANDO,<br/>VOSSO TESTEMUNHO DANDO:<br/>DEUS, VERDADE E FÉ!</lines>
    </verse>
  </lyrics>
</song>
