<?xml version='1.0' encoding='UTF-8'?>
<song xmlns="http://openlyrics.info/namespace/2009/song" version="0.8" createdIn="OpenLP 2.2.1" modifiedIn="OpenLP 2.2.1" modifiedDate="2016-02-21T21:44:19">
  <properties>
    <titles>
      <title> CC 473 - FIRMES NA FÉ</title>
    </titles>
    <verseOrder>v1 v2 v3 v2 v4 v2 v5 v2</verseOrder>
    <authors>
      <author>CANTOR CRISTÃO</author>
    </authors>
  </properties>
  <lyrics>
    <verse name="v1">
      <lines>CAMPEÕES DA PELEJA SAGRADA<br/>O CLARIM CHAMA A<br/>LUTA OS FIÉIS!<br/>VAMOS NÓS NESSA ARENA BENDITA<br/>CONQUISTAR OS CELESTE LAURÉIS!</lines>
    </verse>
    <verse name="v2">
      <lines>VAMOS JÁ, COM JESUS,<br/>ARVORANDO O GLORIOSO PENDÃO!<br/>CONTRA AS TREVAS LUTEMOS COM DEUS,<br/>SEMPRE JUNTOS DO BOM CAPITÃO!</lines>
    </verse>
    <verse name="v3">
      <lines>SIM, A LUTA DO BEM É SUPREMA,<br/>QUANDO, SOB O COMANDO DE DEUS,<br/>A VITÓRIA É COMPLETA E SEGURA,<br/>PORQUE TEMOS A AJUDA DOS CÉUS.</lines>
    </verse>
    <verse name="v4">
      <lines>SE O LABOR DESTA CAUSA ALTANEIRA,<br/>TEM ESPINHOS QUE PODEM FERIR,<br/>É NOS CÉUS COMPENSADO MIL VEZES<br/>PELA PAZ DO CELESTE PORVIR.</lines>
    </verse>
    <verse name="v5">
      <lines>E SE O MUNDO ATEAR OS SEUS ÓDIOS<br/>CONTRA NÓS, COM MALDOSO DESDÉM,<br/>NÃO IMPORTA, ISSO NUNCA ENFRAQUECE<br/>OS HERÓIS DA CONQUISTA DO BEM.</lines>
    </verse>
  </lyrics>
</song>
