<?xml version='1.0' encoding='UTF-8'?>
<song xmlns="http://openlyrics.info/namespace/2009/song" version="0.8" createdIn="OpenLP 2.2.1" modifiedIn="OpenLP 2.2.1" modifiedDate="2016-11-13T13:33:14">
  <properties>
    <titles>
      <title> CC 476 - BRILHO CELESTE</title>
    </titles>
    <verseOrder>v1 v2 v3 v2 v4 v2</verseOrder>
    <authors>
      <author>CANTOR CRISTÃO</author>
    </authors>
  </properties>
  <lyrics>
    <verse name="v1">
      <lines>PEREGRINANDO VOU PELOS MONTES<br/>E PELOS VALES, SEMPRE NA LUZ!<br/>CRISTO PROMETE NUNCA DEIXAR-ME;<br/>"EIS-ME CONVOSCO", DISSE JESUS.</lines>
    </verse>
    <verse name="v2">
      <lines>BRILHO CELESTE! BRILHO CELESTE!<br/>ENCHE A MINHA ALMA A GLÓRIA DE DEUS!<br/>COM ALELUIAS, SIGO CANTANDO,<br/>CANTO LOUVORES, INDO PRA OS CÉUS!</lines>
    </verse>
    <verse name="v3">
      <lines>SOMBRAS À RODA, NUVENS EM CIMA<br/>O SALVADOR NÃO HÃO DE OCULTAR;<br/>ELE É A LUZ QUE NUNCA SE APAGA,<br/>JUNTO A SEU LADO SEMPRE HEI DE ANDAR.</lines>
    </verse>
    <verse name="v4">
      <lines>VÃO ME GUIANDO RAIOS BENDITOS,<br/>QUE ME CONDUZEM PARA A MANSÃO;<br/>MAIS E MAIS PERTO, O MESTRE SEGUINDO,<br/>CANTO OS LOUVORES DA SALVAÇÃO.</lines>
    </verse>
  </lyrics>
</song>
