<?xml version='1.0' encoding='UTF-8'?>
<song xmlns="http://openlyrics.info/namespace/2009/song" version="0.8" createdIn="OpenLP 2.2.1" modifiedIn="OpenLP 2.2.1" modifiedDate="2016-02-21T21:44:17">
  <properties>
    <titles>
      <title> CC 458 - CRISTO VOS CONDUZ</title>
    </titles>
    <authors>
      <author>CANTOR CRISTÃO</author>
    </authors>
  </properties>
  <lyrics>
    <verse name="v1">
      <lines>EIA, Ó SOLDADOS, CRENTES EM JESUS!<br/>IDE, AVANTE! À GUERRA CRISTO VOS CONDUZ.<br/>EIS QUE À VOSSA FRENTE VAI O GENERAL!<br/>IDE, POIS, AVANTE, CONTRA TODO O MAL.<br/>PRONTOS, Ó SOLDADOS, CRENTES EM JESUS!<br/>EIS QUE À VOSSA FRENTE CRISTO VOS CONDUZ.</lines>
    </verse>
    <verse name="v2">
      <lines>TENDO OS PÉS CALÇADOS DE DIVINA PAZ,<br/>PONDE A VESTE SANTA, ÚNICA E EFICAZ,<br/>E CINGI OS LOMBOS DE VERDADE E LUZ,<br/>PROTEGENDO O PEITO PELA FÉ NA CRUZ.<br/>PRONTOS, Ó SOLDADOS, CRENTES EM JESUS!<br/>CONTRA AS POTESTADES CRISTO VOS CONDUZ.</lines>
    </verse>
    <verse name="v3">
      <lines>CONTRA VÓS PELEJAM HOSTES INFERNAIS,<br/>MAS, EM VENDO A CRISTO, NÃO RESISTEM MAIS<br/>DE JESUS AO NOME, QUE LHES DÁ PAVOR.<br/>IDE AVANTE, Ó CRENTES, NÃO TENHAIS TEMOR.<br/>JUNTOS, Ó SOLDADOS, CRENTES EM JESUS!<br/>SEDE SEMPRE UNIDOS! CRISTO VOZ CONDUZ.</lines>
    </verse>
    <verse name="v4">
      <lines>DESTE MUNDO OS REINOS CAEM COMO A FLOR,<br/>MAS DE CRISTO A IGREJA DURA EM ESPLENDOR.<br/>ONDAS ÍMPIAS NUNCA PREVALECERÃO<br/>CONTRA A ROCHA VIVA, BASE DE SIÃO.<br/>FORTES, POIS, SOLDADOS, CRENTES EM JESUS!<br/>PARA A PÁTRIA ETERNA CRISTO VOS CONDUZ.</lines>
    </verse>
    <verse name="v5">
      <lines>IDE AVANTE, Ó CRENTES! NESTA VOCAÇÃO<br/>PELEJAI OUSADOS, SEMPRE EM ORAÇÃO.<br/>DECLARAI AO MUNDO: """"CRÊ E DEIXA O MAL,<br/>QUEM DESEJA A GLÓRIA, SIGA O GENERAL.""""<br/>SEDE, POIS, SOLDADOS, CRENTES EM JESUS!<br/>QUEM DESEJA A GLÓRIA TOME A SUA CRUZ.</lines>
    </verse>
  </lyrics>
</song>
