<?xml version='1.0' encoding='UTF-8'?>
<song xmlns="http://openlyrics.info/namespace/2009/song" version="0.8" createdIn="OpenLP 2.2.1" modifiedIn="OpenLP 2.2.1" modifiedDate="2016-02-21T21:44:16">
  <properties>
    <titles>
      <title> CC 453 - À PELEJA</title>
    </titles>
    <authors>
      <author>CANTOR CRISTÃO</author>
    </authors>
  </properties>
  <lyrics>
    <verse name="v1">
      <lines>SOIS VÓS, IRMÃOS, CAMPEÕES DA CRUZ?<br/>PARA A CAMPANHA VOS ALISTAI;<br/>IDE, BRIOSOS, LEVAR A LUZ;<br/>CHEIOS DE ARDOR, PELEJAI!</lines>
    </verse>
    <verse name="v2">
      <lines>OH, COM VALOR, IRMÃOS,<br/>   COMO LEAIS CRISTÃOS,<br/>   PELO MESTRE COMBATENDO,<br/>   NA PELEJA ENTRAI!</lines>
    </verse>
    <verse name="v3">
      <lines>QUANTOS PROCURAM VENCER O BEM<br/>COM SEMENTEIRAS DE JOIO VIL!<br/>SÃO INIMIGOS QUE COM DESDÉM<br/>MOVÉM-NOS GUERRA SUTIL!</lines>
    </verse>
    <verse name="v4">
      <lines>BEM PREPARADOS, OH, RESISTI<br/>COM A PALAVRA DE DEUS NA MÃO;<br/>PRA COMBATER CONTRA O MAL, SEGUI<br/>SEMPRE O FIEL CAPITÃO!</lines>
    </verse>
  </lyrics>
</song>
