<?xml version='1.0' encoding='UTF-8'?>
<song xmlns="http://openlyrics.info/namespace/2009/song" version="0.8" createdIn="OpenLP 2.2.1" modifiedIn="OpenLP 2.2.1" modifiedDate="2016-02-21T21:44:21">
  <properties>
    <titles>
      <title> CC 486 - DOCE PORVIR</title>
    </titles>
    <authors>
      <author>CANTOR CRISTÃO</author>
    </authors>
  </properties>
  <lyrics>
    <verse name="v1">
      <lines>APÓS AS LUTAS DESTA VIDA,<br/>COM O SENHOR EU ESTAREI;<br/>APÓS VITÓRIA DECIDIDA,<br/>COM O SENHOR EU ESTAREI.</lines>
    </verse>
    <verse name="v2">
      <lines>DOCE PORVIR, MEU DOCE LAR!<br/>   VEM, Ó SENHOR, SIM, VEM SEM DEMORA!</lines>
    </verse>
    <verse name="v3">
      <lines>DEPOIS DE DORES E GEMIDOS,<br/>COM O SENHOR EU ESTAREI;<br/>APÓS MEUS DIAS CONCLUÍDOS,<br/>NA COMPANHIA DOS REMIDOS,<br/>COM O SENHOR EU ESTAREI.</lines>
    </verse>
    <verse name="v4">
      <lines>DEPOIS DO TERMO DA JORNADA,<br/>COM O SENHOR EU ESTAREI;<br/>APÓS AS URZES DESTA ESTRADA,<br/>APÓS A VIDA ATRIBULADA.<br/>COM O SENHOR EU ESTAREI.</lines>
    </verse>
  </lyrics>
</song>
