<?xml version='1.0' encoding='UTF-8'?>
<song xmlns="http://openlyrics.info/namespace/2009/song" version="0.8" createdIn="OpenLP 2.2.1" modifiedIn="OpenLP 2.2.1" modifiedDate="2016-02-21T21:44:22">
  <properties>
    <titles>
      <title> CC 495 - REDENÇÃO</title>
    </titles>
    <authors>
      <author>CANTOR CRISTÃO</author>
    </authors>
  </properties>
  <lyrics>
    <verse name="v1">
      <lines>NÓS IREMOS COM CRISTO JESUS GOZAR<br/>UMA VIDA DE ETERNO PRAZER E AMOR,<br/>ONDE NUNCA PERIGO QUALQUER HÁ DE ENTRAR,<br/>VIDA GLORIOSA NA GRAÇA DO REDENTOR!</lines>
    </verse>
    <verse name="v2">
      <lines>SALVOS POR JESUS, CANTAREMOS NÓS NO CÉU:<br/>   GLÓRIA, GLÓRIA, PAZ, SALVAÇÃO DO SENHOR!<br/>   EIS QUE TODOS, ANJOS E SANTOS, SEM VÉU,<br/>   HEMOS DE O VER COROADO REI E DO CÉU SENHOR.</lines>
    </verse>
    <verse name="v3">
      <lines>TODOS NÓS, OS REMIDOS, COM GRATIDÃO,<br/>JUNTOS, NUM REGOZIJO ETERNAL COM DEUS,<br/>LOUVAREMOS A QUEM NOS DEU TAL SALVAÇÃO!<br/>SIM, AO CORDEIRO DE DEUS E SENHOR DOS CÉUS.</lines>
    </verse>
    <verse name="v4">
      <lines>OH, SIM, LIVROU-NOS DO JUSTO RIGOR DA LEI!<br/>PAZ, FAVOR, REDENÇÃO, ALEGRIA, AMOR,<br/>TUDO, TUDO NOS VEM, PELA MORTE NA CRUZ,<br/>DESSE CORDEIRO DE DEUS, DIVINAL SENHOR.</lines>
    </verse>
    <verse name="v5">
      <lines>PELA FÉ NO SENHOR RECEBEMOS PAZ,<br/>DOM GRACIOSO DE CRISTO JESUS, O REI.<br/>DEU-NOS, POIS, SALVAÇÃO, QUE É COMPLETA E VERAZ!<br/>OH, SIM, LIVROU-NOS DO JUSTO RIGOR DA LEI!</lines>
    </verse>
    <verse name="v6">
      <lines>TÃO ALEGRES SEREMOS NA VIDA ALI,<br/>POIS VEREMOS JESUS QUE NA CRUZ VENCEU!<br/>PROVAS ELE NOS DEU JÁ, POR TER VINDO AQUI,<br/>OH, QUE DITOSA ESPERANÇA DO POVO SEU!</lines>
    </verse>
  </lyrics>
</song>
