<?xml version='1.0' encoding='UTF-8'?>
<song xmlns="http://openlyrics.info/namespace/2009/song" version="0.8" createdIn="OpenLP 2.2.1" modifiedIn="OpenLP 2.2.1" modifiedDate="2016-02-21T21:44:20">
  <properties>
    <titles>
      <title> CC 479 - VOU À PÁTRIA</title>
    </titles>
    <authors>
      <author>CANTOR CRISTÃO</author>
    </authors>
  </properties>
  <lyrics>
    <verse name="v1">
      <lines>VOU À PÁTRIA, EU, PEREGRINO,<br/>A VIVER ETERNAMENTE COM JESUS,<br/>QUE ME MARCAVA FELIZ DESTINO<br/>NO DIA QUANDO POR MIM MORREU NA CRUZ.</lines>
    </verse>
    <verse name="v2">
      <lines>VOU À PÁTRIA, EU, PEREGRINO,     (BIS)<br/>   A VIVER ETERNAMENTE COM JESUS.</lines>
    </verse>
    <verse name="v3">
      <lines>DOR E PENA, TRISTEZA E MORTE<br/>NUNCA MAIS CONSEGUIRÃO FERIR-ME, LÁ,<br/>POIS JESUS CRISTO SERÁ MEU NORTE,<br/>E AO DEUS BENDITO MINHA ALMA LOUVARÁ.</lines>
    </verse>
    <verse name="v4">
      <lines>TERRA SANTA, FORMOSA E PURA,<br/>SALVO POR JESUS, EU CANTAREI EM TI;<br/>FELICIDADE, PAZ E DOÇURA,<br/>TEREI NA GLÓRIA! AH, QUANDO IREI DAQUI?</lines>
    </verse>
  </lyrics>
</song>
