<?xml version='1.0' encoding='UTF-8'?>
<song xmlns="http://openlyrics.info/namespace/2009/song" version="0.8" createdIn="OpenLP 2.2.1" modifiedIn="OpenLP 2.2.1" modifiedDate="2016-02-21T21:44:09">
  <properties>
    <titles>
      <title> CC 410 - FELICIDADE NO SERVIÇO</title>
    </titles>
    <authors>
      <author>CANTOR CRISTÃO</author>
    </authors>
  </properties>
  <lyrics>
    <verse name="v1">
      <lines>NO SERVIÇO DO MEU REI EU SOU FELIZ,<br/>SATISFEITO, ABENÇOADO;<br/>PROCLAMANDO DO MEU REI A SALVAÇÃO,<br/>NO SERVIÇO DO MEU REI.</lines>
    </verse>
    <verse name="v2">
      <lines>NO SERVIÇO DO MEU REI EU SOU FELIZ,<br/>OBEDIENTE E CORAJOSO;<br/>NA TRISTEZA OU NA ALEGRIA SEI SORRIR,<br/>NO SERVIÇO DO MEU REI.</lines>
    </verse>
    <verse name="v3">
      <lines>NO SERVIÇO DO MEU REI EU SOU FELIZ,<br/>JUBILOSO E CONSAGRADO;<br/>AO SEU LADO DESAFIO A TODO MAL,<br/>NO SERVIÇO DO MEU REI.</lines>
    </verse>
    <verse name="v4">
      <lines>NO SERVIÇO DO MEU REI EU SOU FELIZ,<br/>VENTUROSO E DECIDIDO;<br/>QUANTO TENHO NO SERVIÇO GASTAREI,<br/>NO SERVIÇO DO MEU REI.</lines>
    </verse>
    <verse name="v5">
      <lines>NO SERVIÇO DO MEU REI<br/>   MINHA VIDA EMPREGAREI;<br/>   GOZO, PAZ, FELICIDADE,<br/>   TEM QUEM SERVE A MEU BOM REI.</lines>
    </verse>
  </lyrics>
</song>
