<?xml version='1.0' encoding='UTF-8'?>
<song xmlns="http://openlyrics.info/namespace/2009/song" version="0.8" createdIn="OpenLP 2.2.1" modifiedIn="OpenLP 2.2.1" modifiedDate="2016-02-21T21:44:15">
  <properties>
    <titles>
      <title> CC 445 - DEVES DIVULGAR</title>
    </titles>
    <authors>
      <author>CANTOR CRISTÃO</author>
    </authors>
  </properties>
  <lyrics>
    <verse name="v1">
      <lines>OH, QUE BELA E DOCE HISTÓRIA<br/>DO BOM PAI CELESTIAL,<br/>QUE NOS VENDO EXTRAVIADOS,<br/>EM PERIGO SEM IGUAL,<br/>ENVIOU SEU FILHO AMADO<br/>PRA TODOS NÓS SALVAR!<br/>TÃO BELA HISTÓRIA, CRENTE,<br/>TU DEVES DIVULGAR!</lines>
    </verse>
    <verse name="v2">
      <lines>SIM, TU, IRMÃO, TENS QUE CONTAR<br/>   A HISTÓRIA DE JESUS;<br/>   SEUS FEITOS E PALAVRAS<br/>   TU DEVES DIVULGAR!</lines>
    </verse>
    <verse name="v3">
      <lines>ESTA BELA HISTÓRIA É SEMPRE<br/>PODEROSA PRA SALVAR,<br/>TRANSFORMANDO E ABENÇOANDO<br/>QUEM A CRISTO QUER CHEGAR.<br/>MAS HÁ MUITOS INFELIZES<br/>SEM COMPREENDER A LUZ;<br/>A ELES VAI E CONTA<br/>A HISTÓRIA DE JESUS!</lines>
    </verse>
    <verse name="v4">
      <lines>OH, NÃO DIGAS QUE NÃO PODES<br/>ESSA HISTÓRIA ANUNCIAR!<br/>FAZE TUDO AO TEU ALCANCE<br/>PARA CRISTO SEMPRE HONRAR!<br/>VAMOS, CRENTES, PROCLAMANDO<br/>JESUS, O SALVADOR<br/>A BELA E DOCE HISTÓRIA<br/>DE DEUS E SEU AMOR!</lines>
    </verse>
  </lyrics>
</song>
