<?xml version='1.0' encoding='UTF-8'?>
<song xmlns="http://openlyrics.info/namespace/2009/song" version="0.8" createdIn="OpenLP 2.2.1" modifiedIn="OpenLP 2.2.1" modifiedDate="2016-02-21T21:44:13">
  <properties>
    <titles>
      <title> CC 435 - AINDA HÁ LUGAR</title>
    </titles>
    <authors>
      <author>CANTOR CRISTÃO</author>
    </authors>
  </properties>
  <lyrics>
    <verse name="v1">
      <lines>OH, CONVIDAI-OS, POIS HÁ LUGAR<br/>NO BANQUETE CELESTIAL!<br/>SIM, IDE AJUNTÁ-LOS, E A CASA ENCHEI<br/>DE FAMINTOS DO PÃO REAL.</lines>
    </verse>
    <verse name="v2">
      <lines>PELO CAMINHOS, PELOS VALADOS,<br/>   OH, IDE, SIM, PROCLAMAR<br/>   QUE TUDO, TUDO JÁ PRONTO ESTÁ:<br/>   NÃO HÁ DE FALTAR LUGAR!</lines>
    </verse>
    <verse name="v3">
      <lines>OH, CONVIDAI-OS, POIS HÁ LUGAR<br/>PARA TODOS QUE QUEIRAM VIR!<br/>NÃO SABEM DO AMOR ETERNAL DE DEUS,<br/>QUE COM GOZO NOS QUER OUVIR.</lines>
    </verse>
    <verse name="v4">
      <lines>OH, CONVIDAI-OS, POIS HÁ LUGAR!<br/>É MENSAGEM DE UM DEUS DE AMOR!<br/>DEVEIS CONVIDÁ-LOS, SEM EXCEÇÃO,<br/>AO BANQUETE DO SALVADOR!</lines>
    </verse>
  </lyrics>
</song>
