<?xml version='1.0' encoding='UTF-8'?>
<song xmlns="http://openlyrics.info/namespace/2009/song" version="0.8" createdIn="OpenLP 2.2.1" modifiedIn="OpenLP 2.2.1" modifiedDate="2016-02-21T21:44:11">
  <properties>
    <titles>
      <title> CC 420 - SERVIR ALEGREMENTE</title>
    </titles>
    <authors>
      <author>CANTOR CRISTÃO</author>
    </authors>
  </properties>
  <lyrics>
    <verse name="v1">
      <lines>AO MESTRE, ALEGREMENTE,<br/>IRMÃOS, DEVEIS SERVIR;<br/>AO SALVADOR BENDITO<br/>OBEDECER, SEGUIR.<br/>OS CÉUS E A TERRA TODA<br/>PROCLAMAM SEU PODER;<br/>MILHÕES ALEGREMENTE<br/>OBSERVAM SEU QUERER.</lines>
    </verse>
    <verse name="v2">
      <lines>AO MESTRE, ALEGREMENTE<br/>   IRMÃOS, DEVEIS SERVIR;<br/>   AO SALVADOR BENDITO<br/>   OBEDECER, SEGUIR.</lines>
    </verse>
    <verse name="v3">
      <lines>AO MESTRE, ALEGREMENTE,<br/>HOSANAS ENTOAI;<br/>AO DEUS DO MUNDO INTEIRO,<br/>PROSTRADOS, ADORAI;<br/>QUAL ROCHA INABALÁVEL<br/>O QUE ORDENOU NOS É,<br/>ETERNO, INDUBITÁVEL,<br/>O AUTOR DA NOSSA FÉ.</lines>
    </verse>
    <verse name="v4">
      <lines>AO MESTRE, ALEGREMENTE,<br/>NA VOSSA VIDA HONRAI,<br/>A FAMA DELE AO MUNDO<br/>INTEIRO ANUNCIAI.<br/>DOMÍNIO E MAJESTADE,<br/>COM HONRA E COM PODER,<br/>UM REINO SEMPITERNO<br/>JESUS HÁ DE EXERCER.</lines>
    </verse>
  </lyrics>
</song>
