<?xml version='1.0' encoding='UTF-8'?>
<song xmlns="http://openlyrics.info/namespace/2009/song" version="0.8" createdIn="OpenLP 2.2.1" modifiedIn="OpenLP 2.2.1" modifiedDate="2016-02-21T21:44:09">
  <properties>
    <titles>
      <title> CC 409 - PLENA PAZ</title>
    </titles>
    <authors>
      <author>CANTOR CRISTÃO</author>
    </authors>
  </properties>
  <lyrics>
    <verse name="v1">
      <lines>PLENA PAZ GOZO EU!<br/>PLENA PAZ GOZO EU!<br/>E, SEGUINDO A MEU JESUS,<br/>VOU ANDANDO PARA O CÉU.</lines>
    </verse>
  </lyrics>
</song>
