<?xml version='1.0' encoding='UTF-8'?>
<song xmlns="http://openlyrics.info/namespace/2009/song" version="0.8" createdIn="OpenLP 2.2.1" modifiedIn="OpenLP 2.2.1" modifiedDate="2016-02-21T21:44:14">
  <properties>
    <titles>
      <title> CC 440 - A PÁTRIA FELIZ</title>
    </titles>
    <authors>
      <author>CANTOR CRISTÃO</author>
    </authors>
  </properties>
  <lyrics>
    <verse name="v1">
      <lines>A PÁTRIA PARA CRISTO!<br/>ESTA É MINHA ORAÇÃO!<br/>Ó PÁTRIA ABENÇOADA,<br/>É TEU MEU CORAÇÃO!<br/>QUERIDO LAR PATERNO,<br/>Ó PÁTRIA, Ó MEU AMOR!<br/>Ó DEUS DE EXCELSA GRAÇA,<br/>DISPENSA-LHE FAVOR!</lines>
    </verse>
    <verse name="v2">
      <lines>Ó POVO BRASILEIRO,<br/>OH, CONTEMPLAI JESUS,<br/>O QUAL POR VÓS FOI MORTO<br/>NA ENSANGÜENTADA CRUZ!<br/>A PENA DO PECADO<br/>COM GRANDE AMOR SOFREU;<br/>SEU SANGUE TÃO PRECIOSO<br/>ALI POR VÓS VERTEU!</lines>
    </verse>
    <verse name="v3">
      <lines>A PÁTRIA PARA CRISTO!<br/>OH, SEJA ASSIM, MEU DEUS,<br/>QUE TODO BRASILEIRO<br/>OUÇA OS APELOS TEUS!<br/>E QUANDO NÓS OUVIRMOS<br/>A TUA VOZ DE ALÉM,<br/>QUE TODO BRASILEIRO<br/>ATENDA E GOZE O BEM!</lines>
    </verse>
  </lyrics>
</song>
