<?xml version='1.0' encoding='UTF-8'?>
<song xmlns="http://openlyrics.info/namespace/2009/song" version="0.8" createdIn="OpenLP 2.2.1" modifiedIn="OpenLP 2.2.1" modifiedDate="2016-02-21T21:44:08">
  <properties>
    <titles>
      <title> CC 406 - CONFIAR EM CRISTO</title>
    </titles>
    <authors>
      <author>CANTOR CRISTÃO</author>
    </authors>
  </properties>
  <lyrics>
    <verse name="v1">
      <lines>QUE DELÍCIA É CRER EM CRISTO,<br/>EM SEU NOME CONFIAR,<br/>ACEITAR OS SEUS ENSINOS<br/>E AS PROMESSAS DESFRUTAR!</lines>
    </verse>
    <verse name="v2">
      <lines>CRISTO!  CRISTO!  JÁ CONFIO<br/>   EM TEU NOME, EM TEU PODER;<br/>   CRISTO!  CRISTO, BEM-AMADO!<br/>   FAZE MINHA FÉ CRESCER.</lines>
    </verse>
    <verse name="v3">
      <lines>OH, QUE GOZO É CRER EM CRISTO,<br/>TER CERTEZA DE PERDÃO!<br/>RECEBER DE CRISTO MESMO<br/>VIDA, PAZ E SALVAÇÃO.</lines>
    </verse>
    <verse name="v4">
      <lines>BEM FELIZ EU SOU EM CRISTO,<br/>SEMPRE DELE QUERO SER;<br/>QUERO AGORA, MUI SUBMISSO,<br/>SEMPRE A ELE OBEDECER.</lines>
    </verse>
  </lyrics>
</song>
