<?xml version='1.0' encoding='UTF-8'?>
<song xmlns="http://openlyrics.info/namespace/2009/song" version="0.8" createdIn="OpenLP 2.2.1" modifiedIn="OpenLP 2.2.1" modifiedDate="2016-02-21T21:44:16">
  <properties>
    <titles>
      <title> CC 456 - O ESTANDARTE</title>
    </titles>
    <verseOrder>v1 v2 v3 v2 v4 v2</verseOrder>
    <authors>
      <author>CANTOR CRISTÃO</author>
    </authors>
  </properties>
  <lyrics>
    <verse name="v1">
      <lines>O ESTANDARTE DESTA IGREJA<br/>LEVANTEMOS SEM TEMOR!<br/>ELA É A MUITO AMADA ESPOSA<br/>DO BENDITO SALVADOR.<br/>É JESUS O COMANDANTE<br/>VERDADEIRO, QUE A CONDUZ.<br/>SOMOS NÓS OS SEUS SOLDADOS,<br/>NESTA IGREJA DE JESUS.</lines>
    </verse>
    <verse name="v2">
      <lines>RESOLUTOS, AVANÇAI,<br/>   TRABALHANDO POR JESUS!<br/>   O ESTANDARTE LEVANTAI,<br/>   ESPALHANDO A SUA LUZ!</lines>
    </verse>
    <verse name="v3">
      <lines>Ó IGREJA, DEDIQUEMOS<br/>NOSSOS CORPOS AO SENHOR!<br/>NÃO DEVEMOS SER ESCRAVOS<br/>DO SAGAZ ENGANADOR.<br/>AS RIQUEZAS SÃO-NOS DADAS<br/>PELA TERNA MÃO REAL,<br/>E O SENHOR DO CÉU OBSERVA<br/>SE FAZEMOS BEM OU MAL.</lines>
    </verse>
    <verse name="v4">
      <lines>GRAÇA E GLÓRIA A TI PERTENCEM,<br/>Ó ESPOSA DO SENHOR!<br/>SÊ ENTÃO UM INSTRUMENTO<br/>DE SALVAR O PECADOR;<br/>POIS ATÉ OS FINS DO MUNDO<br/>CRISTO MESMO REINARÁ,<br/>E O DOMÍNIO DO EVANGELHO<br/>TODA A TERRA ABRANGERÁ.</lines>
    </verse>
  </lyrics>
</song>
