<?xml version='1.0' encoding='UTF-8'?>
<song xmlns="http://openlyrics.info/namespace/2009/song" version="0.8" createdIn="OpenLP 2.2.1" modifiedIn="OpenLP 2.2.1" modifiedDate="2016-02-21T21:44:19">
  <properties>
    <titles>
      <title> CC 472 - FRENTE OUSADA</title>
    </titles>
    <authors>
      <author>CANTOR CRISTÃO</author>
    </authors>
  </properties>
  <lyrics>
    <verse name="v1">
      <lines>EIA, ÀS ARMAS, CAMARADAS!<br/>PRESTOS JÁ FORMAI!<br/>DESTRAS FIRMES NAS ESPADAS,<br/>SEM TEMOR MARCHAI!</lines>
    </verse>
    <verse name="v2">
      <lines>O COMBATE JÁ FERIDO<br/>COM FUROR, SEM DÓ!<br/>TROPAS, TUDO JAZ SUMIDO<br/>EM BULCÕES DE PÓ.</lines>
    </verse>
    <verse name="v3">
      <lines>CONTRA NÓS A LANÇA, IRADO,<br/>SATANÁS BRANDIU,<br/>UM DOS NOSSOS, ALCANÇADO,<br/>VACILOU, CAIU!</lines>
    </verse>
    <verse name="v4">
      <lines>NÃO OUVIS NO CÉU BRILHANTE<br/>TOQUES DE CLARIM?<br/>VEM JESUS, VEM TRIUNFANTE!<br/>VENCEREMOS, SIM!</lines>
    </verse>
    <verse name="v5">
      <lines>FRENTE OUSADA AOS INIMIGOS;<br/>   É POR NÓS JESUS!<br/>   QUER LIVRAR-NOS DOS PERIGOS<br/>   QUEM MORREU NA CRUZ.</lines>
    </verse>
  </lyrics>
</song>
