<?xml version='1.0' encoding='UTF-8'?>
<song xmlns="http://openlyrics.info/namespace/2009/song" version="0.8" createdIn="OpenLP 2.2.1" modifiedIn="OpenLP 2.2.1" modifiedDate="2016-02-21T21:44:08">
  <properties>
    <titles>
      <title> CC 405 - GOZO E PAZ</title>
    </titles>
    <authors>
      <author>CANTOR CRISTÃO</author>
    </authors>
  </properties>
  <lyrics>
    <verse name="v1">
      <lines>OH, EU SOU FELIZ, POIS JÁ CREIO EM MEU JESUS<br/>QUE POR MIM MORREU, DEU-ME A VIDA E DEU-ME LUZ!<br/>SIM, EU SOU FELIZ, TENHO A PAZ QUE CRISTO DÁ<br/>E EU AGORA SEI QUE DO MAL ME GUARDARÁ.</lines>
    </verse>
    <verse name="v2">
      <lines>SIM, FELIZ EU SOU SÓ POR CRISTO;<br/>   E POR ELE SOU BENQUISTO;<br/>   EM JESUS EU GOZO ESSE DOM VERAZ;<br/>   SEU AMOR ME SATISFAZ.</lines>
    </verse>
    <verse name="v3">
      <lines>QUE PRAZER MAIOR POSSO ENTÃO AMBICIONAR<br/>DO QUE TER JESUS E COM ELE SEMPRE ANDAR?<br/>MAIS PRAZER NÃO HÁ!  SÓ JESUS ME DÁ PERDÃO,<br/>SÓ JESUS CONCEDE GLORIOSA SALVAÇÃO.</lines>
    </verse>
    <verse name="v4">
      <lines>ALEGREIA E PAZ GOZO EM MEU BOM SALVADOR;<br/>NESTE MUNDO VIL É JESUS MEU PROTETOR.<br/>GOZO INFINDO ACHEI PELA FÉ NO ETERNO REI;<br/>PAZ PERFEITA, PAZ NO SENHOR JÁ ENCONTREI.</lines>
    </verse>
  </lyrics>
</song>
