<?xml version='1.0' encoding='UTF-8'?>
<song xmlns="http://openlyrics.info/namespace/2009/song" version="0.8" createdIn="OpenLP 2.2.1" modifiedIn="OpenLP 2.2.1" modifiedDate="2016-02-21T21:44:20">
  <properties>
    <titles>
      <title> CC 478 - O PEREGRINO</title>
    </titles>
    <authors>
      <author>CANTOR CRISTÃO</author>
    </authors>
  </properties>
  <lyrics>
    <verse name="v1">
      <lines>EU SOU UM PEREGRINO,<br/>DA ESTRADA POUCO SEI;<br/>E DIZEM QUE PERIGOS<br/>EU SEMPRE ENCONTRAREI,<br/>APERTOS E TRABALHOS,<br/>PENOSOS PARA MIM;<br/>MAS QUERO ANDAR COM CRISTO<br/>ATÉ DA VIDA O FIM.</lines>
    </verse>
    <verse name="v2">
      <lines>OS GOZOS E TRISTEZAS<br/>QUE POSSO AQUI PROVAR<br/>AO MEU QUERIDO MESTRE<br/>EU LOGO VOU CONTAR.<br/>JESUS DARÁ CONFORTO,<br/>E CUIDARÁ DE MIM.<br/>SE NELE VOU CONFIADO<br/>ATÉ DA VIDA O FIM.</lines>
    </verse>
    <verse name="v3">
      <lines>COM ELE, NUNCA OS MALES<br/>ME PODERÃO VENCER;<br/>COM ELE, NEM PERIGOS<br/>PRECISAREI TEMER;<br/>E MESMO QUANDO A NOITE<br/>EU ENFRENTAR, NO FIM,<br/>ALÉM DA MORTE, A GLÓRIA<br/>ENCONTRAREI, ENFIM.</lines>
    </verse>
  </lyrics>
</song>
