<?xml version='1.0' encoding='UTF-8'?>
<song xmlns="http://openlyrics.info/namespace/2009/song" version="0.8" createdIn="OpenLP 2.2.1" modifiedIn="OpenLP 2.2.1" modifiedDate="2016-02-21T21:44:11">
  <properties>
    <titles>
      <title> CC 421 - CONVERSÃO CRISTÃ</title>
    </titles>
    <verseOrder>v1 v2 v3 v2 v4 v2 v5 v2</verseOrder>
    <authors>
      <author>CANTOR CRISTÃO</author>
    </authors>
  </properties>
  <lyrics>
    <verse name="v1">
      <lines>SABEIS FALAR DE TUDO<br/>QUE NESTE MUNDO HÁ,<br/>MAS NEM SEQUER PALAVRA<br/>DE DEUS QUE TUDO DÁ?!</lines>
    </verse>
    <verse name="v2">
      <lines>IRMÃOS! IRMÃOS, FALEMOS<br/>DE NOSSO SALVADOR;<br/>OREMOS, OU CANTEMOS E<br/>DEMOS-LHE LOUVOR!</lines>
    </verse>
    <verse name="v3">
      <lines>FALAMOS DO MAU TEMPO,<br/>DO FRIO E DO CALOR;<br/>OH! BEM MELHOR SERIA<br/>FALAR DO SALVADOR!</lines>
    </verse>
    <verse name="v4">
      <lines>FALEMOS DA BONDADE<br/>DO GRANDE SALVADOR,<br/>DE SUA EXCELSA GRAÇA,<br/>DE SEU IMENSO AMOR!</lines>
    </verse>
    <verse name="v5">
      <lines>DA CRUZ TAMBÉM FALEMOS,<br/>ONDE ELE NOS QUIS DAR<br/>SEU SANGUE TÃO PRECIOSO,<br/>E ASSIM NOS RESGATAR.</lines>
    </verse>
  </lyrics>
</song>
