<?xml version='1.0' encoding='UTF-8'?>
<song xmlns="http://openlyrics.info/namespace/2009/song" version="0.8" createdIn="OpenLP 2.2.1" modifiedIn="OpenLP 2.2.1" modifiedDate="2016-02-21T21:44:12">
  <properties>
    <titles>
      <title> CC 425 - LUZ APÓS TREVAS</title>
    </titles>
    <authors>
      <author>CANTOR CRISTÃO</author>
    </authors>
  </properties>
  <lyrics>
    <verse name="v1">
      <lines>LUZ APÓS TREVAS, GLÓRIA APÓS LUZ<br/>GANHO APÓS PERDA, TRONO APÓS CRUZ,<br/>PAZ APÓS LUTA, FRUTA APÓS FLOR,<br/>RISO APÓS PRANTO, GOZO APÓS DOR.</lines>
    </verse>
    <verse name="v2">
      <lines>CRENTE APÓS ÍMPIO, JUSTO APÓS RÉU,<br/>GRAÇA APÓS IRA, VISTA APÓS VÉU,<br/>SOL APÓS CHUVA, MEL APÓS SAL,<br/>LAR APÓS LIDA, BEM APÓS MAL.</lines>
    </verse>
    <verse name="v3">
      <lines>PERTO APÓS LONGE, CRISTO APÓS EU,<br/>VIDA APÓS TUMBA, TERRA ANTE O CÉU;<br/>GLÓRIA, PAZ, VIDA, FÉ, TRONO E LUZ,<br/>TUDO ISSO EU TENHO, CRENDO EM JESUS.</lines>
    </verse>
  </lyrics>
</song>
