<?xml version='1.0' encoding='UTF-8'?>
<song xmlns="http://openlyrics.info/namespace/2009/song" version="0.8" createdIn="OpenLP 2.2.1" modifiedIn="OpenLP 2.2.1" modifiedDate="2016-02-21T21:44:11">
  <properties>
    <titles>
      <title> CC 424 - VAMOS À COLHEITA</title>
    </titles>
    <authors>
      <author>CANTOR CRISTÃO</author>
    </authors>
  </properties>
  <lyrics>
    <verse name="v1">
      <lines>CEIFEROS SOMOS NÓS FIÉIS,<br/>SEGANDO PARA O REI DOS REIS<br/>OS FRUTOS PRONTOS PRA COLHER,<br/>QUE EM DERREDOR SE ESTÃO A VER.<br/>ASSIM, AO NOSSO SALVADOR<br/>RENDEMOS PREITO DE LOUVOR,<br/>AO NOSSO MESTRE, LÁ NO CÉU,<br/>QUE SOBRE A CRUZ POR NÓS MORREU.</lines>
    </verse>
    <verse name="v2">
      <lines>VAMOS JÁ OBEDECER,<br/>   VAMOS À COLHEITA,<br/>   PARA, QUANDO ANOITECER,<br/>   VER A OBRA FEITA.<br/>   POUCO TEMPO AINDA HÁ<br/>   BREVE, BREVE, BREVE ACABARÁ.</lines>
    </verse>
    <verse name="v3">
      <lines>NÓS REPIGAMOS POR JESUS,<br/>QUE PARA OS CAMPOS NOS CONDUZ.<br/>E, SE OS OBREIROS POUCOS SÃO,<br/>OCIOSOS FICAREMOS? NÃO!<br/>AINDA HÁ CAMPO PRA CEIFAR,<br/>QUE MUITO FRUTO DEVEM DAR.<br/>NÃO OUVES CRISTO PERGUNTAR:<br/>QUEM QUER POR MIM IR TRABALHAR?</lines>
    </verse>
    <verse name="v4">
      <lines>AS HORAS VÃO PASSANDO JÁ<br/>O DIA BREVE ACABARÁ,<br/>CONOSCO TOMA O TEU LUGAR<br/>E POR JESUS VEM TRABALHAR!<br/>POR QUE OCIOSO ESPERAS LÁ?<br/>A NOITE LOGO CHEGARÁ.<br/>TU QUERES FRUTO AO CÉU LEVAR,<br/>OU FOLHAS SÓ APRESENTAR?</lines>
    </verse>
  </lyrics>
</song>
