<?xml version='1.0' encoding='UTF-8'?>
<song xmlns="http://openlyrics.info/namespace/2009/song" version="0.8" createdIn="OpenLP 2.2.1" modifiedIn="OpenLP 2.2.1" modifiedDate="2016-02-21T21:44:12">
  <properties>
    <titles>
      <title> CC 430 - EM CADA LUGAR</title>
    </titles>
    <authors>
      <author>CANTOR CRISTÃO</author>
    </authors>
  </properties>
  <lyrics>
    <verse name="v1">
      <lines>SE JÁ ESTÁS SALVO POR CRISTO, O SENHOR<br/>DIZE-O EM CADA LUGAR!<br/>E SE ELE PERDIDO TE ACHOU, PECADOR<br/>DIZE-O EM CADA LUGAR!</lines>
    </verse>
    <verse name="v2">
      <lines>SE CRISTO EXPIOU TUA CULPA NA CRUZ,<br/>DIZE-O EM CADA LUGAR!<br/>SE SABES QUE TE AMA E QUE AO CÉU TE CONDUZ<br/>DIZE-O EM CADA LUGAR!</lines>
    </verse>
    <verse name="v3">
      <lines>SE QUERES SERVIR A JESUS POR AMOR,<br/>DIZE-O EM CADA LUGAR!<br/>SE TENS BOAS-NOVAS DO TEU SALVADOR,<br/>DIZE-O EM CADA LUGAR!</lines>
    </verse>
    <verse name="v4">
      <lines>SE TU ÉS HERDEIRO COM CRISTO NOS CÉUS,<br/>DIZE-O EM CADA LUGAR!<br/>ATÉ A PRESENÇA CHEGARES DE DEUS,<br/>DIZE-O EM CADA LUGAR!</lines>
    </verse>
    <verse name="v5">
      <lines>IRMÃO! IRMÃO!<br/>   DIZE-O EM CADA LUGAR!<br/>   SE TU OS PERDIDOS QUISERES SALVAR,<br/>   DIZE-O EM CADA LUGAR!</lines>
    </verse>
  </lyrics>
</song>
