<?xml version='1.0' encoding='UTF-8'?>
<song xmlns="http://openlyrics.info/namespace/2009/song" version="0.8" createdIn="OpenLP 2.2.1" modifiedIn="OpenLP 2.2.1" modifiedDate="2016-02-21T21:44:15">
  <properties>
    <titles>
      <title> CC 449 - OUSADOS PROCLAMAI</title>
    </titles>
    <authors>
      <author>CANTOR CRISTÃO</author>
    </authors>
  </properties>
  <lyrics>
    <verse name="v1">
      <lines>OUSADOS, COM FIRMEZA,<br/>Ó CRENTES, PROCLAMAI<br/>AS NOVAS SALVADORAS<br/>DO AMOR DO ETERNO PAI,<br/>QUE, PRA SALVAR REBELDES,<br/>SEU FILHO OFERECEU,<br/>O QUAL SOFREU A MORTE<br/>PRA RESGATAR O RÉU.</lines>
    </verse>
    <verse name="v2">
      <lines>Ó CRENTES, PROCLAMAI A SALVAÇÃO!<br/>   O MUNDO LIBERTAI DA ESCRAVIDÃO!<br/>   CRENTES, PROCLAMAI DE JESUS A CRUZ;<br/>   A GRAÇA, AMOR E SEU PERDÃO,<br/>   Ó CRENTES, SEM CESSAR APREGOAI!<br/>   O SEU AMOR SEM PAR ANUNCIAI;<br/>   COM ZELO E COM ARDOR, ATÉ RAIAR O ALVOR,<br/>   POR CRISTO E O REINO SEU LUTAI!</lines>
    </verse>
    <verse name="v3">
      <lines>OH, NADA DE DESCULPAS,<br/>OBREIROS DE JESUS!<br/>EIS, O INIMIGO AFOITO<br/>QUER DERRUBAR A CRUZ;<br/>JESUS, PORÉM, GARANTE<br/>VENCÊ-LO E AO SEU PODER,<br/>SE FIRMES PERSISTIRMOS<br/>NA SENDA DO DEVER.</lines>
    </verse>
    <verse name="v4">
      <lines>À LUTA, POIS, Ó CRENTES,<br/>POR CRISTO REDENTOR,<br/>SEU ESTANDARTE ERGUENDO,<br/>DO ETERNO, IMENSO AMOR;<br/>AS TREVAS COMBATENDO,<br/>O VÍCIO, A CORRUPÇÃO,<br/>PREGANDO AS BOAS-NOVAS<br/>DE LUZ E SALVAÇÃO.</lines>
    </verse>
  </lyrics>
</song>
