<?xml version='1.0' encoding='UTF-8'?>
<song xmlns="http://openlyrics.info/namespace/2009/song" version="0.8" createdIn="OpenLP 2.2.1" modifiedIn="OpenLP 2.2.1" modifiedDate="2016-02-21T21:44:17">
  <properties>
    <titles>
      <title> CC 461 - FUJAMOS DA TENTAÇÃO</title>
    </titles>
    <authors>
      <author>CANTOR CRISTÃO</author>
    </authors>
  </properties>
  <lyrics>
    <verse name="v1">
      <lines>SEMPRE COMBATAMOS TODA TENTAÇÃO,<br/>POIS INFELICITA NOSSO CORAÇÃO;<br/>SEMPRE DOMINEMOS TODA VIL PAIXÃO,<br/>A JESUS SEGUINDO SEMPRE EM UNIÃO.</lines>
    </verse>
    <verse name="v2">
      <lines>EM JESUS PROCUREMOS<br/>   FORÇA, AUXÍLIO E GRAÇA;<br/>   ELE ESTÁ NOS OUVINDO,<br/>   ELE NO-LOS QUER DAR.</lines>
    </verse>
    <verse name="v3">
      <lines>DAS MÁS COMPANHIAS NÃO QUEIRAIS SABER,<br/>A JESUS NÃO OUVEM, QUEREM VOS PERDER.<br/>SEDE FERVOROSOS, COM BOM CORAÇÃO,<br/>A JESUS SEGUINDO SEMPRE EM UNIÃO.</lines>
    </verse>
    <verse name="v4">
      <lines>CRISTO GALARDOA SÓ A QUEM VENCER;<br/>IDE, POIS, AVANTE, NADA HÁ QUE TEMER.<br/>OH, VOLVEI PRA CRISTO VOSSA ATENÇÃO,<br/>A JESUS SEGUINDO SEMPRE EM UNIÃO.</lines>
    </verse>
  </lyrics>
</song>
