<?xml version='1.0' encoding='UTF-8'?>
<song xmlns="http://openlyrics.info/namespace/2009/song" version="0.8" createdIn="OpenLP 2.2.1" modifiedIn="OpenLP 2.2.1" modifiedDate="2016-02-21T21:44:17">
  <properties>
    <titles>
      <title> CC 463 - TRIUNFO</title>
    </titles>
    <authors>
      <author>CANTOR CRISTÃO</author>
    </authors>
  </properties>
  <lyrics>
    <verse name="v1">
      <lines>EU TRIUNFAREI PELO SANGUE DE JESUS;<br/>SIM, TRIUNFAREI PELA SUA CRUZ.</lines>
    </verse>
  </lyrics>
</song>
