<?xml version='1.0' encoding='UTF-8'?>
<song xmlns="http://openlyrics.info/namespace/2009/song" version="0.8" createdIn="OpenLP 2.2.1" modifiedIn="OpenLP 2.2.1" modifiedDate="2016-02-21T21:44:19">
  <properties>
    <titles>
      <title> CC 474 - EIA, AO COMBATE</title>
    </titles>
    <authors>
      <author>CANTOR CRISTÃO</author>
    </authors>
  </properties>
  <lyrics>
    <verse name="v1">
      <lines>EIA, AO COMBATE! EM VIBRAÇÕES CONSTANTES, JÁ<br/>VOS CHAMA O TOQUE DO CLARIM A IR!<br/>NA GRANDE LUTA, CRISTO TRIUNFANTE, SIM,<br/>TERÁ DE CONTRA O REI DO MAL SAIR.</lines>
    </verse>
    <verse name="v2">
      <lines>EIA, AO COMBATE, VÓS, Ó CRENTES;<br/>   OS INIMIGOS DESTROÇAR!<br/>   EM CADA DIA, O QUE CONFIA<br/>   AO LADO DE JESUS LUTAR!<br/>   EIA, AO COMBATE, FIRMES, FORTES<br/>   E CORAJOSOS, AVANÇAR!<br/>   O ONIPOTENTE É SUFICIENTE<br/>   PARA À VITÓRIA NOS GUIAR!</lines>
    </verse>
    <verse name="v3">
      <lines>EIA, AVANÇAR! UNIDOS TODOS EM JESUS<br/>TRIUNFAREMOS; DEUS CONOSCO ESTÁ!<br/>E COM AS ARMAS PREPARADAS PELO REI,<br/>NA LIÇA COMBATAMOS POR JEOVÁ!</lines>
    </verse>
    <verse name="v4">
      <lines>EIA, AVANÇAR! POIS CRISTO AS TREVAS VAI VENCER;<br/>NÃO TARDARÁ A VIR ANIQUILAR<br/>AS HOSTES DO MALIGNO E TODO O SEU PODER,<br/>E, COM SEU POVO, EM PAZ IRÁ REINAR!</lines>
    </verse>
  </lyrics>
</song>
