<?xml version='1.0' encoding='UTF-8'?>
<song xmlns="http://openlyrics.info/namespace/2009/song" version="0.8" createdIn="OpenLP 2.2.1" modifiedIn="OpenLP 2.2.1" modifiedDate="2016-10-30T21:46:25">
  <properties>
    <titles>
      <title> CC 436 - DAI-NOS LUZ</title>
    </titles>
    <verseOrder>v1 c1 v2 c1 v3 c1 v4 c1</verseOrder>
    <authors>
      <author>CANTOR CRISTÃO</author>
    </authors>
  </properties>
  <lyrics>
    <verse name="v1">
      <lines>UMA VOZ RESSOA DE GERAL CLAMOR:<br/>DAI-NOS LUZ! DAI-NOS LUZ!<br/>OS MILHÕES EM TREVAS, CHEIOS DE PAVOR,<br/>PEDEM LUZ, PEDEM LUZ!</lines>
    </verse>
    <verse name="c1">
      <lines>DAI-NOS LUZ, A MUI GLORIOSA LUZ<br/>DE PERDÃO, DE PAZ E AMOR!<br/>DAI-NOS LUZ, A TÃO PRECIOSA LUZ<br/>DE JESUS, O SALVADOR!</lines>
    </verse>
    <verse name="v2">
      <lines>ANSIAMOS VIDA, PAZ, CONSOLAÇÃO;<br/>DAI-NOS LUZ! DAI-NOS LUZ!<br/>SE É POR CRISTO SÓ QUE DEUS NOS DÁ PERDÃO,<br/>DAI-NOS LUZ! DAI-NOS LUZ!</lines>
    </verse>
    <verse name="v3">
      <lines>SIM, POR TODA PARTE DEVE RELUZIR<br/>ESSA LUZ DE JESUS,<br/>QUE ILUMINA A ESTRADA QUE HEMOS DE UIR.<br/>DAI-NOS LUZ! DAI-NOS LUZ!</lines>
    </verse>
    <verse name="v4">
      <lines>EIA, POIS, Ó CRENTE, TODO O MUNDO ENCHEI<br/>DESSA LUZ DE JESUS!<br/>AOS MILHÕES PERDIDOS SEM TARDAR VALEI<br/>COM A LUZ DE JESUS!</lines>
    </verse>
  </lyrics>
</song>
