<?xml version='1.0' encoding='UTF-8'?>
<song xmlns="http://openlyrics.info/namespace/2009/song" version="0.8" createdIn="OpenLP 2.2.1" modifiedIn="OpenLP 2.2.1" modifiedDate="2016-02-21T21:44:17">
  <properties>
    <titles>
      <title> CC 460 - VITÓRIA</title>
    </titles>
    <authors>
      <author>CANTOR CRISTÃO</author>
    </authors>
  </properties>
  <lyrics>
    <verse name="v1">
      <lines>EIA, AVANTE, CRENTES, JÁ NA GUERRA ENTRAI;<br/>LOMBOS BEM CINGIDOS, FORTES PELEJAI!<br/>A JESUS SEGUINDO, PELA CRUZ LUTAI,<br/>E SEU ESTANDARTE HOJE DESFRALDAI!</lines>
    </verse>
    <verse name="v2">
      <lines>EIA, AVANTE, CRENTES, CAMINHAI NA LUZ;<br/>   A VITÓRIA É CERTA, GANHA POR JESUS.</lines>
    </verse>
    <verse name="v3">
      <lines>GRANDE E FORTE SEMPRE VOS SERÁ JESUS;<br/>NUNCA FOI VENCIDA SUA SANTA CRUZ.<br/>E, SEGUINDO A ELE, TUDO VENCEREIS,<br/>MAIS QUE VENCEDORES TODOS VÓS SEREIS!</lines>
    </verse>
    <verse name="v4">
      <lines>REIS E POTESTADES DESFALECERÃO;<br/>REINOS DESTE MUNDO CEDO PASSARÃO;<br/>SEMPRE TRIUNFANTE CRISTO MARCHARÁ;<br/>SEU BENDITO REINO NUNCA FINDARÁ!</lines>
    </verse>
  </lyrics>
</song>
