<?xml version='1.0' encoding='UTF-8'?>
<song xmlns="http://openlyrics.info/namespace/2009/song" version="0.8" createdIn="OpenLP 2.2.1" modifiedIn="OpenLP 2.2.1" modifiedDate="2016-02-21T21:44:20">
  <properties>
    <titles>
      <title> CC 477 - COMO ANDAR</title>
    </titles>
    <authors>
      <author>CANTOR CRISTÃO</author>
    </authors>
  </properties>
  <lyrics>
    <verse name="v1">
      <lines>PEREGRINOS, QUAIS ESTRANGEIROS,<br/>NÓS SEGUIMOS PELO MUNDO A VIAJAR;<br/>AQUI HÁ TREVAS E INIQUIDADE,<br/>AQUI HÁ LUTAS CONTRA A MALDADE;<br/>PEREGRINOS, QUAIS ESTRANGEIROS,<br/>NÓS SEGUIMOS PELO MUNDO A VIAJAR.</lines>
    </verse>
    <verse name="v2">
      <lines>DO ADVERSÁRIO AQUI É O REINO,<br/>É COM ELE QUE NÓS TEMOS DE LUTAR.<br/>ASTUCIOSO, E TAMBÉM MALVADO,<br/>E NOS INCITA PARA O PECADO.<br/>QUAIS BONS SERVOS, QUAIS BONS SOLDADOS,<br/>NOSSO REI NOS MANDA SEMPRE PELEJAR.</lines>
    </verse>
    <verse name="v3">
      <lines>E NA PÁTRIA, PARA ONDE VAMOS,<br/>NEM CILADAS NEM CONTENDAS HAVERÁ:<br/>SÓ ALEGRIA, SÓ CARIDADE<br/>E SÓ DESCANSO NA SANTIDADE.<br/>ANIMOSOS E ESPERANÇOSOS,<br/>NÓS SEGUIMOS PELO MUNDO A TRANSITAR.</lines>
    </verse>
    <verse name="v4">
      <lines>QUÃO GLORIOSO O LUGAR DITOSO,<br/>ONDE VAMOS NÓS ESTAR COM CRISTO, O REI,<br/>PRA SEU SEMBLANTE NA LUZ FITARMOS<br/>E DA PRESENÇA DE DEUS GOZARMOS!<br/>CIDADÃOS, POIS, DAQUELA PÁTRIA,<br/>NÓS SEGUIMOS PELO MUNDO A CAMINHAR.</lines>
    </verse>
  </lyrics>
</song>
