<?xml version='1.0' encoding='UTF-8'?>
<song xmlns="http://openlyrics.info/namespace/2009/song" version="0.8" createdIn="OpenLP 2.2.1" modifiedIn="OpenLP 2.2.1" modifiedDate="2016-02-21T21:44:15">
  <properties>
    <titles>
      <title> CC 450 - IGREJA, ALERTA</title>
    </titles>
    <authors>
      <author>CANTOR CRISTÃO</author>
    </authors>
  </properties>
  <lyrics>
    <verse name="v1">
      <lines>É TEMPO, É TEMPO, O MESTRE ESTÁ CHAMANDO JÁ!<br/>MARCHAR!  MARCHAR!  CONFIANDO EM SEU AMOR!<br/>PARTIR!  PARTIR!  A SALVAÇÃO A PROCLAMAR,<br/>COM A PALAVRA SANTA DO BOM SALVADOR!</lines>
    </verse>
    <verse name="v2">
      <lines>SIM, MARCHAR AVANTE!<br/>   TODOS SEGUINDO A DIVINAL BANDEIRA!<br/>   SIM, MARCHAR AVANTE!<br/>   UNIDOS, FIRMES SEMPRE NO AVANÇAR!<br/>   GLÓRIA, GLÓRIA, EIS QUE CANTA A MULTIDÃO!<br/>   CONSAGRAI-LHE TODO O VOSSO CORAÇÃO<br/>   PRA JESUS OBEDECER!<br/>   E AO CUMPRIR O SEU QUERER<br/>   ENTOAI LOUVORES ALTOS!  AVANÇAI!</lines>
    </verse>
    <verse name="v3">
      <lines>""""QUEREMOS LUZ"""" - É O GRITO DAS NAÇÕES PAGÃS,<br/>QUE VEM ATRAVESSANDO O IMENSO MAR.<br/>IR JÁ, SIM, JÁ, LEVANDO AS NOVAS COM AMOR,<br/>SEM ESQUECER TAMBÉM AQUI DE SEMEAR.</lines>
    </verse>
    <verse name="v4">
      <lines>DESPERTA, IGREJA!  O TEU PODER VEM EXERCER;<br/>A TODOS FAZE CRISTO CONHECER;<br/>A TUA MÃO ESTENDE COM PACIENTE AMOR,<br/>DA MORTE ETERNA ESFORÇA-TE PARA OS DETER.</lines>
    </verse>
    <verse name="v5">
      <lines>IGREJA, ALERTA!  O DIA PROMETIDO VEM,<br/>QUANDO ACLAMADO O SALVADOR SERÁ;<br/>POR TODA PARTE O BEM AMADO REDENTOR<br/>ETERNA GLÓRIA, HONRA COM LOUVOR TERÁ.</lines>
    </verse>
  </lyrics>
</song>
