<?xml version='1.0' encoding='UTF-8'?>
<song xmlns="http://openlyrics.info/namespace/2009/song" version="0.8" createdIn="OpenLP 2.2.1" modifiedIn="OpenLP 2.2.1" modifiedDate="2016-02-21T21:44:08">
  <properties>
    <titles>
      <title> CC 404 - SUBSTITUIÇÃO</title>
    </titles>
    <authors>
      <author>CANTOR CRISTÃO</author>
    </authors>
  </properties>
  <lyrics>
    <verse name="v1">
      <lines>DE PECADOS CARREGADO,<br/>ABATIDO E TRISTE ANDEI,<br/>EM PROCURA DE DESCANSO,<br/>QUE, ENTRETANTO, NÃO ACHEI.</lines>
    </verse>
    <verse name="v2">
      <lines>DE PECADOS CARREGADO,<br/>A JESUS, ENTÃO, CLAMEI:<br/>""""TRISTE ESTOU, DESESPERADO.""""<br/>A SEUS PÉS EU ME LANCEI.</lines>
    </verse>
    <verse name="v3">
      <lines>DE PECADOS CARREGADO,<br/>A OLHAR NÃO ME ATREVI;<br/>MAS A VOZ DO BEM-AMADO<br/>ME FALOU, SIM, E EU OUVI.</lines>
    </verse>
    <verse name="v4">
      <lines>""""DE PECADOS CARREGADO,<br/>EU, NA CRUZ, JÁ PADECI;<br/>SOBRE O LENHO PENDURADO,<br/>JÁ FUI MORTO, E FOI POR TI.""""</lines>
    </verse>
    <verse name="v5">
      <lines>DE PECADOS CARREGADO,<br/>Ó JESUS, MEU SALVADOR,<br/>FOSTE EM MEU LUGAR CRAVADO,<br/>COMO É GRANDE O TEU AMOR!</lines>
    </verse>
  </lyrics>
</song>
