<?xml version='1.0' encoding='UTF-8'?>
<song xmlns="http://openlyrics.info/namespace/2009/song" version="0.8" createdIn="OpenLP 2.2.1" modifiedIn="OpenLP 2.2.1" modifiedDate="2016-02-21T21:44:08">
  <properties>
    <titles>
      <title> CC 402 - ESCRAVA RESGATADA</title>
    </titles>
    <authors>
      <author>CANTOR CRISTÃO</author>
    </authors>
  </properties>
  <lyrics>
    <verse name="v1">
      <lines>EIS A ESCRAVA RESGATADA,<br/>GRANDE PREÇO CRISTO DEU,<br/>NÃO FOI OURO, NEM FOI PRATA,<br/>FOI SEU SANGUE QUE VERTEU.</lines>
    </verse>
    <verse name="v2">
      <lines>POIS AGORA QUE SOU TUA,<br/>SEM JAMAIS A TI PERDER,<br/>QUERO, MEU SENHOR, SERVIR-TE,<br/>GRATA, E SÓ POR TI VIVER.</lines>
    </verse>
    <verse name="v3">
      <lines>QUERO RECEBER TEU JUGO;<br/>EM TEUS PASSOS CAMINHAR;<br/>SÓ A TI EU ME SUBJUGO,<br/>VOU CONTIGO EM PAZ MORAR.</lines>
    </verse>
    <verse name="v4">
      <lines>EIS QUE ESTOU AQUI NA TERRA,<br/>ESPERANDO O TEU VOLTAR;<br/>LEVARÁS, ENTÃO, A ESCRAVA<br/>QUE NO CÉU VAI HABITAR.</lines>
    </verse>
    <verse name="v5">
      <lines>DE MANEIRA TAL AMASTE,<br/>   QUE POR MIM, SENHOR, MORRESTE;<br/>   PRA REMIR-ME DO PECADO,<br/>   TU SOFRESTE EM MEU LUGAR.</lines>
    </verse>
  </lyrics>
</song>
