<?xml version='1.0' encoding='UTF-8'?>
<song xmlns="http://openlyrics.info/namespace/2009/song" version="0.8" createdIn="OpenLP 2.2.1" modifiedIn="OpenLP 2.2.1" modifiedDate="2016-02-21T21:44:14">
  <properties>
    <titles>
      <title> CC 441 - GRAÇA E SALVAÇÃO</title>
    </titles>
    <authors>
      <author>CANTOR CRISTÃO</author>
    </authors>
  </properties>
  <lyrics>
    <verse name="v1">
      <lines>IDE A MENSAGEM AO MUNDO LEVAR:<br/>            SALVAÇÃO DO SENHOR!<br/>CRISTO JESUS AOS PERDIDOS QUER DAR<br/>            GRAÇAS E SALVAÇÃO!<br/>VEDE OS AFLITOS NAS TREVAS DO MAL,<br/>EIS, COMO ASPIRAM A PAZ DIVINAL!<br/>IDE LEVAR-LHES O GOZO ETERNAL:<br/>            GRAÇA E SALVAÇÃO!</lines>
    </verse>
    <verse name="v2">
      <lines>DESTE CONVITE DE PERDÃO<br/>   POR TODO O MUNDO A MENSAGEM LEVAI!<br/>   ESTE CONVITE DE PERDÃO,<br/>   ANTES DA VINDA DO MESTRE, PREGAI!</lines>
    </verse>
    <verse name="v3">
      <lines>FORTE É O BRAÇO DAQUELE QUE DÁ<br/>            SALVAÇÃO DO SENHOR.<br/>SUA PALAVRA DECLARA QUE HÁ<br/>            GRAÇA E SALVAÇÃO!<br/>VÓS, Ó REMIDOS, BEM ALTO CANTAI!<br/>IDE, AOS AFLITOS A PAZ PROCLAMAI!<br/>IDE POR TODO LUGAR E MOSTRAI<br/>            GRAÇA E SALVAÇÃO!</lines>
    </verse>
    <verse name="v4">
      <lines>DEUS A MENSAGEM POR NÓS ENVIOU:<br/>            SALVAÇÃO DO SENHOR<br/>SÃO PROFUNDEZAS QUE NOS REVELOU:<br/>            GRAÇA E SALVAÇÃO!</lines>
    </verse>
    <verse name="v5">
      <lines>NÓS QUE SABEMOS DA GRAÇA E DO AMOR,<br/>VAMOS LEVÁ-LOS AO VIL PECADOR!<br/>TODOS CANTEMOS EM ALTO LOUVOR:<br/>            GRAÇA E SALVAÇÃO!</lines>
    </verse>
  </lyrics>
</song>
