<?xml version='1.0' encoding='UTF-8'?>
<song xmlns="http://openlyrics.info/namespace/2009/song" version="0.8" createdIn="OpenLP 2.2.1" modifiedIn="OpenLP 2.2.1" modifiedDate="2016-02-21T21:44:21">
  <properties>
    <titles>
      <title> CC 489 - CÉU PRA MIM</title>
    </titles>
    <authors>
      <author>CANTOR CRISTÃO</author>
    </authors>
  </properties>
  <lyrics>
    <verse name="v1">
      <lines>NÃO SEI QUANDO CRISTO JESUS HÁ DE VIR,<br/>E NEM QUAL O DIA EM QUE EU HEI DE PARTIR;<br/>MAS EU SEI QUE, NOTANDO O SEU ROSTO LUZIR,<br/>SERÁ GRANDE GLÓRIA PRA MIM!</lines>
    </verse>
    <verse name="v2">
      <lines>SERÁ GRANDE GLÓRIA PRA MIM!<br/>   MAS EU SEI QUE, NOTANDO O SEU ROSTO LUZIR,  (BIS)<br/>   SERÁ GRANDE GLÓRIA PRA MIM!</lines>
    </verse>
    <verse name="v3">
      <lines>O CANTO DOS ANJOS AINDA NÃO SEI,<br/>NEM QUE SINFONIAS EU LÁ OUVIREI;<br/>MAS EU SEI QUE O FALAR DE JESUS, O MEU REI,<br/>SERÁ SINFONIA PRA MIM!</lines>
    </verse>
    <verse name="v4">
      <lines>NÃO SEI QUE MORADA JESUS ME VAI DAR,<br/>E NEM QUAL O NOME QUE EU HEI DE GANHAR;<br/>MAS EU SEI QUE O """"BEM-VINDO"""" DELE HEI DE ESCUTAR!<br/>SÓ ISSO SERÁ CÉU PRA MIM!</lines>
    </verse>
    <verse name="v5">
      <lines>SÓ ISSO SERÁ CÉU PRA MIM!<br/>   MAS EU SEI QUE O """"BEM-VINDO"""" DELE HEI DE ESCUTAR!  (BIS)<br/>   SÓ ISSO SERÁ CÉU PRA MIM!</lines>
    </verse>
  </lyrics>
</song>
