<?xml version='1.0' encoding='UTF-8'?>
<song xmlns="http://openlyrics.info/namespace/2009/song" version="0.8" createdIn="OpenLP 2.2.1" modifiedIn="OpenLP 2.2.1" modifiedDate="2016-02-21T21:44:17">
  <properties>
    <titles>
      <title> CC 457 - CONFIANÇA EM DEUS</title>
    </titles>
    <authors>
      <author>CANTOR CRISTÃO</author>
    </authors>
  </properties>
  <lyrics>
    <verse name="v1">
      <lines>CONFIA SEMPRE, Ó CRENTE,<br/>NA LUTA POR JESUS,<br/>EM DEUS, POIS QUE À VITÓRIA<br/>COM GLÓRIA NOS CONDUZ.</lines>
    </verse>
    <verse name="v2">
      <lines>CONFIA EM DEUS,<br/>   NA LUTA POR JESUS;<br/>   CONFIA EM DEUS,<br/>   QUE SEMPRE NOS CONDUZ.</lines>
    </verse>
    <verse name="v3">
      <lines>NO MEIO DOS PERIGOS,<br/>SOFRENDO TENTAÇÕES,<br/>CONFIA EM DEUS, QUE SEMPRE<br/>VÊ TUAS AFLIÇÕES.</lines>
    </verse>
    <verse name="v4">
      <lines>JESUS É PODEROSO,<br/>AMIGO SEM IGUAL;<br/>CONFIA NELE, Ó CRENTE,<br/>ATÉ O DIA FINAL.</lines>
    </verse>
  </lyrics>
</song>
