<?xml version='1.0' encoding='UTF-8'?>
<song xmlns="http://openlyrics.info/namespace/2009/song" version="0.8" createdIn="OpenLP 2.2.1" modifiedIn="OpenLP 2.2.1" modifiedDate="2016-02-21T21:44:16">
  <properties>
    <titles>
      <title> CC 452 - DECISÃO</title>
    </titles>
    <authors>
      <author>CANTOR CRISTÃO</author>
    </authors>
  </properties>
  <lyrics>
    <verse name="v1">
      <lines>QUEM ESTÁ AO LADO DO BOM SALVADOR,<br/>PRONTO A DEDICAR-SE, AGORA, AO SEU SENHOR?<br/>TUDO ABANDONANDO PRA JESUS SEGUIR,<br/>ENCARANDO TUDO QUANTO POSSA VIR?</lines>
    </verse>
    <verse name="v2">
      <lines>QUEM DE CRISTO AO LADO SEMPRE QUER ANDAR<br/>   QUEM QUER AJUDÁ-LO OUTROS A CHAMAR?<br/>   PELA TUA GRAÇA, PELO TEU AMOR,<br/>   EIS-NOS A TEU LADO, SOMOS TEUS, SENHOR.</lines>
    </verse>
    <verse name="v3">
      <lines>NÃO AMBICIONANDO GLÓRIAS OU PODER,<br/>NOS ERGUEMOS FIRMES PARA COMBATER;<br/>QUEM O AMOR DE CRISTO LOGRA CONHECER,<br/>HÁ DE CONSTRANGIDO DO SEU LADO SER!</lines>
    </verse>
    <verse name="v4">
      <lines>NÃO COM OURO OU PRATA, Ó JESUS, SENHOR,<br/>FOMOS REDIMIDOS, MAS POR TEU AMOR;<br/>FOI COM TEU PRECIOSO SANGUE REMIDOR<br/>QUE NOS RESGATASTE; SOMOS TEUS, SENHOR!</lines>
    </verse>
    <verse name="v5">
      <lines>A PELEJA DURA SEMPRE TEM DE SER;<br/>INIMIGOS FORTES HEMOS NÓS DE TER;<br/>MAS ONIPOTENTE É CRISTO, O REI DOS REIS.<br/>A VITÓRIA É CERTA PARA OS SEUS FIÉIS.</lines>
    </verse>
  </lyrics>
</song>
