<?xml version='1.0' encoding='UTF-8'?>
<song xmlns="http://openlyrics.info/namespace/2009/song" version="0.8" createdIn="OpenLP 2.2.1" modifiedIn="OpenLP 2.2.1" modifiedDate="2016-02-21T21:44:12">
  <properties>
    <titles>
      <title> CC 431 - ACODE EM TEMPO</title>
    </titles>
    <authors>
      <author>CANTOR CRISTÃO</author>
    </authors>
  </properties>
  <lyrics>
    <verse name="v1">
      <lines>ACODE EM TEMPO! DEPRESSA, Ó IRMÃO!<br/>VALE AOS INCAUTOS NA VIL TENTAÇÃO!<br/>EIS COMO LUTAM, SEM TER MAIS VIGOR!<br/>OH, VEM, VEM LIVRÁ-LOS DE SORTE PIOR!</lines>
    </verse>
    <verse name="v2">
      <lines>ACODE EM TEMPO! ACODE EM TEMPO!<br/>   DEPRESSA VEM SOCORRER!<br/>   ACODE EM TEMPO! ACODE EM TEMPO!<br/>   VEM, VEM DEPRESSA VALER!</lines>
    </verse>
    <verse name="v3">
      <lines>ACODE EM TEMPO! NÃO VÊS TEU IRMÃO<br/>AGONIZANTE NA VIL CORRUPÇÃO<br/>NOSSO INIMIGO O PROCURA LANÇAR<br/>E SUA ALMA ANCIOSA NA MAL ARROJAR.</lines>
    </verse>
    <verse name="v4">
      <lines>ACODE EM TEMPO! COM DEDICAÇÃO<br/>LEVA A MENSAGEM DE DEUS - SALVAÇÃO!<br/>POR CRISTO, O MESTRE, SIM, VAMOS LUTAR;<br/>VAI PASSANDO O TEMPO, OH, VEM AJUDAR!</lines>
    </verse>
    <verse name="v5">
      <lines>EM BREVE O MUNDO TERÁ DE ACABAR,<br/>E ALMAS NO ABISMO TERÃO DE TOMBAR.<br/>ACODE EM TEMPO! SIM, FAZE LUZIR<br/>A LUZ SALVADORA DO ETERNO POVIR!</lines>
    </verse>
  </lyrics>
</song>
