<?xml version='1.0' encoding='UTF-8'?>
<song xmlns="http://openlyrics.info/namespace/2009/song" version="0.8" createdIn="OpenLP 2.2.1" modifiedIn="OpenLP 2.2.1" modifiedDate="2016-02-21T21:44:23">
  <properties>
    <titles>
      <title> CC 498 - A BELA CIDADE</title>
    </titles>
    <authors>
      <author>CANTOR CRISTÃO</author>
    </authors>
  </properties>
  <lyrics>
    <verse name="v1">
      <lines>TENHO LIDO DA BELA CIDADE,<br/>CONSTRUÍDA POR CRISTO NOS CÉUS;<br/>É MURADA DE JASPE LUZENTE<br/>E JUNCADA COM ÁUREOS TROFÉUS.<br/>E, NO MEIO DA PRAÇA, EIS O RIO<br/>DO VIGOR E DA VIDA ETERNAL;<br/>MAS METADE DA GLÓRIA CELESTE<br/>JAMAIS SE CONTOU AO MORTAL.</lines>
    </verse>
    <verse name="v2">
      <lines>JAMAIS SE CONTOU AO MORTAL;<br/>JAMAIS SE CONTOU AO MORTAL;<br/>METADE DA GLÓRIA CELESTE        (BIS)<br/>JAMAIS SE CONTOU AO MORTAL.</lines>
    </verse>
    <verse name="v3">
      <lines>TENHO LIDO DAS BELAS MORADAS<br/>QUE JESUS FOI NO CÉU PREPARAR,<br/>ONDE OS CRENTES FIÉIS PARA SEMPRE,<br/>MUI FELIZES IRÃO HABITAR.<br/>NEM TRISTEZA, NEM DOR, NEM GEMIDOS<br/>ENTRARÃO NA MANSÃO PATERNAL;<br/>MAS METADE DO GOZO CELESTE<br/>JAMAIS SE CONTOU AO MORTAL.</lines>
    </verse>
    <verse name="v4">
      <lines>TENHO LIDO DAS VESTES BRILHANTES,<br/>DAS COROAS QUE OS SANTOS TERÃO<br/>QUANDO O PAI OS CHAMAR E DISSER-LHES:<br/>""""RECEBEI O ETERNAL GALARDÃO.""""<br/>TENHO LIDO QUE OS SANTOS NA GLÓRIA<br/>PISARÃO RUAS DE OURO E CRISTAL;<br/>MAS METADE DA GLÓRIA CELESTE<br/>JAMAIS SE CONTOU AO MORTAL.</lines>
    </verse>
  </lyrics>
</song>
