<?xml version='1.0' encoding='UTF-8'?>
<song xmlns="http://openlyrics.info/namespace/2009/song" version="0.8" createdIn="OpenLP 2.2.1" modifiedIn="OpenLP 2.2.1" modifiedDate="2016-02-21T21:44:07">
  <properties>
    <titles>
      <title> CC 400 - JÚBILO</title>
    </titles>
    <authors>
      <author>CANTOR CRISTÃO</author>
    </authors>
  </properties>
  <lyrics>
    <verse name="v1">
      <lines>JESUS, SENHOR ALTÍSSIMO,<br/>A MORTE QUIS SOFRER,<br/>DE PECADORES MÍSEROS<br/>IRMÃOS SEUS QUIS FAZER.</lines>
    </verse>
    <verse name="v2">
      <lines>POR ISSO CANTO, CANTO TODO O DIA,<br/>   CRISTO ME ENCHE DE GOZO E ALEGRIA!</lines>
    </verse>
    <verse name="v3">
      <lines>COM INCESSANTE JÚBILO,<br/>PROCLAMO O AMOR DE DEUS,<br/>PORQUE ME ENXUGA AS LÁGRIMAS,<br/>E DIZ-ME:  """"TU ÉS MEU.""""</lines>
    </verse>
    <verse name="v4">
      <lines>É ESTA A HISTÓRIA ÚNICA<br/>DA COMPAIXÃO DE DEUS<br/>O MEU ALEGRE CÂNTICO<br/>AQUI E LÁ NOS CÉUS.</lines>
    </verse>
  </lyrics>
</song>
