<?xml version='1.0' encoding='UTF-8'?>
<song xmlns="http://openlyrics.info/namespace/2009/song" version="0.8" createdIn="OpenLP 2.2.1" modifiedIn="OpenLP 2.2.1" modifiedDate="2016-02-21T21:44:18">
  <properties>
    <titles>
      <title> CC 467 - AVANTE COM ALEGRIA</title>
    </titles>
    <authors>
      <author>CANTOR CRISTÃO</author>
    </authors>
  </properties>
  <lyrics>
    <verse name="v1">
      <lines>EIA, AVANTE, SEMPRE ALEGRES,<br/>VAI CONOSCO O SALVADOR;<br/>ELE NUNCA DEIXARÁ,<br/>NUNCA DESAMPARARÁ,<br/>QUEM CONFIA NO SEU GRANDE AMOR!</lines>
    </verse>
  </lyrics>
</song>
