<?xml version='1.0' encoding='UTF-8'?>
<song xmlns="http://openlyrics.info/namespace/2009/song" version="0.8" createdIn="OpenLP 2.2.1" modifiedIn="OpenLP 2.2.1" modifiedDate="2016-02-21T21:44:10">
  <properties>
    <titles>
      <title> CC 416 - FILHOS DA LUZ</title>
    </titles>
    <authors>
      <author>CANTOR CRISTÃO</author>
    </authors>
  </properties>
  <lyrics>
    <verse name="v1">
      <lines>FILHOS DA LUZ, QUE DESFRUTAIS PERDÃO,<br/>AMADOS DO SENHOR,<br/>ERGUEI-VOS COM FERVOR E RETIDÃO,<br/>VIVEI PRA SEU LOUVOR!<br/>CONFORME A GLÓRIA DESTA HERANÇA,<br/>MARCHAI COM TODA CONFIANÇA,  (BIS)<br/>ANDANDO EM LUZ, ANDANDO EM LUZ.</lines>
    </verse>
    <verse name="v2">
      <lines>FILHOS DA LUZ, EM SANTIDADE E PAZ<br/>VÓS PRECISAIS ANDAR,<br/>PEDINDO AUXÍLIO ESTÁVEL E EFICAZ,<br/>POIS TENDES DE LUTAR<br/>CONTRA INIMIGOS ARROJADOS;<br/>DEVEIS ESTAR BEM PREPARADOS;  (BIS)<br/>VIVEI NA LUZ, VIVEI NA LUZ.</lines>
    </verse>
    <verse name="v3">
      <lines>FILHOS DA LUZ, NASCIDOS SOIS DE DEUS,<br/>FUGI DE TODO O MAL;<br/>COM SANTO ZELO DEMANDAI OS CÉUS,<br/>A CASA PATERNAL!<br/>E, VIGILANTES, NÃO DORMINDO,<br/>AS HORAS COM TEMOR REMINDO,  (BIS)<br/>ANDAI NA LUZ, ANDAI NA LUZ.</lines>
    </verse>
    <verse name="v4">
      <lines>FILHOS DA LUZ, QUANDO AFINAL CHEGAR<br/>O DIA DO SENHOR,<br/>BENDITO O SERVO QUE ELE ENTÃO ACHAR<br/>SERVINDO-O COM AMOR!<br/>POIS COM PRAZER NO CÉU ENTRANDO,<br/>OS SALVOS CANTAM, EXALTANDO  (BIS)<br/>A DEUS EM LUZ, A DEUS EM LUZ.</lines>
    </verse>
  </lyrics>
</song>
