<?xml version='1.0' encoding='UTF-8'?>
<song xmlns="http://openlyrics.info/namespace/2009/song" version="0.8" createdIn="OpenLP 2.2.1" modifiedIn="OpenLP 2.2.1" modifiedDate="2016-02-21T21:44:15">
  <properties>
    <titles>
      <title> CC 446 - AVANÇAI</title>
    </titles>
    <authors>
      <author>CANTOR CRISTÃO</author>
    </authors>
  </properties>
  <lyrics>
    <verse name="v1">
      <lines>CONFIANDO NO SENHOR, AVANÇAI, AVANÇAI!<br/>ESPERANDO EM SEU AMOR, AVANÇAI!<br/>A JESUS SEMPRE EXALTAI,<br/>SEU PODER ANUNCIAI,<br/>SUA GRAÇA PROCLAMAI, AVANÇAI!</lines>
    </verse>
    <verse name="v2">
      <lines>SE VOS CHAMA A TRABALHAR, AVANÇAI, AVANÇAI!<br/>IDE AS NOVAS PROCLAMAR, AVANÇAI!<br/>COM SINCERA FÉ E AMOR,<br/>COMBATENDO COM FERVOR,<br/>E, SEGUINDO AO SALVADOR, AVANÇAI!</lines>
    </verse>
    <verse name="v3">
      <lines>CRISTO AVISA QUE VIRÁ, AVANÇAI, AVANÇAI!<br/>E O SEU POVO GUIARÁ; AVANÇAI!<br/>ELE ALMEJA VOS LEVAR<br/>PARA O CÉU, O ETERNO LAR,<br/>ONDE HAVÉIS DE DESCANSAR.  AVANÇAI!</lines>
    </verse>
  </lyrics>
</song>
