<?xml version='1.0' encoding='UTF-8'?>
<song xmlns="http://openlyrics.info/namespace/2009/song" version="0.8" createdIn="OpenLP 2.2.1" modifiedIn="OpenLP 2.2.1" modifiedDate="2016-02-21T21:44:14">
  <properties>
    <titles>
      <title> CC 439 - ORAÇÃO PELA PÁTRIA</title>
    </titles>
    <authors>
      <author>CANTOR CRISTÃO</author>
    </authors>
  </properties>
  <lyrics>
    <verse name="v1">
      <lines>MINHA PÁTRIA PARA CRISTO!<br/>EIS A MINHA PETIÇÃO;<br/>MINHA PÁTRIA TÃO QUERIDA<br/>EU TE DEI MEU CORAÇÃO,<br/>LAR PREZADO, LAR FORMOSO,<br/>É POR TI O MEU AMOR;<br/>QUE O MEU DEUS DE EXCELSA GRAÇA<br/>TE DISPENSE SEU FAVOR.</lines>
    </verse>
    <verse name="v2">
      <lines>QUERO, POIS, COM ALEGRIA,<br/>VER FELIZ A MÃE GENTIL,<br/>POR VENCER O EVANGELHO<br/>NESTA TERRA DO BRASIL.<br/>BRAVA GENTE BRASILEIRA,<br/>LONGE VÁ TEMOR SERVIL;<br/>OU FICAR A PÁTRIA SALVA,<br/>OU MORRER PELO BRASIL.</lines>
    </verse>
    <verse name="v3">
      <lines>SALVE DEUS A MINHA PÁTRIA,<br/>   MINHA PÁTRIA VARONIL!<br/>   SALVE DEUS A MINHA TERRA,<br/>   ESTA TERRA DO BRASIL.</lines>
    </verse>
  </lyrics>
</song>
