<?xml version='1.0' encoding='UTF-8'?>
<song xmlns="http://openlyrics.info/namespace/2009/song" version="0.8" createdIn="OpenLP 2.2.1" modifiedIn="OpenLP 2.2.1" modifiedDate="2016-02-21T21:44:19">
  <properties>
    <titles>
      <title> CC 475 - LUTAR</title>
    </titles>
    <authors>
      <author>CANTOR CRISTÃO</author>
    </authors>
  </properties>
  <lyrics>
    <verse name="v1">
      <lines>VAMOS BATALHAR, JUNTOS PELEJAR,<br/>TODOS GUERREAR, VAMOS JÁ!<br/>O INIMIGO QUE COM AS HOSTES VEM<br/>TÃO FEROZ E MAU, QUEM VENCERÁ?</lines>
    </verse>
    <verse name="v2">
      <lines>VAMOS, CRENTES, VAMOS JÁ AVANTE,<br/>   FIRMES SEMPRE CONTRA SATANÁS!<br/>   JESUS CRISTO É NOSSO COMANDANTE,<br/>   VAI CONOSCO O GENERAL CAPAZ.</lines>
    </verse>
    <verse name="v3">
      <lines>VAMOS AVANÇAR, SEM TEMOR ALÇAR<br/>E FAZER BRILHAR NOSSA LUZ!<br/>TREVAS VÃO FUGIR, GLÓRIAS HÃO DE VIR,<br/>VENHAM TODOS PROCLAMAR JESUS!</lines>
    </verse>
    <verse name="v4">
      <lines>Ó GLORIOSO PAI, O FIEL NÃO CAI,<br/>SEMPRE AVANTE VAI, VENCEDOR!<br/>QUANDO O FIM CHEGAR DESSE BATALHAR,<br/>VEM NOS COROAR, POR TEU AMOR!</lines>
    </verse>
  </lyrics>
</song>
