<?xml version='1.0' encoding='UTF-8'?>
<song xmlns="http://openlyrics.info/namespace/2009/song" version="0.8" createdIn="OpenLP 2.2.1" modifiedIn="OpenLP 2.2.1" modifiedDate="2016-02-21T21:44:08">
  <properties>
    <titles>
      <title> CC 407 - DITOSO DIA</title>
    </titles>
    <verseOrder>v1 v2 v3 v2 v4 v2</verseOrder>
    <authors>
      <author>CANTOR CRISTÃO</author>
    </authors>
  </properties>
  <lyrics>
    <verse name="v1">
      <lines>DITOSO O DIA EM QUE ACEITEI<br/>DO MEU SENHOR A SALVAÇÃO;<br/>A GRANDE PAZ QUE EU ALCANCEI<br/>PERDURA NO MEU CORAÇÃO.</lines>
    </verse>
    <verse name="v2">
      <lines>QUE PRAZER EU SENTI<br/>   NO DIA EM QUE ME CONVERTI!<br/>   AGORA SINTO O SEU AMOR,<br/>   E SEGURANÇA, PAZ, FERVOR.<br/>   SOU FELIZ!  TÃO FELIZ!<br/>   POIS EM JESUS ME SATISFIZ!</lines>
    </verse>
    <verse name="v3">
      <lines>AQUILO QUE EU ENTÃO VOTEI<br/>MINHA ALMA, SIM, O CUMPRIRÁ.<br/>EM CADA DIA RENDEREI<br/>LOUVOR A DEUS, QUE ME OUVIRÁ.</lines>
    </verse>
    <verse name="v4">
      <lines>EXULTA, POIS, MEU CORAÇÃO,<br/>NO FILHO DO SUPREMO DEUS;<br/>PORQUE TE DEU A REDENÇÃO<br/>E TROUXE-TE PERDÃO DOS CÉUS.</lines>
    </verse>
  </lyrics>
</song>
