<?xml version='1.0' encoding='UTF-8'?>
<song xmlns="http://openlyrics.info/namespace/2009/song" version="0.8" createdIn="OpenLP 2.2.1" modifiedIn="OpenLP 2.2.1" modifiedDate="2016-02-21T21:44:13">
  <properties>
    <titles>
      <title> CC 437 - AS BOAS-NOVAS</title>
    </titles>
    <authors>
      <author>CANTOR CRISTÃO</author>
    </authors>
  </properties>
  <lyrics>
    <verse name="v1">
      <lines>POVO DE DEUS, CUMPRI O VOSSO ENCARGO<br/>DE PROCLAMAR DO NOSSO DEUS O AMOR!<br/>POIS ELE, COMPASSIVO, NÃO DESEJA<br/>A PERDIÇÃO DO POBRE PECADOR.</lines>
    </verse>
    <verse name="v2">
      <lines>AS BOAS-NOVAS ANUNCIAI!<br/>   QUE DEUS NOS AMA, CONTENTES, PROCLAMAI!</lines>
    </verse>
    <verse name="v3">
      <lines>OH, CONTEMPLAI MILHARES QUE PERECEM<br/>PRESOS NAS GARRAS DO PECADO E MAL,<br/>SEM QUE HAJA QUEM, COM PENA, LHES INDIQUE<br/>CRISTO JESUS, LIBERTADOR REAL!</lines>
    </verse>
    <verse name="v4">
      <lines>NÃO CONSINTAIS QUE FIQUEM DESGARRADAS<br/>AS ALMAS PELAS QUAIS JESUS SOFREU;<br/>HAJA CUIDADO QUE NINGUÉM SE PERCA<br/>POR DESCUIDARMOS O MANDADO SEU!</lines>
    </verse>
    <verse name="v5">
      <lines>DISSEMINAI ENTRE AS NAÇÕES E TRIBOS<br/>QUE O NOSSO DEUS É O DEUS DO ETERNO AMOR;<br/>QUE ELE DEIXOU AS GLÓRIAS INFINITAS<br/>PARA SALVAR O MUNDO PECADOR.</lines>
    </verse>
    <verse name="v6">
      <lines>OH, CONSAGRAI OS VOSSOS BENS E FILHOS<br/>PRA DIFUNDIR DE CRISTO A SANTA LUZ!<br/>COM ORAÇÕES CONSTANTES, FERVOROSAS,<br/>AUXILIAI A CAUSA DE JESUS!</lines>
    </verse>
    <verse name="v7">
      <lines>EI-LO QUE VEM!  MAS ANTES DESSA VINDA<br/>APREGOAI A GRAÇA E SEU AMOR!<br/>QUE ESTEJAM PRONTOS TODOS OS REMIDOS<br/>PARA ACLAMÁ-LO:  CRISTO!  REDENTOR!</lines>
    </verse>
  </lyrics>
</song>
