<?xml version='1.0' encoding='UTF-8'?>
<song xmlns="http://openlyrics.info/namespace/2009/song" version="0.8" createdIn="OpenLP 2.2.1" modifiedIn="OpenLP 2.2.1" modifiedDate="2016-02-21T21:44:23">
  <properties>
    <titles>
      <title> CC 499 - TUDO FELIZ</title>
    </titles>
    <authors>
      <author>CANTOR CRISTÃO</author>
    </authors>
  </properties>
  <lyrics>
    <verse name="v1">
      <lines>SE INFELIZ NOS CORRE A VIDA TERREAL,<br/>TEMOS DE DEIXÁ-LA UM DIA,<br/>PARA IRMOS LOGO AO LAR CELESTIAL,<br/>ONDE TUDO É MUI FELIZ.</lines>
    </verse>
    <verse name="v2">
      <lines>MUITOS SÃO OS MALES NESTA VIDA AQUI;<br/>TEMOS DE DEIXÁ-LA UM DIA;<br/>ALEGRIA PLENA VAMOS TER ALI,<br/>ONDE TUDO É MUI FELIZ.</lines>
    </verse>
    <verse name="v3">
      <lines>A VITÓRIA CERTA QUE JESUS NOS DÁ,<br/>HEMOS DE GOZÁ-LA UM DIA;<br/>A PELEJA FINDA, CALMA NOS VIRÁ<br/>ONDE TUDO É MUI FELIZ.</lines>
    </verse>
    <verse name="v4">
      <lines>TODOS OS REMIDOS SE CONHECERÃO,<br/>SIM, ALI NO CÉU, UM DIA;<br/>NA ALEGRIA SANTA SEMPRE VIVERÃO,<br/>ONDE TUDO É MUI FELIZ.</lines>
    </verse>
    <verse name="v5">
      <lines>VAMOS VER JESUS ALI,<br/>   SUA SANTA PAZ FLUIR,<br/>   E COM ELE ESTAR,<br/>   SEU ROSTO CONTEMPLAR,<br/>   GRANDE GOZO DESFRUTAR.</lines>
    </verse>
  </lyrics>
</song>
