<?xml version='1.0' encoding='UTF-8'?>
<song xmlns="http://openlyrics.info/namespace/2009/song" version="0.8" createdIn="OpenLP 2.2.1" modifiedIn="OpenLP 2.2.1" modifiedDate="2016-02-21T21:44:10">
  <properties>
    <titles>
      <title> CC 415 - ALERTA</title>
    </titles>
    <authors>
      <author>CANTOR CRISTÃO</author>
    </authors>
  </properties>
  <lyrics>
    <verse name="v1">
      <lines>MINHA ALMA ALERTA VAI,<br/>EIS INIMIGOS MIL;<br/>DE SATANÁS A HOSTE SAI,<br/>COM ASSOMBROSO ARDIL.</lines>
    </verse>
    <verse name="v2">
      <lines>VELAR, ORAR, LIDAR<br/>SEM TRÉGUAS, SEM TEMOR;<br/>DE DIA EM DIA, E SEM CESSAR,<br/>PROSSEGUE EM TEU LABOR.</lines>
    </verse>
    <verse name="v3">
      <lines>NA LIDA, ATÉ MORRER,<br/>VAI SEMPRE COM TEU DEUS;<br/>POIS ELE VAI TE PROTEGER<br/>E COROAR NOS CÉUS.</lines>
    </verse>
  </lyrics>
</song>
