<?xml version='1.0' encoding='UTF-8'?>
<song xmlns="http://openlyrics.info/namespace/2009/song" version="0.8" createdIn="OpenLP 2.2.1" modifiedIn="OpenLP 2.2.1" modifiedDate="2016-02-21T21:44:22">
  <properties>
    <titles>
      <title> CC 493 - NO PARAÍSO</title>
    </titles>
    <authors>
      <author>CANTOR CRISTÃO</author>
    </authors>
  </properties>
  <lyrics>
    <verse name="v1">
      <lines>NO PARAÍSO DO CRISTÃO,<br/>PRAZERES SANTOS HÁ;<br/>E MUITOS MEUS QUERIDOS LÁ ESTÃO,<br/>OS QUAIS ME ESPERAM JÁ.</lines>
    </verse>
    <verse name="v2">
      <lines>ÀS PORTAS DE JERUSALÉM<br/>MEU SALVADOR ESTÁ;<br/>SEUS TERNOS BRAÇOS SEMPRE ABERTOS TEM,<br/>OS QUAIS ME ESPERAM LÁ.</lines>
    </verse>
    <verse name="v3">
      <lines>COROA LINDA EU LÁ TEREI<br/>QUE NUNCA MURCHARÁ,<br/>A QUAL DO MEU SENHOR RECEBEREI<br/>E QUE ME ESPERA LÁ.</lines>
    </verse>
    <verse name="v4">
      <lines>NAQUELE BELO E DOCE LAR,<br/>MEU CORAÇÃO JÁ ESTÁ.<br/>OH, COMO ALMEJO OS ROSTOS CONTEMPLAR<br/>DOS QUE ME ESPERAM LÁ!</lines>
    </verse>
    <verse name="v5">
      <lines>ESPERAM LÁ, ESPERAM LÁ,<br/>   MEUS QUERIDOS LÁ NO CÉU ME ESPERAM JÁ;<br/>   ESPERAM LÁ, ESPERAM LÁ,<br/>   MEUS QUERIDOS LÁ NO CÉU ME ESPERAM JÁ.</lines>
    </verse>
  </lyrics>
</song>
