<?xml version='1.0' encoding='UTF-8'?>
<song xmlns="http://openlyrics.info/namespace/2009/song" version="0.8" createdIn="OpenLP 2.2.1" modifiedIn="OpenLP 2.2.1" modifiedDate="2016-02-21T21:44:21">
  <properties>
    <titles>
      <title> CC 488 - CADA VEZ MAIS</title>
    </titles>
    <authors>
      <author>CANTOR CRISTÃO</author>
    </authors>
  </properties>
  <lyrics>
    <verse name="v1">
      <lines>É GRATO RELEMBRAR<br/>QUE CADA DIA ESTOU<br/>MAIS PERTO DO CELESTE LAR<br/>EM QUE MORAR EU VOU.</lines>
    </verse>
    <verse name="v2">
      <lines>CADA VEZ MAIS,<br/>   CADA VEZ MAIS,<br/>   PERTO ESTOU DO ETERNO LAR<br/>   EM QUE MORAR EU VOU.</lines>
    </verse>
    <verse name="v3">
      <lines>MAIS PERTO ESTOU DOS CÉUS,<br/>MEU LAR, MEU IDEAL;<br/>MAIS PERTO DOS AMADOS MEUS,<br/>NA CASA PATERNAL.</lines>
    </verse>
    <verse name="v4">
      <lines>EM BREVE VOU PARTIR<br/>PARA ONDE NÃO HÁ DOR;<br/>PRAZER INFINDO VOU FRUIR<br/>COM CRISTO, MEU SENHOR.</lines>
    </verse>
    <verse name="v5">
      <lines>OH, QUANDO ALI CHEGAR<br/>SEREI, ENTÃO, FELIZ!<br/>DESCANSO E PAZ IREI GOZAR<br/>NAQUELE BOM PAÍS.</lines>
    </verse>
    <verse name="v6">
      <lines>EU SEMPRE QUERO ESTAR<br/>AO LADO TEU, SENHOR,<br/>ATÉ QUE POSSA DESCANSAR<br/>NAQUELE LAR DE AMOR.</lines>
    </verse>
  </lyrics>
</song>
