<?xml version='1.0' encoding='UTF-8'?>
<song xmlns="http://openlyrics.info/namespace/2009/song" version="0.8" createdIn="OpenLP 2.2.1" modifiedIn="OpenLP 2.2.1" modifiedDate="2016-02-21T21:44:15">
  <properties>
    <titles>
      <title> CC 448 - IDE</title>
    </titles>
    <authors>
      <author>CANTOR CRISTÃO</author>
    </authors>
  </properties>
  <lyrics>
    <verse name="v1">
      <lines>CRISTO, DIVINO REI, PARA OS PERDIDOS<br/>LAUTO BANQUETE MANDOU PREPARAR;<br/>IDE, POIS, SERVOS SEUS, IDE APRESSADOS,<br/>OS CONVIDADOS FAZEI, POIS, ENTRAR.</lines>
    </verse>
    <verse name="v2">
      <lines>IDE, POIS, SERVOS SEUS, IDE APRESSADOS!<br/>   CRISTO OS FAMINTOS QUER HOJE FARTAR.</lines>
    </verse>
    <verse name="v3">
      <lines>SE ELES RECUSAM VIR, OH, COM PACIÊNCIA<br/>NOVOS CONVITES A ELES LEVAI!<br/>SEDE ANIMOSOS, AINDA QUE ZOMBEM,<br/>VOSSO CONVITE DE AMOR RENOVAI!</lines>
    </verse>
    <verse name="v4">
      <lines>CRISTO VOS MANDA IR PELAS ESTRADAS,<br/>MANCOS E CEGOS À CEIA TRAZER;<br/>IDE, POIS, SERVOS SEUS, IDE APRESSADOS!<br/>CRISTO NAS BODAS A TODOS QUER VER.</lines>
    </verse>
  </lyrics>
</song>
