<?xml version='1.0' encoding='UTF-8'?>
<song xmlns="http://openlyrics.info/namespace/2009/song" version="0.8" createdIn="OpenLP 2.2.1" modifiedIn="OpenLP 2.2.1" modifiedDate="2016-02-21T21:44:12">
  <properties>
    <titles>
      <title> CC 427 - CONQUISTAR O MUNDO</title>
    </titles>
    <authors>
      <author>CANTOR CRISTÃO</author>
    </authors>
  </properties>
  <lyrics>
    <verse name="v1">
      <lines>""""O MUNDO VASTO IMENSO,<br/>PRA CRISTO CONQUISTAR""""-<br/>ESTE É O GRANDE LEMA<br/>DO NOSSO LABUTAR.<br/>HUMILDE, DESPREZADO,<br/>POR NÓS NA CRUZ MORREU;<br/>GLORIFICADO REINA<br/>NA TERRA E LÁ NO CÉU.</lines>
    </verse>
    <verse name="v2">
      <lines>SIM, CONQUISTAR<br/>   O MUNDO PRA CRISTO!<br/>   O MUNDO, SIM,<br/>   PRA CRISTO, O SALVADOR!</lines>
    </verse>
    <verse name="v3">
      <lines>O MUNDO VASTO, IMENSO:<br/>O POVO DO BRASIL,<br/>NAÇÕES ALÉM DOS MARES,<br/>FAMÍLIAS, TRIBOS MIL,<br/>OS POVOS DA EUROPA,<br/>DA CHINA, DO JAPÃO,<br/>A TODOS PROCLAMEMOS<br/>DE CRISTO A SALVAÇÃO!</lines>
    </verse>
    <verse name="v4">
      <lines>O MUNDO VASTO, IMENSO:<br/>SEUS LARES, CORAÇÕES,<br/>IMPÉRIOS, TRONOS, REINOS,<br/>AS GRANDES MULTIDÕES<br/>AO SALVADOR BENDITO<br/>TERÃO DE SE ENTREGAR,<br/>POIS NO UNIVERSO INTEIRO<br/>JESUS HÁ DE IMPERAR!</lines>
    </verse>
  </lyrics>
</song>
