<?xml version='1.0' encoding='UTF-8'?>
<song xmlns="http://openlyrics.info/namespace/2009/song" version="0.8" createdIn="OpenLP 2.2.1" modifiedIn="OpenLP 2.2.1" modifiedDate="2016-02-21T21:44:23">
  <properties>
    <titles>
      <title> CC 500 - GLÓRIA PRA MIM</title>
    </titles>
    <authors>
      <author>CANTOR CRISTÃO</author>
    </authors>
  </properties>
  <lyrics>
    <verse name="v1">
      <lines>QUANDO MEU TEMPO DE LUTAS PASSAR,<br/>QUANDO MEU DEUS PARA SI ME CHAMAR,<br/>GRATO, PERANTE JESUS HEI DE ESTAR;<br/>GLÓRIA PERENE SERÁ PARA MIM!</lines>
    </verse>
    <verse name="v2">
      <lines>SIM, HÁ DE SER GLÓRIA PRA MIM!<br/>   GLÓRIA PRA MIM!  GLÓRIA PRA MIM!<br/>   QUANDO PUDER O SEU ROSTO MIRAR,<br/>   OH, HÁ DE SER GRANDE GLÓRIA PRA MIM!</lines>
    </verse>
    <verse name="v3">
      <lines>QUANDO, POR GRAÇA DO SEU GRANDE AMOR,<br/>EU ALCANÇAR O INFINITO FAVOR<br/>DE IR PARA PERTO DO MEU SALVADOR,<br/>GLÓRIA PERENE SERÁ PRA MIM!</lines>
    </verse>
    <verse name="v4">
      <lines>MUITOS AMIGOS ALI HEI DE ACHAR,<br/>PAZ, ALEGRIA, ETERNAL BEM-ESTAR;<br/>MAS QUANDO MEU SALVADOR ME SAUDAR,<br/>GLÓRIA PERENE SERÁ PRA MIM!</lines>
    </verse>
  </lyrics>
</song>
