<?xml version='1.0' encoding='UTF-8'?>
<song xmlns="http://openlyrics.info/namespace/2009/song" version="0.8" createdIn="OpenLP 2.2.1" modifiedIn="OpenLP 2.2.1" modifiedDate="2016-02-21T21:44:23">
  <properties>
    <titles>
      <title> CC 502 - UM POUCO MAIS</title>
    </titles>
    <authors>
      <author>CANTOR CRISTÃO</author>
    </authors>
  </properties>
  <lyrics>
    <verse name="v1">
      <lines>UM POUCO MAIS, E PARTIREI<br/>PARA ONDE NÃO HÁ DOR;<br/>UM POUCO MAIS, E VIVEREI<br/>COM CRISTO, O SALVADOR.</lines>
    </verse>
    <verse name="v2">
      <lines>UM POUCO MAIS, E EU ENTRAREI<br/>NO GOZO ALÉM DO VÉU;<br/>COM OS REMIDOS ESTAREI<br/>PRA SEMPRE ALI NO CÉU.</lines>
    </verse>
    <verse name="v3">
      <lines>UM POUCO MAIS, E ENCONTRAREI<br/>AMADOS FIÉIS;<br/>COM ELES SEMPRE ENTOAREI<br/>LOUVOR AO REI DOS REIS.</lines>
    </verse>
    <verse name="v4">
      <lines>UM POUCO MAIS, E EU OUVIREI<br/>A VOZ DO SALVADOR:<br/>""""FIEL, BOM SERVO, VEM ENTRAR<br/>NO GOZO DO SENHOR.""""</lines>
    </verse>
    <verse name="v5">
      <lines>UM POUCO MAIS, EU VOU SAUDAR<br/>   NO CÉU O MEU SENHOR;<br/>   E ALI SEM FIM HEI DE EXALTAR<br/>   A GRAÇA E SEU AMOR.</lines>
    </verse>
  </lyrics>
</song>
